inputFileName,outputFileName,done,batchNumber,newOutputFileName
ecg_diagnosis_input_1997_chunk65.txt,ecg_diagnosis_input_1997_chunk65.txt,1,1,ecg_diagnosis_deID_1997_chunk65.txt
ecg_diagnosis_input_2012_chunk34.txt,ecg_diagnosis_input_2012_chunk34.txt,1,1,ecg_diagnosis_deID_2012_chunk34.txt
ecg_diagnosis_input_2019_chunk421.txt,ecg_diagnosis_input_2019_chunk421.txt,1,1,ecg_diagnosis_deID_2019_chunk421.txt
ecg_diagnosis_input_2018_chunk87.txt,ecg_diagnosis_input_2018_chunk87.txt,1,1,ecg_diagnosis_deID_2018_chunk87.txt
ecg_diagnosis_input_2004_chunk92.txt,ecg_diagnosis_input_2004_chunk92.txt,1,1,ecg_diagnosis_deID_2004_chunk92.txt
ecg_diagnosis_input_2021_chunk316.txt,ecg_diagnosis_input_2021_chunk316.txt,1,1,ecg_diagnosis_deID_2021_chunk316.txt
ecg_diagnosis_input_1995_chunk109.txt,ecg_diagnosis_input_1995_chunk109.txt,1,1,ecg_diagnosis_deID_1995_chunk109.txt
ecg_diagnosis_input_2021_chunk470.txt,ecg_diagnosis_input_2021_chunk470.txt,1,1,ecg_diagnosis_deID_2021_chunk470.txt
ecg_diagnosis_input_2014_chunk268.txt,ecg_diagnosis_input_2014_chunk268.txt,1,1,ecg_diagnosis_deID_2014_chunk268.txt
ecg_diagnosis_input_2019_chunk347.txt,ecg_diagnosis_input_2019_chunk347.txt,1,1,ecg_diagnosis_deID_2019_chunk347.txt
ecg_diagnosis_input_2019_chunk353.txt,ecg_diagnosis_input_2019_chunk353.txt,1,1,ecg_diagnosis_deID_2019_chunk353.txt
ecg_diagnosis_input_2021_chunk464.txt,ecg_diagnosis_input_2021_chunk464.txt,1,1,ecg_diagnosis_deID_2021_chunk464.txt
ecg_diagnosis_input_2018_chunk93.txt,ecg_diagnosis_input_2018_chunk93.txt,1,1,ecg_diagnosis_deID_2018_chunk93.txt
ecg_diagnosis_input_2004_chunk86.txt,ecg_diagnosis_input_2004_chunk86.txt,1,1,ecg_diagnosis_deID_2004_chunk86.txt
ecg_diagnosis_input_2021_chunk302.txt,ecg_diagnosis_input_2021_chunk302.txt,1,1,ecg_diagnosis_deID_2021_chunk302.txt
ecg_diagnosis_input_2015_chunk119.txt,ecg_diagnosis_input_2015_chunk119.txt,1,1,ecg_diagnosis_deID_2015_chunk119.txt
ecg_diagnosis_input_1997_chunk71.txt,ecg_diagnosis_input_1997_chunk71.txt,1,1,ecg_diagnosis_deID_1997_chunk71.txt
ecg_diagnosis_input_2003_chunk49.txt,ecg_diagnosis_input_2003_chunk49.txt,1,1,ecg_diagnosis_deID_2003_chunk49.txt
ecg_diagnosis_input_2012_chunk20.txt,ecg_diagnosis_input_2012_chunk20.txt,1,1,ecg_diagnosis_deID_2012_chunk20.txt
ecg_diagnosis_input_1986_chunk18.txt,ecg_diagnosis_input_1986_chunk18.txt,1,1,ecg_diagnosis_deID_1986_chunk18.txt
ecg_diagnosis_input_2019_chunk435.txt,ecg_diagnosis_input_2019_chunk435.txt,1,1,ecg_diagnosis_deID_2019_chunk435.txt
ecg_diagnosis_input_2012_chunk333.txt,ecg_diagnosis_input_2012_chunk333.txt,1,1,ecg_diagnosis_deID_2012_chunk333.txt
ecg_diagnosis_input_1990_chunk96.txt,ecg_diagnosis_input_1990_chunk96.txt,1,1,ecg_diagnosis_deID_1990_chunk96.txt
ecg_diagnosis_input_2009_chunk8.txt,ecg_diagnosis_input_2009_chunk8.txt,1,1,ecg_diagnosis_deID_2009_chunk8.txt
ecg_diagnosis_input_1995_chunk135.txt,ecg_diagnosis_input_1995_chunk135.txt,1,1,ecg_diagnosis_deID_1995_chunk135.txt
ecg_diagnosis_input_2013_chunk2.txt,ecg_diagnosis_input_2013_chunk2.txt,1,1,ecg_diagnosis_deID_2013_chunk2.txt
ecg_diagnosis_input_2015_chunk131.txt,ecg_diagnosis_input_2015_chunk131.txt,1,1,ecg_diagnosis_deID_2015_chunk131.txt
ecg_diagnosis_input_2003_chunk61.txt,ecg_diagnosis_input_2003_chunk61.txt,1,1,ecg_diagnosis_deID_2003_chunk61.txt
ecg_diagnosis_input_1997_chunk59.txt,ecg_diagnosis_input_1997_chunk59.txt,1,1,ecg_diagnosis_deID_1997_chunk59.txt
ecg_diagnosis_input_1986_chunk30.txt,ecg_diagnosis_input_1986_chunk30.txt,1,1,ecg_diagnosis_deID_1986_chunk30.txt
ecg_diagnosis_input_2021_chunk98.txt,ecg_diagnosis_input_2021_chunk98.txt,1,1,ecg_diagnosis_deID_2021_chunk98.txt
ecg_diagnosis_input_2001_chunk137.txt,ecg_diagnosis_input_2001_chunk137.txt,1,1,ecg_diagnosis_deID_2001_chunk137.txt
ecg_diagnosis_input_2014_chunk254.txt,ecg_diagnosis_input_2014_chunk254.txt,1,1,ecg_diagnosis_deID_2014_chunk254.txt
ecg_diagnosis_input_2021_chunk458.txt,ecg_diagnosis_input_2021_chunk458.txt,1,1,ecg_diagnosis_deID_2021_chunk458.txt
ecg_diagnosis_input_2014_chunk240.txt,ecg_diagnosis_input_2014_chunk240.txt,1,1,ecg_diagnosis_deID_2014_chunk240.txt
ecg_diagnosis_input_1981_chunk9.txt,ecg_diagnosis_input_1981_chunk9.txt,1,1,ecg_diagnosis_deID_1981_chunk9.txt
ecg_diagnosis_input_2001_chunk123.txt,ecg_diagnosis_input_2001_chunk123.txt,1,1,ecg_diagnosis_deID_2001_chunk123.txt
ecg_diagnosis_input_2015_chunk125.txt,ecg_diagnosis_input_2015_chunk125.txt,1,1,ecg_diagnosis_deID_2015_chunk125.txt
ecg_diagnosis_input_2003_chunk75.txt,ecg_diagnosis_input_2003_chunk75.txt,1,1,ecg_diagnosis_deID_2003_chunk75.txt
ecg_diagnosis_input_2019_chunk409.txt,ecg_diagnosis_input_2019_chunk409.txt,1,1,ecg_diagnosis_deID_2019_chunk409.txt
ecg_diagnosis_input_1986_chunk24.txt,ecg_diagnosis_input_1986_chunk24.txt,1,1,ecg_diagnosis_deID_1986_chunk24.txt
ecg_diagnosis_input_2012_chunk327.txt,ecg_diagnosis_input_2012_chunk327.txt,1,1,ecg_diagnosis_deID_2012_chunk327.txt
ecg_diagnosis_input_1990_chunk82.txt,ecg_diagnosis_input_1990_chunk82.txt,1,1,ecg_diagnosis_deID_1990_chunk82.txt
ecg_diagnosis_input_1995_chunk121.txt,ecg_diagnosis_input_1995_chunk121.txt,1,1,ecg_diagnosis_deID_1995_chunk121.txt
ecg_diagnosis_input_2018_chunk44.txt,ecg_diagnosis_input_2018_chunk44.txt,1,1,ecg_diagnosis_deID_2018_chunk44.txt
ecg_diagnosis_input_2015_chunk38.txt,ecg_diagnosis_input_2015_chunk38.txt,1,1,ecg_diagnosis_deID_2015_chunk38.txt
ecg_diagnosis_input_2004_chunk51.txt,ecg_diagnosis_input_2004_chunk51.txt,1,1,ecg_diagnosis_deID_2004_chunk51.txt
ecg_diagnosis_input_2005_chunk117.txt,ecg_diagnosis_input_2005_chunk117.txt,1,1,ecg_diagnosis_deID_2005_chunk117.txt
ecg_diagnosis_input_1990_chunk69.txt,ecg_diagnosis_input_1990_chunk69.txt,1,1,ecg_diagnosis_deID_1990_chunk69.txt
ecg_diagnosis_input_2021_chunk67.txt,ecg_diagnosis_input_2021_chunk67.txt,1,1,ecg_diagnosis_deID_2021_chunk67.txt
ecg_diagnosis_input_2010_chunk274.txt,ecg_diagnosis_input_2010_chunk274.txt,1,1,ecg_diagnosis_deID_2010_chunk274.txt
ecg_diagnosis_input_2016_chunk313.txt,ecg_diagnosis_input_2016_chunk313.txt,1,1,ecg_diagnosis_deID_2016_chunk313.txt
ecg_diagnosis_input_2019_chunk384.txt,ecg_diagnosis_input_2019_chunk384.txt,1,1,ecg_diagnosis_deID_2019_chunk384.txt
ecg_diagnosis_input_1991_chunk115.txt,ecg_diagnosis_input_1991_chunk115.txt,1,1,ecg_diagnosis_deID_1991_chunk115.txt
ecg_diagnosis_input_2011_chunk111.txt,ecg_diagnosis_input_2011_chunk111.txt,1,1,ecg_diagnosis_deID_2011_chunk111.txt
ecg_diagnosis_input_2022_chunk108.txt,ecg_diagnosis_input_2022_chunk108.txt,1,1,ecg_diagnosis_deID_2022_chunk108.txt
ecg_diagnosis_input_2011_chunk105.txt,ecg_diagnosis_input_2011_chunk105.txt,1,1,ecg_diagnosis_deID_2011_chunk105.txt
ecg_diagnosis_input_2009_chunk349.txt,ecg_diagnosis_input_2009_chunk349.txt,1,1,ecg_diagnosis_deID_2009_chunk349.txt
ecg_diagnosis_input_2016_chunk307.txt,ecg_diagnosis_input_2016_chunk307.txt,1,1,ecg_diagnosis_deID_2016_chunk307.txt
ecg_diagnosis_input_2019_chunk390.txt,ecg_diagnosis_input_2019_chunk390.txt,1,1,ecg_diagnosis_deID_2019_chunk390.txt
ecg_diagnosis_input_1991_chunk101.txt,ecg_diagnosis_input_1991_chunk101.txt,1,1,ecg_diagnosis_deID_1991_chunk101.txt
ecg_diagnosis_input_2021_chunk73.txt,ecg_diagnosis_input_2021_chunk73.txt,1,1,ecg_diagnosis_deID_2021_chunk73.txt
ecg_diagnosis_input_2010_chunk260.txt,ecg_diagnosis_input_2010_chunk260.txt,1,1,ecg_diagnosis_deID_2010_chunk260.txt
ecg_diagnosis_input_2018_chunk50.txt,ecg_diagnosis_input_2018_chunk50.txt,1,1,ecg_diagnosis_deID_2018_chunk50.txt
ecg_diagnosis_input_1981_chunk14.txt,ecg_diagnosis_input_1981_chunk14.txt,1,1,ecg_diagnosis_deID_1981_chunk14.txt
ecg_diagnosis_input_2005_chunk103.txt,ecg_diagnosis_input_2005_chunk103.txt,1,1,ecg_diagnosis_deID_2005_chunk103.txt
ecg_diagnosis_input_2004_chunk45.txt,ecg_diagnosis_input_2004_chunk45.txt,1,1,ecg_diagnosis_deID_2004_chunk45.txt
ecg_diagnosis_input_2009_chunk39.txt,ecg_diagnosis_input_2009_chunk39.txt,1,1,ecg_diagnosis_deID_2009_chunk39.txt
ecg_diagnosis_input_2016_chunk449.txt,ecg_diagnosis_input_2016_chunk449.txt,1,1,ecg_diagnosis_deID_2016_chunk449.txt
ecg_diagnosis_input_2010_chunk248.txt,ecg_diagnosis_input_2010_chunk248.txt,1,1,ecg_diagnosis_deID_2010_chunk248.txt
ecg_diagnosis_input_2018_chunk78.txt,ecg_diagnosis_input_2018_chunk78.txt,1,1,ecg_diagnosis_deID_2018_chunk78.txt
ecg_diagnosis_input_2009_chunk11.txt,ecg_diagnosis_input_2009_chunk11.txt,1,1,ecg_diagnosis_deID_2009_chunk11.txt
ecg_diagnosis_input_1990_chunk55.txt,ecg_diagnosis_input_1990_chunk55.txt,1,1,ecg_diagnosis_deID_1990_chunk55.txt
ecg_diagnosis_input_2014_chunk297.txt,ecg_diagnosis_input_2014_chunk297.txt,1,1,ecg_diagnosis_deID_2014_chunk297.txt
ecg_diagnosis_input_2022_chunk134.txt,ecg_diagnosis_input_2022_chunk134.txt,1,1,ecg_diagnosis_deID_2022_chunk134.txt
ecg_diagnosis_input_2014_chunk283.txt,ecg_diagnosis_input_2014_chunk283.txt,1,1,ecg_diagnosis_deID_2014_chunk283.txt
ecg_diagnosis_input_2011_chunk139.txt,ecg_diagnosis_input_2011_chunk139.txt,1,1,ecg_diagnosis_deID_2011_chunk139.txt
ecg_diagnosis_input_2022_chunk120.txt,ecg_diagnosis_input_2022_chunk120.txt,1,1,ecg_diagnosis_deID_2022_chunk120.txt
ecg_diagnosis_input_2015_chunk10.txt,ecg_diagnosis_input_2015_chunk10.txt,1,1,ecg_diagnosis_deID_2015_chunk10.txt
ecg_diagnosis_input_1990_chunk41.txt,ecg_diagnosis_input_1990_chunk41.txt,1,1,ecg_diagnosis_deID_1990_chunk41.txt
ecg_diagnosis_input_2004_chunk79.txt,ecg_diagnosis_input_2004_chunk79.txt,1,1,ecg_diagnosis_deID_2004_chunk79.txt
ecg_diagnosis_input_2013_chunk268.txt,ecg_diagnosis_input_2013_chunk268.txt,1,1,ecg_diagnosis_deID_2013_chunk268.txt
ecg_diagnosis_input_2020_chunk271.txt,ecg_diagnosis_input_2020_chunk271.txt,1,1,ecg_diagnosis_deID_2020_chunk271.txt
ecg_diagnosis_input_1985_chunk43.txt,ecg_diagnosis_input_1985_chunk43.txt,1,1,ecg_diagnosis_deID_1985_chunk43.txt
ecg_diagnosis_input_2019_chunk145.txt,ecg_diagnosis_input_2019_chunk145.txt,1,1,ecg_diagnosis_deID_2019_chunk145.txt
ecg_diagnosis_input_2000_chunk12.txt,ecg_diagnosis_input_2000_chunk12.txt,1,1,ecg_diagnosis_deID_2000_chunk12.txt
ecg_diagnosis_input_1999_chunk56.txt,ecg_diagnosis_input_1999_chunk56.txt,1,1,ecg_diagnosis_deID_1999_chunk56.txt
ecg_diagnosis_input_1999_chunk141.txt,ecg_diagnosis_input_1999_chunk141.txt,1,1,ecg_diagnosis_deID_1999_chunk141.txt
ecg_diagnosis_input_2018_chunk220.txt,ecg_diagnosis_input_2018_chunk220.txt,1,1,ecg_diagnosis_deID_2018_chunk220.txt
ecg_diagnosis_input_2021_chunk114.txt,ecg_diagnosis_input_2021_chunk114.txt,1,1,ecg_diagnosis_deID_2021_chunk114.txt
ecg_diagnosis_input_1992_chunk109.txt,ecg_diagnosis_input_1992_chunk109.txt,1,1,ecg_diagnosis_deID_1992_chunk109.txt
ecg_diagnosis_input_2020_chunk517.txt,ecg_diagnosis_input_2020_chunk517.txt,1,1,ecg_diagnosis_deID_2020_chunk517.txt
ecg_diagnosis_input_2020_chunk503.txt,ecg_diagnosis_input_2020_chunk503.txt,1,1,ecg_diagnosis_deID_2020_chunk503.txt
ecg_diagnosis_input_2018_chunk234.txt,ecg_diagnosis_input_2018_chunk234.txt,1,1,ecg_diagnosis_deID_2018_chunk234.txt
ecg_diagnosis_input_2021_chunk100.txt,ecg_diagnosis_input_2021_chunk100.txt,1,1,ecg_diagnosis_deID_2021_chunk100.txt
ecg_diagnosis_input_2012_chunk119.txt,ecg_diagnosis_input_2012_chunk119.txt,1,1,ecg_diagnosis_deID_2012_chunk119.txt
ecg_diagnosis_input_1999_chunk155.txt,ecg_diagnosis_input_1999_chunk155.txt,1,1,ecg_diagnosis_deID_1999_chunk155.txt
ecg_diagnosis_input_2009_chunk188.txt,ecg_diagnosis_input_2009_chunk188.txt,1,1,ecg_diagnosis_deID_2009_chunk188.txt
ecg_diagnosis_input_2020_chunk265.txt,ecg_diagnosis_input_2020_chunk265.txt,1,1,ecg_diagnosis_deID_2020_chunk265.txt
ecg_diagnosis_input_2019_chunk151.txt,ecg_diagnosis_input_2019_chunk151.txt,1,1,ecg_diagnosis_deID_2019_chunk151.txt
ecg_diagnosis_input_1999_chunk42.txt,ecg_diagnosis_input_1999_chunk42.txt,1,1,ecg_diagnosis_deID_1999_chunk42.txt
ecg_diagnosis_input_2006_chunk137.txt,ecg_diagnosis_input_2006_chunk137.txt,1,1,ecg_diagnosis_deID_2006_chunk137.txt
ecg_diagnosis_input_2016_chunk88.txt,ecg_diagnosis_input_2016_chunk88.txt,1,1,ecg_diagnosis_deID_2016_chunk88.txt
ecg_diagnosis_input_2013_chunk254.txt,ecg_diagnosis_input_2013_chunk254.txt,1,1,ecg_diagnosis_deID_2013_chunk254.txt
ecg_diagnosis_input_2011_chunk47.txt,ecg_diagnosis_input_2011_chunk47.txt,1,1,ecg_diagnosis_deID_2011_chunk47.txt
ecg_diagnosis_input_1994_chunk16.txt,ecg_diagnosis_input_1994_chunk16.txt,1,1,ecg_diagnosis_deID_1994_chunk16.txt
ecg_diagnosis_input_2019_chunk179.txt,ecg_diagnosis_input_2019_chunk179.txt,1,1,ecg_diagnosis_deID_2019_chunk179.txt
ecg_diagnosis_input_2015_chunk333.txt,ecg_diagnosis_input_2015_chunk333.txt,1,1,ecg_diagnosis_deID_2015_chunk333.txt
ecg_diagnosis_input_2007_chunk252.txt,ecg_diagnosis_input_2007_chunk252.txt,1,1,ecg_diagnosis_deID_2007_chunk252.txt
ecg_diagnosis_input_2021_chunk128.txt,ecg_diagnosis_input_2021_chunk128.txt,1,1,ecg_diagnosis_deID_2021_chunk128.txt
ecg_diagnosis_input_2012_chunk131.txt,ecg_diagnosis_input_2012_chunk131.txt,1,1,ecg_diagnosis_deID_2012_chunk131.txt
ecg_diagnosis_input_2018_chunk208.txt,ecg_diagnosis_input_2018_chunk208.txt,1,1,ecg_diagnosis_deID_2018_chunk208.txt
ecg_diagnosis_input_2012_chunk125.txt,ecg_diagnosis_input_2012_chunk125.txt,1,1,ecg_diagnosis_deID_2012_chunk125.txt
ecg_diagnosis_input_2015_chunk327.txt,ecg_diagnosis_input_2015_chunk327.txt,1,1,ecg_diagnosis_deID_2015_chunk327.txt
ecg_diagnosis_input_2007_chunk246.txt,ecg_diagnosis_input_2007_chunk246.txt,1,1,ecg_diagnosis_deID_2007_chunk246.txt
ecg_diagnosis_input_2013_chunk240.txt,ecg_diagnosis_input_2013_chunk240.txt,1,1,ecg_diagnosis_deID_2013_chunk240.txt
ecg_diagnosis_input_2011_chunk53.txt,ecg_diagnosis_input_2011_chunk53.txt,1,1,ecg_diagnosis_deID_2011_chunk53.txt
ecg_diagnosis_input_2020_chunk259.txt,ecg_diagnosis_input_2020_chunk259.txt,1,1,ecg_diagnosis_deID_2020_chunk259.txt
ecg_diagnosis_input_1988_chunk17.txt,ecg_diagnosis_input_1988_chunk17.txt,1,1,ecg_diagnosis_deID_1988_chunk17.txt
ecg_diagnosis_input_2006_chunk123.txt,ecg_diagnosis_input_2006_chunk123.txt,1,1,ecg_diagnosis_deID_2006_chunk123.txt
ecg_diagnosis_input_1996_chunk115.txt,ecg_diagnosis_input_1996_chunk115.txt,1,1,ecg_diagnosis_deID_1996_chunk115.txt
ecg_diagnosis_input_1993_chunk26.txt,ecg_diagnosis_input_1993_chunk26.txt,1,1,ecg_diagnosis_deID_1993_chunk26.txt
ecg_diagnosis_input_2011_chunk313.txt,ecg_diagnosis_input_2011_chunk313.txt,1,1,ecg_diagnosis_deID_2011_chunk313.txt
ecg_diagnosis_input_2016_chunk77.txt,ecg_diagnosis_input_2016_chunk77.txt,1,1,ecg_diagnosis_deID_2016_chunk77.txt
ecg_diagnosis_input_2022_chunk28.txt,ecg_diagnosis_input_2022_chunk28.txt,1,1,ecg_diagnosis_deID_2022_chunk28.txt
ecg_diagnosis_input_2019_chunk186.txt,ecg_diagnosis_input_2019_chunk186.txt,1,1,ecg_diagnosis_deID_2019_chunk186.txt
ecg_diagnosis_input_1999_chunk95.txt,ecg_diagnosis_input_1999_chunk95.txt,1,1,ecg_diagnosis_deID_1999_chunk95.txt
ecg_diagnosis_input_2016_chunk111.txt,ecg_diagnosis_input_2016_chunk111.txt,1,1,ecg_diagnosis_deID_2016_chunk111.txt
ecg_diagnosis_input_2002_chunk117.txt,ecg_diagnosis_input_2002_chunk117.txt,1,1,ecg_diagnosis_deID_2002_chunk117.txt
ecg_diagnosis_input_2017_chunk274.txt,ecg_diagnosis_input_2017_chunk274.txt,1,1,ecg_diagnosis_deID_2017_chunk274.txt
ecg_diagnosis_input_2017_chunk260.txt,ecg_diagnosis_input_2017_chunk260.txt,1,1,ecg_diagnosis_deID_2017_chunk260.txt
ecg_diagnosis_input_2002_chunk103.txt,ecg_diagnosis_input_2002_chunk103.txt,1,1,ecg_diagnosis_deID_2002_chunk103.txt
ecg_diagnosis_input_2019_chunk192.txt,ecg_diagnosis_input_2019_chunk192.txt,1,1,ecg_diagnosis_deID_2019_chunk192.txt
ecg_diagnosis_input_1999_chunk81.txt,ecg_diagnosis_input_1999_chunk81.txt,1,1,ecg_diagnosis_deID_1999_chunk81.txt
ecg_diagnosis_input_2016_chunk105.txt,ecg_diagnosis_input_2016_chunk105.txt,1,1,ecg_diagnosis_deID_2016_chunk105.txt
ecg_diagnosis_input_1996_chunk101.txt,ecg_diagnosis_input_1996_chunk101.txt,1,1,ecg_diagnosis_deID_1996_chunk101.txt
ecg_diagnosis_input_1993_chunk32.txt,ecg_diagnosis_input_1993_chunk32.txt,1,1,ecg_diagnosis_deID_1993_chunk32.txt
ecg_diagnosis_input_2016_chunk63.txt,ecg_diagnosis_input_2016_chunk63.txt,1,1,ecg_diagnosis_deID_2016_chunk63.txt
ecg_diagnosis_input_2011_chunk307.txt,ecg_diagnosis_input_2011_chunk307.txt,1,1,ecg_diagnosis_deID_2011_chunk307.txt
ecg_diagnosis_input_2011_chunk84.txt,ecg_diagnosis_input_2011_chunk84.txt,1,1,ecg_diagnosis_deID_2011_chunk84.txt
ecg_diagnosis_input_2022_chunk14.txt,ecg_diagnosis_input_2022_chunk14.txt,1,1,ecg_diagnosis_deID_2022_chunk14.txt
ecg_diagnosis_input_2013_chunk297.txt,ecg_diagnosis_input_2013_chunk297.txt,1,1,ecg_diagnosis_deID_2013_chunk297.txt
ecg_diagnosis_input_2009_chunk163.txt,ecg_diagnosis_input_2009_chunk163.txt,1,1,ecg_diagnosis_deID_2009_chunk163.txt
ecg_diagnosis_input_2022_chunk336.txt,ecg_diagnosis_input_2022_chunk336.txt,1,1,ecg_diagnosis_deID_2022_chunk336.txt
ecg_diagnosis_input_1996_chunk129.txt,ecg_diagnosis_input_1996_chunk129.txt,1,1,ecg_diagnosis_deID_1996_chunk129.txt
ecg_diagnosis_input_2007_chunk22.txt,ecg_diagnosis_input_2007_chunk22.txt,1,1,ecg_diagnosis_deID_2007_chunk22.txt
ecg_diagnosis_input_1993_chunk5.txt,ecg_diagnosis_input_1993_chunk5.txt,1,1,ecg_diagnosis_deID_1993_chunk5.txt
ecg_diagnosis_input_2017_chunk248.txt,ecg_diagnosis_input_2017_chunk248.txt,1,1,ecg_diagnosis_deID_2017_chunk248.txt
ecg_diagnosis_input_2007_chunk291.txt,ecg_diagnosis_input_2007_chunk291.txt,1,1,ecg_diagnosis_deID_2007_chunk291.txt
ecg_diagnosis_input_2008_chunk206.txt,ecg_diagnosis_input_2008_chunk206.txt,1,1,ecg_diagnosis_deID_2008_chunk206.txt
ecg_diagnosis_input_1982_chunk7.txt,ecg_diagnosis_input_1982_chunk7.txt,1,1,ecg_diagnosis_deID_1982_chunk7.txt
ecg_diagnosis_input_2007_chunk285.txt,ecg_diagnosis_input_2007_chunk285.txt,1,1,ecg_diagnosis_deID_2007_chunk285.txt
ecg_diagnosis_input_2008_chunk212.txt,ecg_diagnosis_input_2008_chunk212.txt,1,1,ecg_diagnosis_deID_2008_chunk212.txt
ecg_diagnosis_input_2009_chunk177.txt,ecg_diagnosis_input_2009_chunk177.txt,1,1,ecg_diagnosis_deID_2009_chunk177.txt
ecg_diagnosis_input_2022_chunk322.txt,ecg_diagnosis_input_2022_chunk322.txt,1,1,ecg_diagnosis_deID_2022_chunk322.txt
ecg_diagnosis_input_2007_chunk36.txt,ecg_diagnosis_input_2007_chunk36.txt,1,1,ecg_diagnosis_deID_2007_chunk36.txt
ecg_diagnosis_input_2011_chunk90.txt,ecg_diagnosis_input_2011_chunk90.txt,1,1,ecg_diagnosis_deID_2011_chunk90.txt
ecg_diagnosis_input_2016_chunk139.txt,ecg_diagnosis_input_2016_chunk139.txt,1,1,ecg_diagnosis_deID_2016_chunk139.txt
ecg_diagnosis_input_2013_chunk283.txt,ecg_diagnosis_input_2013_chunk283.txt,1,1,ecg_diagnosis_deID_2013_chunk283.txt
ecg_diagnosis_input_2020_chunk305.txt,ecg_diagnosis_input_2020_chunk305.txt,1,1,ecg_diagnosis_deID_2020_chunk305.txt
ecg_diagnosis_input_2014_chunk81.txt,ecg_diagnosis_input_2014_chunk81.txt,1,1,ecg_diagnosis_deID_2014_chunk81.txt
ecg_diagnosis_input_2008_chunk94.txt,ecg_diagnosis_input_2008_chunk94.txt,1,1,ecg_diagnosis_deID_2008_chunk94.txt
ecg_diagnosis_input_2018_chunk432.txt,ecg_diagnosis_input_2018_chunk432.txt,1,1,ecg_diagnosis_deID_2018_chunk432.txt
ecg_diagnosis_input_2002_chunk27.txt,ecg_diagnosis_input_2002_chunk27.txt,1,1,ecg_diagnosis_deID_2002_chunk27.txt
ecg_diagnosis_input_1987_chunk76.txt,ecg_diagnosis_input_1987_chunk76.txt,1,1,ecg_diagnosis_deID_1987_chunk76.txt
ecg_diagnosis_input_2000_chunk118.txt,ecg_diagnosis_input_2000_chunk118.txt,1,1,ecg_diagnosis_deID_2000_chunk118.txt
ecg_diagnosis_input_2018_chunk354.txt,ecg_diagnosis_input_2018_chunk354.txt,1,1,ecg_diagnosis_deID_2018_chunk354.txt
ecg_diagnosis_input_2020_chunk463.txt,ecg_diagnosis_input_2020_chunk463.txt,1,1,ecg_diagnosis_deID_2020_chunk463.txt
ecg_diagnosis_input_2020_chunk477.txt,ecg_diagnosis_input_2020_chunk477.txt,1,1,ecg_diagnosis_deID_2020_chunk477.txt
ecg_diagnosis_input_2018_chunk340.txt,ecg_diagnosis_input_2018_chunk340.txt,1,1,ecg_diagnosis_deID_2018_chunk340.txt
ecg_diagnosis_input_2018_chunk426.txt,ecg_diagnosis_input_2018_chunk426.txt,1,1,ecg_diagnosis_deID_2018_chunk426.txt
ecg_diagnosis_input_2002_chunk33.txt,ecg_diagnosis_input_2002_chunk33.txt,1,1,ecg_diagnosis_deID_2002_chunk33.txt
ecg_diagnosis_input_1987_chunk62.txt,ecg_diagnosis_input_1987_chunk62.txt,1,1,ecg_diagnosis_deID_1987_chunk62.txt
ecg_diagnosis_input_2020_chunk311.txt,ecg_diagnosis_input_2020_chunk311.txt,1,1,ecg_diagnosis_deID_2020_chunk311.txt
ecg_diagnosis_input_2014_chunk95.txt,ecg_diagnosis_input_2014_chunk95.txt,1,1,ecg_diagnosis_deID_2014_chunk95.txt
ecg_diagnosis_input_2013_chunk308.txt,ecg_diagnosis_input_2013_chunk308.txt,1,1,ecg_diagnosis_deID_2013_chunk308.txt
ecg_diagnosis_input_2008_chunk80.txt,ecg_diagnosis_input_2008_chunk80.txt,1,1,ecg_diagnosis_deID_2008_chunk80.txt
ecg_diagnosis_input_1996_chunk23.txt,ecg_diagnosis_input_1996_chunk23.txt,1,1,ecg_diagnosis_deID_1996_chunk23.txt
ecg_diagnosis_input_2022_chunk281.txt,ecg_diagnosis_input_2022_chunk281.txt,1,1,ecg_diagnosis_deID_2022_chunk281.txt
ecg_diagnosis_input_2013_chunk72.txt,ecg_diagnosis_input_2013_chunk72.txt,1,1,ecg_diagnosis_deID_2013_chunk72.txt
ecg_diagnosis_input_2011_chunk298.txt,ecg_diagnosis_input_2011_chunk298.txt,1,1,ecg_diagnosis_deID_2011_chunk298.txt
ecg_diagnosis_input_2014_chunk122.txt,ecg_diagnosis_input_2014_chunk122.txt,1,1,ecg_diagnosis_deID_2014_chunk122.txt
ecg_diagnosis_input_2017_chunk499.txt,ecg_diagnosis_input_2017_chunk499.txt,1,1,ecg_diagnosis_deID_2017_chunk499.txt
ecg_diagnosis_input_2020_chunk339.txt,ecg_diagnosis_input_2020_chunk339.txt,1,1,ecg_diagnosis_deID_2020_chunk339.txt
ecg_diagnosis_input_1994_chunk126.txt,ecg_diagnosis_input_1994_chunk126.txt,1,1,ecg_diagnosis_deID_1994_chunk126.txt
ecg_diagnosis_input_2013_chunk320.txt,ecg_diagnosis_input_2013_chunk320.txt,1,1,ecg_diagnosis_deID_2013_chunk320.txt
ecg_diagnosis_input_2015_chunk247.txt,ecg_diagnosis_input_2015_chunk247.txt,1,1,ecg_diagnosis_deID_2015_chunk247.txt
ecg_diagnosis_input_2000_chunk124.txt,ecg_diagnosis_input_2000_chunk124.txt,1,1,ecg_diagnosis_deID_2000_chunk124.txt
ecg_diagnosis_input_2018_chunk368.txt,ecg_diagnosis_input_2018_chunk368.txt,1,1,ecg_diagnosis_deID_2018_chunk368.txt
ecg_diagnosis_input_2000_chunk130.txt,ecg_diagnosis_input_2000_chunk130.txt,1,1,ecg_diagnosis_deID_2000_chunk130.txt
ecg_diagnosis_input_2015_chunk253.txt,ecg_diagnosis_input_2015_chunk253.txt,1,1,ecg_diagnosis_deID_2015_chunk253.txt
ecg_diagnosis_input_1994_chunk132.txt,ecg_diagnosis_input_1994_chunk132.txt,1,1,ecg_diagnosis_deID_1994_chunk132.txt
ecg_diagnosis_input_2013_chunk334.txt,ecg_diagnosis_input_2013_chunk334.txt,1,1,ecg_diagnosis_deID_2013_chunk334.txt
ecg_diagnosis_input_1996_chunk37.txt,ecg_diagnosis_input_1996_chunk37.txt,1,1,ecg_diagnosis_deID_1996_chunk37.txt
ecg_diagnosis_input_2022_chunk295.txt,ecg_diagnosis_input_2022_chunk295.txt,1,1,ecg_diagnosis_deID_2022_chunk295.txt
ecg_diagnosis_input_2013_chunk66.txt,ecg_diagnosis_input_2013_chunk66.txt,1,1,ecg_diagnosis_deID_2013_chunk66.txt
ecg_diagnosis_input_2014_chunk136.txt,ecg_diagnosis_input_2014_chunk136.txt,1,1,ecg_diagnosis_deID_2014_chunk136.txt
ecg_diagnosis_input_2011_chunk267.txt,ecg_diagnosis_input_2011_chunk267.txt,1,1,ecg_diagnosis_deID_2011_chunk267.txt
ecg_diagnosis_input_2017_chunk466.txt,ecg_diagnosis_input_2017_chunk466.txt,1,1,ecg_diagnosis_deID_2017_chunk466.txt
ecg_diagnosis_input_2004_chunk104.txt,ecg_diagnosis_input_2004_chunk104.txt,1,1,ecg_diagnosis_deID_2004_chunk104.txt
ecg_diagnosis_input_2014_chunk42.txt,ecg_diagnosis_input_2014_chunk42.txt,1,1,ecg_diagnosis_deID_2014_chunk42.txt
ecg_diagnosis_input_1991_chunk13.txt,ecg_diagnosis_input_1991_chunk13.txt,1,1,ecg_diagnosis_deID_1991_chunk13.txt
ecg_diagnosis_input_2008_chunk57.txt,ecg_diagnosis_input_2008_chunk57.txt,1,1,ecg_diagnosis_deID_2008_chunk57.txt
ecg_diagnosis_input_2010_chunk102.txt,ecg_diagnosis_input_2010_chunk102.txt,1,1,ecg_diagnosis_deID_2010_chunk102.txt
ecg_diagnosis_input_1990_chunk106.txt,ecg_diagnosis_input_1990_chunk106.txt,1,1,ecg_diagnosis_deID_1990_chunk106.txt
ecg_diagnosis_input_2018_chunk397.txt,ecg_diagnosis_input_2018_chunk397.txt,1,1,ecg_diagnosis_deID_2018_chunk397.txt
ecg_diagnosis_input_2017_chunk300.txt,ecg_diagnosis_input_2017_chunk300.txt,1,1,ecg_diagnosis_deID_2017_chunk300.txt
ecg_diagnosis_input_2005_chunk261.txt,ecg_diagnosis_input_2005_chunk261.txt,1,1,ecg_diagnosis_deID_2005_chunk261.txt
ecg_diagnosis_input_1990_chunk112.txt,ecg_diagnosis_input_1990_chunk112.txt,1,1,ecg_diagnosis_deID_1990_chunk112.txt
ecg_diagnosis_input_2018_chunk383.txt,ecg_diagnosis_input_2018_chunk383.txt,1,1,ecg_diagnosis_deID_2018_chunk383.txt
ecg_diagnosis_input_2017_chunk314.txt,ecg_diagnosis_input_2017_chunk314.txt,1,1,ecg_diagnosis_deID_2017_chunk314.txt
ecg_diagnosis_input_2010_chunk116.txt,ecg_diagnosis_input_2010_chunk116.txt,1,1,ecg_diagnosis_deID_2010_chunk116.txt
ecg_diagnosis_input_2014_chunk56.txt,ecg_diagnosis_input_2014_chunk56.txt,1,1,ecg_diagnosis_deID_2014_chunk56.txt
ecg_diagnosis_input_2004_chunk110.txt,ecg_diagnosis_input_2004_chunk110.txt,1,1,ecg_diagnosis_deID_2004_chunk110.txt
ecg_diagnosis_input_2008_chunk43.txt,ecg_diagnosis_input_2008_chunk43.txt,1,1,ecg_diagnosis_deID_2008_chunk43.txt
ecg_diagnosis_input_2021_chunk7.txt,ecg_diagnosis_input_2021_chunk7.txt,1,1,ecg_diagnosis_deID_2021_chunk7.txt
ecg_diagnosis_input_2011_chunk273.txt,ecg_diagnosis_input_2011_chunk273.txt,1,1,ecg_diagnosis_deID_2011_chunk273.txt
ecg_diagnosis_input_2017_chunk472.txt,ecg_diagnosis_input_2017_chunk472.txt,1,1,ecg_diagnosis_deID_2017_chunk472.txt
ecg_diagnosis_input_2013_chunk99.txt,ecg_diagnosis_input_2013_chunk99.txt,1,1,ecg_diagnosis_deID_2013_chunk99.txt
ecg_diagnosis_input_2004_chunk138.txt,ecg_diagnosis_input_2004_chunk138.txt,1,1,ecg_diagnosis_deID_2004_chunk138.txt
ecg_diagnosis_input_2005_chunk17.txt,ecg_diagnosis_input_2005_chunk17.txt,1,1,ecg_diagnosis_deID_2005_chunk17.txt
ecg_diagnosis_input_2016_chunk7.txt,ecg_diagnosis_input_2016_chunk7.txt,1,1,ecg_diagnosis_deID_2016_chunk7.txt
ecg_diagnosis_input_2007_chunk5.txt,ecg_diagnosis_input_2007_chunk5.txt,1,1,ecg_diagnosis_deID_2007_chunk5.txt
ecg_diagnosis_input_2022_chunk242.txt,ecg_diagnosis_input_2022_chunk242.txt,1,1,ecg_diagnosis_deID_2022_chunk242.txt
ecg_diagnosis_input_2020_chunk21.txt,ecg_diagnosis_input_2020_chunk21.txt,1,1,ecg_diagnosis_deID_2020_chunk21.txt
ecg_diagnosis_input_2015_chunk284.txt,ecg_diagnosis_input_2015_chunk284.txt,1,1,ecg_diagnosis_deID_2015_chunk284.txt
ecg_diagnosis_input_2020_chunk488.txt,ecg_diagnosis_input_2020_chunk488.txt,1,1,ecg_diagnosis_deID_2020_chunk488.txt
ecg_diagnosis_input_2015_chunk290.txt,ecg_diagnosis_input_2015_chunk290.txt,1,1,ecg_diagnosis_deID_2015_chunk290.txt
ecg_diagnosis_input_2017_chunk328.txt,ecg_diagnosis_input_2017_chunk328.txt,1,1,ecg_diagnosis_deID_2017_chunk328.txt
ecg_diagnosis_input_2005_chunk249.txt,ecg_diagnosis_input_2005_chunk249.txt,1,1,ecg_diagnosis_deID_2005_chunk249.txt
ecg_diagnosis_input_2022_chunk256.txt,ecg_diagnosis_input_2022_chunk256.txt,1,1,ecg_diagnosis_deID_2022_chunk256.txt
ecg_diagnosis_input_2020_chunk35.txt,ecg_diagnosis_input_2020_chunk35.txt,1,1,ecg_diagnosis_deID_2020_chunk35.txt
ecg_diagnosis_input_2019_chunk16.txt,ecg_diagnosis_input_2019_chunk16.txt,1,1,ecg_diagnosis_deID_2019_chunk16.txt
ecg_diagnosis_input_2019_chunk555.txt,ecg_diagnosis_input_2019_chunk555.txt,1,1,ecg_diagnosis_deID_2019_chunk555.txt
ecg_diagnosis_input_2007_chunk118.txt,ecg_diagnosis_input_2007_chunk118.txt,1,1,ecg_diagnosis_deID_2007_chunk118.txt
ecg_diagnosis_input_1998_chunk152.txt,ecg_diagnosis_input_1998_chunk152.txt,1,1,ecg_diagnosis_deID_1998_chunk152.txt
ecg_diagnosis_input_1989_chunk45.txt,ecg_diagnosis_input_1989_chunk45.txt,1,1,ecg_diagnosis_deID_1989_chunk45.txt
ecg_diagnosis_input_1984_chunk39.txt,ecg_diagnosis_input_1984_chunk39.txt,1,1,ecg_diagnosis_deID_1984_chunk39.txt
ecg_diagnosis_input_2018_chunk156.txt,ecg_diagnosis_input_2018_chunk156.txt,1,1,ecg_diagnosis_deID_2018_chunk156.txt
ecg_diagnosis_input_2001_chunk68.txt,ecg_diagnosis_input_2001_chunk68.txt,1,1,ecg_diagnosis_deID_2001_chunk68.txt
ecg_diagnosis_input_1995_chunk50.txt,ecg_diagnosis_input_1995_chunk50.txt,1,1,ecg_diagnosis_deID_1995_chunk50.txt
ecg_diagnosis_input_2021_chunk262.txt,ecg_diagnosis_input_2021_chunk262.txt,1,1,ecg_diagnosis_deID_2021_chunk262.txt
ecg_diagnosis_input_2022_chunk9.txt,ecg_diagnosis_input_2022_chunk9.txt,1,1,ecg_diagnosis_deID_2022_chunk9.txt
ecg_diagnosis_input_2021_chunk504.txt,ecg_diagnosis_input_2021_chunk504.txt,1,1,ecg_diagnosis_deID_2021_chunk504.txt
ecg_diagnosis_input_2020_chunk107.txt,ecg_diagnosis_input_2020_chunk107.txt,1,1,ecg_diagnosis_deID_2020_chunk107.txt
ecg_diagnosis_input_2019_chunk233.txt,ecg_diagnosis_input_2019_chunk233.txt,1,1,ecg_diagnosis_deID_2019_chunk233.txt
ecg_diagnosis_input_2020_chunk113.txt,ecg_diagnosis_input_2020_chunk113.txt,1,1,ecg_diagnosis_deID_2020_chunk113.txt
ecg_diagnosis_input_2019_chunk227.txt,ecg_diagnosis_input_2019_chunk227.txt,1,1,ecg_diagnosis_deID_2019_chunk227.txt
ecg_diagnosis_input_2006_chunk269.txt,ecg_diagnosis_input_2006_chunk269.txt,1,1,ecg_diagnosis_deID_2006_chunk269.txt
ecg_diagnosis_input_2014_chunk308.txt,ecg_diagnosis_input_2014_chunk308.txt,1,1,ecg_diagnosis_deID_2014_chunk308.txt
ecg_diagnosis_input_2021_chunk510.txt,ecg_diagnosis_input_2021_chunk510.txt,1,1,ecg_diagnosis_deID_2021_chunk510.txt
ecg_diagnosis_input_1989_chunk51.txt,ecg_diagnosis_input_1989_chunk51.txt,1,1,ecg_diagnosis_deID_1989_chunk51.txt
ecg_diagnosis_input_2018_chunk142.txt,ecg_diagnosis_input_2018_chunk142.txt,1,1,ecg_diagnosis_deID_2018_chunk142.txt
ecg_diagnosis_input_2010_chunk15.txt,ecg_diagnosis_input_2010_chunk15.txt,1,1,ecg_diagnosis_deID_2010_chunk15.txt
ecg_diagnosis_input_1995_chunk44.txt,ecg_diagnosis_input_1995_chunk44.txt,1,1,ecg_diagnosis_deID_1995_chunk44.txt
ecg_diagnosis_input_2021_chunk276.txt,ecg_diagnosis_input_2021_chunk276.txt,1,1,ecg_diagnosis_deID_2021_chunk276.txt
ecg_diagnosis_input_1998_chunk38.txt,ecg_diagnosis_input_1998_chunk38.txt,1,1,ecg_diagnosis_deID_1998_chunk38.txt
ecg_diagnosis_input_2019_chunk541.txt,ecg_diagnosis_input_2019_chunk541.txt,1,1,ecg_diagnosis_deID_2019_chunk541.txt
ecg_diagnosis_input_1998_chunk146.txt,ecg_diagnosis_input_1998_chunk146.txt,1,1,ecg_diagnosis_deID_1998_chunk146.txt
ecg_diagnosis_input_1989_chunk79.txt,ecg_diagnosis_input_1989_chunk79.txt,1,1,ecg_diagnosis_deID_1989_chunk79.txt
ecg_diagnosis_input_1998_chunk10.txt,ecg_diagnosis_input_1998_chunk10.txt,1,1,ecg_diagnosis_deID_1998_chunk10.txt
ecg_diagnosis_input_2001_chunk54.txt,ecg_diagnosis_input_2001_chunk54.txt,1,1,ecg_diagnosis_deID_2001_chunk54.txt
ecg_diagnosis_input_2012_chunk247.txt,ecg_diagnosis_input_2012_chunk247.txt,1,1,ecg_diagnosis_deID_2012_chunk247.txt
ecg_diagnosis_input_2019_chunk569.txt,ecg_diagnosis_input_2019_chunk569.txt,1,1,ecg_diagnosis_deID_2019_chunk569.txt
ecg_diagnosis_input_2007_chunk124.txt,ecg_diagnosis_input_2007_chunk124.txt,1,1,ecg_diagnosis_deID_2007_chunk124.txt
ecg_diagnosis_input_2013_chunk122.txt,ecg_diagnosis_input_2013_chunk122.txt,1,1,ecg_diagnosis_deID_2013_chunk122.txt
ecg_diagnosis_input_2016_chunk298.txt,ecg_diagnosis_input_2016_chunk298.txt,1,1,ecg_diagnosis_deID_2016_chunk298.txt
ecg_diagnosis_input_2006_chunk241.txt,ecg_diagnosis_input_2006_chunk241.txt,1,1,ecg_diagnosis_deID_2006_chunk241.txt
ecg_diagnosis_input_2014_chunk320.txt,ecg_diagnosis_input_2014_chunk320.txt,1,1,ecg_diagnosis_deID_2014_chunk320.txt
ecg_diagnosis_input_2021_chunk538.txt,ecg_diagnosis_input_2021_chunk538.txt,1,1,ecg_diagnosis_deID_2021_chunk538.txt
ecg_diagnosis_input_1987_chunk2.txt,ecg_diagnosis_input_1987_chunk2.txt,1,1,ecg_diagnosis_deID_1987_chunk2.txt
ecg_diagnosis_input_2006_chunk255.txt,ecg_diagnosis_input_2006_chunk255.txt,1,1,ecg_diagnosis_deID_2006_chunk255.txt
ecg_diagnosis_input_2014_chunk334.txt,ecg_diagnosis_input_2014_chunk334.txt,1,1,ecg_diagnosis_deID_2014_chunk334.txt
ecg_diagnosis_input_2013_chunk136.txt,ecg_diagnosis_input_2013_chunk136.txt,1,1,ecg_diagnosis_deID_2013_chunk136.txt
ecg_diagnosis_input_2007_chunk130.txt,ecg_diagnosis_input_2007_chunk130.txt,1,1,ecg_diagnosis_deID_2007_chunk130.txt
ecg_diagnosis_input_2010_chunk29.txt,ecg_diagnosis_input_2010_chunk29.txt,1,1,ecg_diagnosis_deID_2010_chunk29.txt
ecg_diagnosis_input_1984_chunk11.txt,ecg_diagnosis_input_1984_chunk11.txt,1,1,ecg_diagnosis_deID_1984_chunk11.txt
ecg_diagnosis_input_1995_chunk78.txt,ecg_diagnosis_input_1995_chunk78.txt,1,1,ecg_diagnosis_deID_1995_chunk78.txt
ecg_diagnosis_input_2001_chunk40.txt,ecg_diagnosis_input_2001_chunk40.txt,1,1,ecg_diagnosis_deID_2001_chunk40.txt
ecg_diagnosis_input_2015_chunk9.txt,ecg_diagnosis_input_2015_chunk9.txt,1,1,ecg_diagnosis_deID_2015_chunk9.txt
ecg_diagnosis_input_2012_chunk253.txt,ecg_diagnosis_input_2012_chunk253.txt,1,1,ecg_diagnosis_deID_2012_chunk253.txt
ecg_diagnosis_input_2017_chunk102.txt,ecg_diagnosis_input_2017_chunk102.txt,1,1,ecg_diagnosis_deID_2017_chunk102.txt
ecg_diagnosis_input_1989_chunk86.txt,ecg_diagnosis_input_1989_chunk86.txt,1,1,ecg_diagnosis_deID_1989_chunk86.txt
ecg_diagnosis_input_2018_chunk195.txt,ecg_diagnosis_input_2018_chunk195.txt,1,1,ecg_diagnosis_deID_2018_chunk195.txt
ecg_diagnosis_input_1995_chunk93.txt,ecg_diagnosis_input_1995_chunk93.txt,1,1,ecg_diagnosis_deID_1995_chunk93.txt
ecg_diagnosis_input_2006_chunk64.txt,ecg_diagnosis_input_2006_chunk64.txt,1,1,ecg_diagnosis_deID_2006_chunk64.txt
ecg_diagnosis_input_2010_chunk300.txt,ecg_diagnosis_input_2010_chunk300.txt,1,1,ecg_diagnosis_deID_2010_chunk300.txt
ecg_diagnosis_input_1983_chunk35.txt,ecg_diagnosis_input_1983_chunk35.txt,1,1,ecg_diagnosis_deID_1983_chunk35.txt
ecg_diagnosis_input_1997_chunk106.txt,ecg_diagnosis_input_1997_chunk106.txt,1,1,ecg_diagnosis_deID_1997_chunk106.txt
ecg_diagnosis_input_2016_chunk267.txt,ecg_diagnosis_input_2016_chunk267.txt,1,1,ecg_diagnosis_deID_2016_chunk267.txt
ecg_diagnosis_input_2009_chunk229.txt,ecg_diagnosis_input_2009_chunk229.txt,1,1,ecg_diagnosis_deID_2009_chunk229.txt
ecg_diagnosis_input_2003_chunk104.txt,ecg_diagnosis_input_2003_chunk104.txt,1,1,ecg_diagnosis_deID_2003_chunk104.txt
ecg_diagnosis_input_2003_chunk110.txt,ecg_diagnosis_input_2003_chunk110.txt,1,1,ecg_diagnosis_deID_2003_chunk110.txt
ecg_diagnosis_input_2016_chunk273.txt,ecg_diagnosis_input_2016_chunk273.txt,1,1,ecg_diagnosis_deID_2016_chunk273.txt
ecg_diagnosis_input_1992_chunk48.txt,ecg_diagnosis_input_1992_chunk48.txt,1,1,ecg_diagnosis_deID_1992_chunk48.txt
ecg_diagnosis_input_2010_chunk314.txt,ecg_diagnosis_input_2010_chunk314.txt,1,1,ecg_diagnosis_deID_2010_chunk314.txt
ecg_diagnosis_input_2006_chunk70.txt,ecg_diagnosis_input_2006_chunk70.txt,1,1,ecg_diagnosis_deID_2006_chunk70.txt
ecg_diagnosis_input_2017_chunk19.txt,ecg_diagnosis_input_2017_chunk19.txt,1,1,ecg_diagnosis_deID_2017_chunk19.txt
ecg_diagnosis_input_1983_chunk21.txt,ecg_diagnosis_input_1983_chunk21.txt,1,1,ecg_diagnosis_deID_1983_chunk21.txt
ecg_diagnosis_input_2008_chunk158.txt,ecg_diagnosis_input_2008_chunk158.txt,1,1,ecg_diagnosis_deID_2008_chunk158.txt
ecg_diagnosis_input_1997_chunk112.txt,ecg_diagnosis_input_1997_chunk112.txt,1,1,ecg_diagnosis_deID_1997_chunk112.txt
ecg_diagnosis_input_2019_chunk582.txt,ecg_diagnosis_input_2019_chunk582.txt,1,1,ecg_diagnosis_deID_2019_chunk582.txt
ecg_diagnosis_input_2017_chunk116.txt,ecg_diagnosis_input_2017_chunk116.txt,1,1,ecg_diagnosis_deID_2017_chunk116.txt
ecg_diagnosis_input_1989_chunk92.txt,ecg_diagnosis_input_1989_chunk92.txt,1,1,ecg_diagnosis_deID_1989_chunk92.txt
ecg_diagnosis_input_2018_chunk181.txt,ecg_diagnosis_input_2018_chunk181.txt,1,1,ecg_diagnosis_deID_2018_chunk181.txt
ecg_diagnosis_input_1995_chunk87.txt,ecg_diagnosis_input_1995_chunk87.txt,1,1,ecg_diagnosis_deID_1995_chunk87.txt
ecg_diagnosis_input_2006_chunk58.txt,ecg_diagnosis_input_2006_chunk58.txt,1,1,ecg_diagnosis_deID_2006_chunk58.txt
ecg_diagnosis_input_1992_chunk60.txt,ecg_diagnosis_input_1992_chunk60.txt,1,1,ecg_diagnosis_deID_1992_chunk60.txt
ecg_diagnosis_input_2017_chunk31.txt,ecg_diagnosis_input_2017_chunk31.txt,1,1,ecg_diagnosis_deID_2017_chunk31.txt
ecg_diagnosis_input_2008_chunk170.txt,ecg_diagnosis_input_2008_chunk170.txt,1,1,ecg_diagnosis_deID_2008_chunk170.txt
ecg_diagnosis_input_2012_chunk284.txt,ecg_diagnosis_input_2012_chunk284.txt,1,1,ecg_diagnosis_deID_2012_chunk284.txt
ecg_diagnosis_input_2001_chunk97.txt,ecg_diagnosis_input_2001_chunk97.txt,1,1,ecg_diagnosis_deID_2001_chunk97.txt
ecg_diagnosis_input_2009_chunk215.txt,ecg_diagnosis_input_2009_chunk215.txt,1,1,ecg_diagnosis_deID_2009_chunk215.txt
ecg_diagnosis_input_2006_chunk282.txt,ecg_diagnosis_input_2006_chunk282.txt,1,1,ecg_diagnosis_deID_2006_chunk282.txt
ecg_diagnosis_input_2003_chunk138.txt,ecg_diagnosis_input_2003_chunk138.txt,1,1,ecg_diagnosis_deID_2003_chunk138.txt
ecg_diagnosis_input_2009_chunk201.txt,ecg_diagnosis_input_2009_chunk201.txt,1,1,ecg_diagnosis_deID_2009_chunk201.txt
ecg_diagnosis_input_2006_chunk296.txt,ecg_diagnosis_input_2006_chunk296.txt,1,1,ecg_diagnosis_deID_2006_chunk296.txt
ecg_diagnosis_input_2012_chunk290.txt,ecg_diagnosis_input_2012_chunk290.txt,1,1,ecg_diagnosis_deID_2012_chunk290.txt
ecg_diagnosis_input_2021_chunk289.txt,ecg_diagnosis_input_2021_chunk289.txt,1,1,ecg_diagnosis_deID_2021_chunk289.txt
ecg_diagnosis_input_2001_chunk83.txt,ecg_diagnosis_input_2001_chunk83.txt,1,1,ecg_diagnosis_deID_2001_chunk83.txt
ecg_diagnosis_input_1992_chunk74.txt,ecg_diagnosis_input_1992_chunk74.txt,1,1,ecg_diagnosis_deID_1992_chunk74.txt
ecg_diagnosis_input_2010_chunk328.txt,ecg_diagnosis_input_2010_chunk328.txt,1,1,ecg_diagnosis_deID_2010_chunk328.txt
ecg_diagnosis_input_2017_chunk25.txt,ecg_diagnosis_input_2017_chunk25.txt,1,1,ecg_diagnosis_deID_2017_chunk25.txt
ecg_diagnosis_input_2008_chunk164.txt,ecg_diagnosis_input_2008_chunk164.txt,1,1,ecg_diagnosis_deID_2008_chunk164.txt
ecg_diagnosis_input_2006_chunk297.txt,ecg_diagnosis_input_2006_chunk297.txt,1,1,ecg_diagnosis_deID_2006_chunk297.txt
ecg_diagnosis_input_2009_chunk200.txt,ecg_diagnosis_input_2009_chunk200.txt,1,1,ecg_diagnosis_deID_2009_chunk200.txt
ecg_diagnosis_input_2008_chunk165.txt,ecg_diagnosis_input_2008_chunk165.txt,1,1,ecg_diagnosis_deID_2008_chunk165.txt
ecg_diagnosis_input_2017_chunk24.txt,ecg_diagnosis_input_2017_chunk24.txt,1,1,ecg_diagnosis_deID_2017_chunk24.txt
ecg_diagnosis_input_1992_chunk75.txt,ecg_diagnosis_input_1992_chunk75.txt,1,1,ecg_diagnosis_deID_1992_chunk75.txt
ecg_diagnosis_input_2010_chunk329.txt,ecg_diagnosis_input_2010_chunk329.txt,1,1,ecg_diagnosis_deID_2010_chunk329.txt
ecg_diagnosis_input_2001_chunk82.txt,ecg_diagnosis_input_2001_chunk82.txt,1,1,ecg_diagnosis_deID_2001_chunk82.txt
ecg_diagnosis_input_2021_chunk288.txt,ecg_diagnosis_input_2021_chunk288.txt,1,1,ecg_diagnosis_deID_2021_chunk288.txt
ecg_diagnosis_input_2012_chunk291.txt,ecg_diagnosis_input_2012_chunk291.txt,1,1,ecg_diagnosis_deID_2012_chunk291.txt
ecg_diagnosis_input_2001_chunk96.txt,ecg_diagnosis_input_2001_chunk96.txt,1,1,ecg_diagnosis_deID_2001_chunk96.txt
ecg_diagnosis_input_2012_chunk285.txt,ecg_diagnosis_input_2012_chunk285.txt,1,1,ecg_diagnosis_deID_2012_chunk285.txt
ecg_diagnosis_input_2008_chunk171.txt,ecg_diagnosis_input_2008_chunk171.txt,1,1,ecg_diagnosis_deID_2008_chunk171.txt
ecg_diagnosis_input_2017_chunk30.txt,ecg_diagnosis_input_2017_chunk30.txt,1,1,ecg_diagnosis_deID_2017_chunk30.txt
ecg_diagnosis_input_2006_chunk59.txt,ecg_diagnosis_input_2006_chunk59.txt,1,1,ecg_diagnosis_deID_2006_chunk59.txt
ecg_diagnosis_input_1992_chunk61.txt,ecg_diagnosis_input_1992_chunk61.txt,1,1,ecg_diagnosis_deID_1992_chunk61.txt
ecg_diagnosis_input_2003_chunk139.txt,ecg_diagnosis_input_2003_chunk139.txt,1,1,ecg_diagnosis_deID_2003_chunk139.txt
ecg_diagnosis_input_2006_chunk283.txt,ecg_diagnosis_input_2006_chunk283.txt,1,1,ecg_diagnosis_deID_2006_chunk283.txt
ecg_diagnosis_input_2009_chunk214.txt,ecg_diagnosis_input_2009_chunk214.txt,1,1,ecg_diagnosis_deID_2009_chunk214.txt
ecg_diagnosis_input_2016_chunk272.txt,ecg_diagnosis_input_2016_chunk272.txt,1,1,ecg_diagnosis_deID_2016_chunk272.txt
ecg_diagnosis_input_2003_chunk111.txt,ecg_diagnosis_input_2003_chunk111.txt,1,1,ecg_diagnosis_deID_2003_chunk111.txt
ecg_diagnosis_input_1995_chunk86.txt,ecg_diagnosis_input_1995_chunk86.txt,1,1,ecg_diagnosis_deID_1995_chunk86.txt
ecg_diagnosis_input_2018_chunk180.txt,ecg_diagnosis_input_2018_chunk180.txt,1,1,ecg_diagnosis_deID_2018_chunk180.txt
ecg_diagnosis_input_1989_chunk93.txt,ecg_diagnosis_input_1989_chunk93.txt,1,1,ecg_diagnosis_deID_1989_chunk93.txt
ecg_diagnosis_input_2017_chunk117.txt,ecg_diagnosis_input_2017_chunk117.txt,1,1,ecg_diagnosis_deID_2017_chunk117.txt
ecg_diagnosis_input_1997_chunk113.txt,ecg_diagnosis_input_1997_chunk113.txt,1,1,ecg_diagnosis_deID_1997_chunk113.txt
ecg_diagnosis_input_2019_chunk583.txt,ecg_diagnosis_input_2019_chunk583.txt,1,1,ecg_diagnosis_deID_2019_chunk583.txt
ecg_diagnosis_input_2008_chunk159.txt,ecg_diagnosis_input_2008_chunk159.txt,1,1,ecg_diagnosis_deID_2008_chunk159.txt
ecg_diagnosis_input_2017_chunk18.txt,ecg_diagnosis_input_2017_chunk18.txt,1,1,ecg_diagnosis_deID_2017_chunk18.txt
ecg_diagnosis_input_1983_chunk20.txt,ecg_diagnosis_input_1983_chunk20.txt,1,1,ecg_diagnosis_deID_1983_chunk20.txt
ecg_diagnosis_input_1992_chunk49.txt,ecg_diagnosis_input_1992_chunk49.txt,1,1,ecg_diagnosis_deID_1992_chunk49.txt
ecg_diagnosis_input_2006_chunk71.txt,ecg_diagnosis_input_2006_chunk71.txt,1,1,ecg_diagnosis_deID_2006_chunk71.txt
ecg_diagnosis_input_2010_chunk315.txt,ecg_diagnosis_input_2010_chunk315.txt,1,1,ecg_diagnosis_deID_2010_chunk315.txt
ecg_diagnosis_input_1997_chunk107.txt,ecg_diagnosis_input_1997_chunk107.txt,1,1,ecg_diagnosis_deID_1997_chunk107.txt
ecg_diagnosis_input_1983_chunk34.txt,ecg_diagnosis_input_1983_chunk34.txt,1,1,ecg_diagnosis_deID_1983_chunk34.txt
ecg_diagnosis_input_2010_chunk301.txt,,,1,ecg_diagnosis_deID_2010_chunk301.txt
ecg_diagnosis_input_2006_chunk65.txt,,,1,ecg_diagnosis_deID_2006_chunk65.txt
ecg_diagnosis_input_1995_chunk92.txt,ecg_diagnosis_input_1995_chunk92.txt,1,1,ecg_diagnosis_deID_1995_chunk92.txt
ecg_diagnosis_input_2018_chunk194.txt,ecg_diagnosis_input_2018_chunk194.txt,1,1,ecg_diagnosis_deID_2018_chunk194.txt
ecg_diagnosis_input_1989_chunk87.txt,ecg_diagnosis_input_1989_chunk87.txt,1,1,ecg_diagnosis_deID_1989_chunk87.txt
ecg_diagnosis_input_2017_chunk103.txt,ecg_diagnosis_input_2017_chunk103.txt,1,1,ecg_diagnosis_deID_2017_chunk103.txt
ecg_diagnosis_input_2003_chunk105.txt,ecg_diagnosis_input_2003_chunk105.txt,1,1,ecg_diagnosis_deID_2003_chunk105.txt
ecg_diagnosis_input_2009_chunk228.txt,,,1,ecg_diagnosis_deID_2009_chunk228.txt
ecg_diagnosis_input_2016_chunk266.txt,ecg_diagnosis_input_2016_chunk266.txt,1,1,ecg_diagnosis_deID_2016_chunk266.txt
ecg_diagnosis_input_2013_chunk137.txt,ecg_diagnosis_input_2013_chunk137.txt,1,1,ecg_diagnosis_deID_2013_chunk137.txt
ecg_diagnosis_input_2014_chunk335.txt,ecg_diagnosis_input_2014_chunk335.txt,1,1,ecg_diagnosis_deID_2014_chunk335.txt
ecg_diagnosis_input_2006_chunk254.txt,,,1,ecg_diagnosis_deID_2006_chunk254.txt
ecg_diagnosis_input_2012_chunk252.txt,,,1,ecg_diagnosis_deID_2012_chunk252.txt
ecg_diagnosis_input_2015_chunk8.txt,ecg_diagnosis_input_2015_chunk8.txt,1,1,ecg_diagnosis_deID_2015_chunk8.txt
ecg_diagnosis_input_1995_chunk79.txt,ecg_diagnosis_input_1995_chunk79.txt,1,1,ecg_diagnosis_deID_1995_chunk79.txt
ecg_diagnosis_input_2001_chunk41.txt,ecg_diagnosis_input_2001_chunk41.txt,1,1,ecg_diagnosis_deID_2001_chunk41.txt
ecg_diagnosis_input_2010_chunk28.txt,,,1,ecg_diagnosis_deID_2010_chunk28.txt
ecg_diagnosis_input_1984_chunk10.txt,ecg_diagnosis_input_1984_chunk10.txt,1,1,ecg_diagnosis_deID_1984_chunk10.txt
ecg_diagnosis_input_2007_chunk131.txt,,,1,ecg_diagnosis_deID_2007_chunk131.txt
ecg_diagnosis_input_2007_chunk125.txt,,,1,ecg_diagnosis_deID_2007_chunk125.txt
ecg_diagnosis_input_2019_chunk568.txt,ecg_diagnosis_input_2019_chunk568.txt,1,1,ecg_diagnosis_deID_2019_chunk568.txt
ecg_diagnosis_input_2012_chunk246.txt,,,1,ecg_diagnosis_deID_2012_chunk246.txt
ecg_diagnosis_input_2001_chunk55.txt,ecg_diagnosis_input_2001_chunk55.txt,1,1,ecg_diagnosis_deID_2001_chunk55.txt
ecg_diagnosis_input_1998_chunk11.txt,ecg_diagnosis_input_1998_chunk11.txt,1,1,ecg_diagnosis_deID_1998_chunk11.txt
ecg_diagnosis_input_1989_chunk78.txt,ecg_diagnosis_input_1989_chunk78.txt,1,1,ecg_diagnosis_deID_1989_chunk78.txt
ecg_diagnosis_input_1987_chunk3.txt,ecg_diagnosis_input_1987_chunk3.txt,1,1,ecg_diagnosis_deID_1987_chunk3.txt
ecg_diagnosis_input_2021_chunk539.txt,ecg_diagnosis_input_2021_chunk539.txt,1,1,ecg_diagnosis_deID_2021_chunk539.txt
ecg_diagnosis_input_2014_chunk321.txt,ecg_diagnosis_input_2014_chunk321.txt,1,1,ecg_diagnosis_deID_2014_chunk321.txt
ecg_diagnosis_input_2006_chunk240.txt,,,1,ecg_diagnosis_deID_2006_chunk240.txt
ecg_diagnosis_input_1996_chunk1.txt,ecg_diagnosis_input_1996_chunk1.txt,1,1,ecg_diagnosis_deID_1996_chunk1.txt
ecg_diagnosis_input_2016_chunk299.txt,ecg_diagnosis_input_2016_chunk299.txt,1,1,ecg_diagnosis_deID_2016_chunk299.txt
ecg_diagnosis_input_2013_chunk123.txt,ecg_diagnosis_input_2013_chunk123.txt,1,1,ecg_diagnosis_deID_2013_chunk123.txt
ecg_diagnosis_input_2021_chunk511.txt,ecg_diagnosis_input_2021_chunk511.txt,1,1,ecg_diagnosis_deID_2021_chunk511.txt
ecg_diagnosis_input_2014_chunk309.txt,ecg_diagnosis_input_2014_chunk309.txt,1,1,ecg_diagnosis_deID_2014_chunk309.txt
ecg_diagnosis_input_2006_chunk268.txt,,,1,ecg_diagnosis_deID_2006_chunk268.txt
ecg_diagnosis_input_2019_chunk226.txt,ecg_diagnosis_input_2019_chunk226.txt,1,1,ecg_diagnosis_deID_2019_chunk226.txt
ecg_diagnosis_input_2020_chunk112.txt,ecg_diagnosis_input_2020_chunk112.txt,1,1,ecg_diagnosis_deID_2020_chunk112.txt
ecg_diagnosis_input_1998_chunk147.txt,ecg_diagnosis_input_1998_chunk147.txt,1,1,ecg_diagnosis_deID_1998_chunk147.txt
ecg_diagnosis_input_2019_chunk540.txt,ecg_diagnosis_input_2019_chunk540.txt,1,1,ecg_diagnosis_deID_2019_chunk540.txt
ecg_diagnosis_input_2021_chunk277.txt,ecg_diagnosis_input_2021_chunk277.txt,1,1,ecg_diagnosis_deID_2021_chunk277.txt
ecg_diagnosis_input_1998_chunk39.txt,ecg_diagnosis_input_1998_chunk39.txt,1,1,ecg_diagnosis_deID_1998_chunk39.txt
ecg_diagnosis_input_1995_chunk45.txt,ecg_diagnosis_input_1995_chunk45.txt,1,1,ecg_diagnosis_deID_1995_chunk45.txt
ecg_diagnosis_input_2010_chunk14.txt,,,1,ecg_diagnosis_deID_2010_chunk14.txt
ecg_diagnosis_input_2018_chunk143.txt,ecg_diagnosis_input_2018_chunk143.txt,1,1,ecg_diagnosis_deID_2018_chunk143.txt
ecg_diagnosis_input_1989_chunk50.txt,ecg_diagnosis_input_1989_chunk50.txt,1,1,ecg_diagnosis_deID_1989_chunk50.txt
ecg_diagnosis_input_2022_chunk8.txt,ecg_diagnosis_input_2022_chunk8.txt,1,1,ecg_diagnosis_deID_2022_chunk8.txt
ecg_diagnosis_input_2021_chunk263.txt,ecg_diagnosis_input_2021_chunk263.txt,1,1,ecg_diagnosis_deID_2021_chunk263.txt
ecg_diagnosis_input_2001_chunk69.txt,ecg_diagnosis_input_2001_chunk69.txt,1,1,ecg_diagnosis_deID_2001_chunk69.txt
ecg_diagnosis_input_1995_chunk51.txt,ecg_diagnosis_input_1995_chunk51.txt,1,1,ecg_diagnosis_deID_1995_chunk51.txt
ecg_diagnosis_input_1984_chunk38.txt,ecg_diagnosis_input_1984_chunk38.txt,1,1,ecg_diagnosis_deID_1984_chunk38.txt
ecg_diagnosis_input_2018_chunk157.txt,ecg_diagnosis_input_2018_chunk157.txt,1,1,ecg_diagnosis_deID_2018_chunk157.txt
ecg_diagnosis_input_1989_chunk44.txt,ecg_diagnosis_input_1989_chunk44.txt,1,1,ecg_diagnosis_deID_1989_chunk44.txt
ecg_diagnosis_input_1998_chunk153.txt,ecg_diagnosis_input_1998_chunk153.txt,1,1,ecg_diagnosis_deID_1998_chunk153.txt
ecg_diagnosis_input_2007_chunk119.txt,,,1,ecg_diagnosis_deID_2007_chunk119.txt
ecg_diagnosis_input_2019_chunk554.txt,ecg_diagnosis_input_2019_chunk554.txt,1,1,ecg_diagnosis_deID_2019_chunk554.txt
ecg_diagnosis_input_2019_chunk232.txt,ecg_diagnosis_input_2019_chunk232.txt,1,1,ecg_diagnosis_deID_2019_chunk232.txt
ecg_diagnosis_input_2020_chunk106.txt,ecg_diagnosis_input_2020_chunk106.txt,1,1,ecg_diagnosis_deID_2020_chunk106.txt
ecg_diagnosis_input_2021_chunk505.txt,ecg_diagnosis_input_2021_chunk505.txt,1,1,ecg_diagnosis_deID_2021_chunk505.txt
ecg_diagnosis_input_2005_chunk248.txt,,,1,ecg_diagnosis_deID_2005_chunk248.txt
ecg_diagnosis_input_2017_chunk329.txt,ecg_diagnosis_input_2017_chunk329.txt,1,1,ecg_diagnosis_deID_2017_chunk329.txt
ecg_diagnosis_input_2015_chunk291.txt,ecg_diagnosis_input_2015_chunk291.txt,1,1,ecg_diagnosis_deID_2015_chunk291.txt
ecg_diagnosis_input_2020_chunk489.txt,ecg_diagnosis_input_2020_chunk489.txt,1,1,ecg_diagnosis_deID_2020_chunk489.txt
ecg_diagnosis_input_2019_chunk17.txt,ecg_diagnosis_input_2019_chunk17.txt,1,1,ecg_diagnosis_deID_2019_chunk17.txt
ecg_diagnosis_input_2020_chunk34.txt,ecg_diagnosis_input_2020_chunk34.txt,1,1,ecg_diagnosis_deID_2020_chunk34.txt
ecg_diagnosis_input_2022_chunk257.txt,ecg_diagnosis_input_2022_chunk257.txt,1,1,ecg_diagnosis_deID_2022_chunk257.txt
ecg_diagnosis_input_2020_chunk20.txt,ecg_diagnosis_input_2020_chunk20.txt,1,1,ecg_diagnosis_deID_2020_chunk20.txt
ecg_diagnosis_input_2022_chunk243.txt,ecg_diagnosis_input_2022_chunk243.txt,1,1,ecg_diagnosis_deID_2022_chunk243.txt
ecg_diagnosis_input_2007_chunk4.txt,,,1,ecg_diagnosis_deID_2007_chunk4.txt
ecg_diagnosis_input_2016_chunk6.txt,ecg_diagnosis_input_2016_chunk6.txt,1,1,ecg_diagnosis_deID_2016_chunk6.txt
ecg_diagnosis_input_2005_chunk16.txt,,,1,ecg_diagnosis_deID_2005_chunk16.txt
ecg_diagnosis_input_2004_chunk139.txt,ecg_diagnosis_input_2004_chunk139.txt,1,1,ecg_diagnosis_deID_2004_chunk139.txt
ecg_diagnosis_input_2015_chunk285.txt,ecg_diagnosis_input_2015_chunk285.txt,1,1,ecg_diagnosis_deID_2015_chunk285.txt
ecg_diagnosis_input_2010_chunk117.txt,,,1,ecg_diagnosis_deID_2010_chunk117.txt
ecg_diagnosis_input_2017_chunk315.txt,ecg_diagnosis_input_2017_chunk315.txt,1,1,ecg_diagnosis_deID_2017_chunk315.txt
ecg_diagnosis_input_2018_chunk382.txt,ecg_diagnosis_input_2018_chunk382.txt,1,1,ecg_diagnosis_deID_2018_chunk382.txt
ecg_diagnosis_input_1990_chunk113.txt,ecg_diagnosis_input_1990_chunk113.txt,1,1,ecg_diagnosis_deID_1990_chunk113.txt
ecg_diagnosis_input_2013_chunk98.txt,ecg_diagnosis_input_2013_chunk98.txt,1,1,ecg_diagnosis_deID_2013_chunk98.txt
ecg_diagnosis_input_2017_chunk473.txt,ecg_diagnosis_input_2017_chunk473.txt,1,1,ecg_diagnosis_deID_2017_chunk473.txt
ecg_diagnosis_input_2011_chunk272.txt,,,1,ecg_diagnosis_deID_2011_chunk272.txt
ecg_diagnosis_input_2021_chunk6.txt,ecg_diagnosis_input_2021_chunk6.txt,1,1,ecg_diagnosis_deID_2021_chunk6.txt
ecg_diagnosis_input_2008_chunk42.txt,,,1,ecg_diagnosis_deID_2008_chunk42.txt
ecg_diagnosis_input_2004_chunk111.txt,ecg_diagnosis_input_2004_chunk111.txt,1,1,ecg_diagnosis_deID_2004_chunk111.txt
ecg_diagnosis_input_2014_chunk57.txt,ecg_diagnosis_input_2014_chunk57.txt,1,1,ecg_diagnosis_deID_2014_chunk57.txt
ecg_diagnosis_input_2008_chunk56.txt,,,1,ecg_diagnosis_deID_2008_chunk56.txt
ecg_diagnosis_input_1991_chunk12.txt,ecg_diagnosis_input_1991_chunk12.txt,1,1,ecg_diagnosis_deID_1991_chunk12.txt
ecg_diagnosis_input_2014_chunk43.txt,ecg_diagnosis_input_2014_chunk43.txt,1,1,ecg_diagnosis_deID_2014_chunk43.txt
ecg_diagnosis_input_2004_chunk105.txt,ecg_diagnosis_input_2004_chunk105.txt,1,1,ecg_diagnosis_deID_2004_chunk105.txt
ecg_diagnosis_input_2017_chunk467.txt,ecg_diagnosis_input_2017_chunk467.txt,1,1,ecg_diagnosis_deID_2017_chunk467.txt
ecg_diagnosis_input_2011_chunk266.txt,,,1,ecg_diagnosis_deID_2011_chunk266.txt
ecg_diagnosis_input_2005_chunk260.txt,,,1,ecg_diagnosis_deID_2005_chunk260.txt
ecg_diagnosis_input_2017_chunk301.txt,ecg_diagnosis_input_2017_chunk301.txt,1,1,ecg_diagnosis_deID_2017_chunk301.txt
ecg_diagnosis_input_2018_chunk396.txt,ecg_diagnosis_input_2018_chunk396.txt,1,1,ecg_diagnosis_deID_2018_chunk396.txt
ecg_diagnosis_input_1990_chunk107.txt,ecg_diagnosis_input_1990_chunk107.txt,1,1,ecg_diagnosis_deID_1990_chunk107.txt
ecg_diagnosis_input_2010_chunk103.txt,,,1,ecg_diagnosis_deID_2010_chunk103.txt
ecg_diagnosis_input_2015_chunk252.txt,ecg_diagnosis_input_2015_chunk252.txt,1,1,ecg_diagnosis_deID_2015_chunk252.txt
ecg_diagnosis_input_2000_chunk131.txt,ecg_diagnosis_input_2000_chunk131.txt,1,1,ecg_diagnosis_deID_2000_chunk131.txt
ecg_diagnosis_input_2014_chunk137.txt,ecg_diagnosis_input_2014_chunk137.txt,1,1,ecg_diagnosis_deID_2014_chunk137.txt
ecg_diagnosis_input_2013_chunk67.txt,ecg_diagnosis_input_2013_chunk67.txt,1,1,ecg_diagnosis_deID_2013_chunk67.txt
ecg_diagnosis_input_2022_chunk294.txt,ecg_diagnosis_input_2022_chunk294.txt,1,1,ecg_diagnosis_deID_2022_chunk294.txt
ecg_diagnosis_input_1996_chunk36.txt,ecg_diagnosis_input_1996_chunk36.txt,1,1,ecg_diagnosis_deID_1996_chunk36.txt
ecg_diagnosis_input_2013_chunk335.txt,ecg_diagnosis_input_2013_chunk335.txt,1,1,ecg_diagnosis_deID_2013_chunk335.txt
ecg_diagnosis_input_1994_chunk133.txt,ecg_diagnosis_input_1994_chunk133.txt,1,1,ecg_diagnosis_deID_1994_chunk133.txt
ecg_diagnosis_input_2013_chunk321.txt,ecg_diagnosis_input_2013_chunk321.txt,1,1,ecg_diagnosis_deID_2013_chunk321.txt
ecg_diagnosis_input_2020_chunk338.txt,ecg_diagnosis_input_2020_chunk338.txt,1,1,ecg_diagnosis_deID_2020_chunk338.txt
ecg_diagnosis_input_1994_chunk127.txt,ecg_diagnosis_input_1994_chunk127.txt,1,1,ecg_diagnosis_deID_1994_chunk127.txt
ecg_diagnosis_input_2017_chunk498.txt,ecg_diagnosis_input_2017_chunk498.txt,1,1,ecg_diagnosis_deID_2017_chunk498.txt
ecg_diagnosis_input_2014_chunk123.txt,ecg_diagnosis_input_2014_chunk123.txt,1,1,ecg_diagnosis_deID_2014_chunk123.txt
ecg_diagnosis_input_2011_chunk299.txt,,,1,ecg_diagnosis_deID_2011_chunk299.txt
ecg_diagnosis_input_2013_chunk73.txt,ecg_diagnosis_input_2013_chunk73.txt,1,1,ecg_diagnosis_deID_2013_chunk73.txt
ecg_diagnosis_input_2022_chunk280.txt,ecg_diagnosis_input_2022_chunk280.txt,1,1,ecg_diagnosis_deID_2022_chunk280.txt
ecg_diagnosis_input_1996_chunk22.txt,ecg_diagnosis_input_1996_chunk22.txt,1,1,ecg_diagnosis_deID_1996_chunk22.txt
ecg_diagnosis_input_2018_chunk369.txt,ecg_diagnosis_input_2018_chunk369.txt,1,1,ecg_diagnosis_deID_2018_chunk369.txt
ecg_diagnosis_input_2000_chunk125.txt,ecg_diagnosis_input_2000_chunk125.txt,1,1,ecg_diagnosis_deID_2000_chunk125.txt
ecg_diagnosis_input_2015_chunk246.txt,ecg_diagnosis_input_2015_chunk246.txt,1,1,ecg_diagnosis_deID_2015_chunk246.txt
ecg_diagnosis_input_2018_chunk341.txt,ecg_diagnosis_input_2018_chunk341.txt,1,1,ecg_diagnosis_deID_2018_chunk341.txt
ecg_diagnosis_input_2020_chunk476.txt,ecg_diagnosis_input_2020_chunk476.txt,1,1,ecg_diagnosis_deID_2020_chunk476.txt
ecg_diagnosis_input_2008_chunk81.txt,,,1,ecg_diagnosis_deID_2008_chunk81.txt
ecg_diagnosis_input_2013_chunk309.txt,ecg_diagnosis_input_2013_chunk309.txt,1,1,ecg_diagnosis_deID_2013_chunk309.txt
ecg_diagnosis_input_2014_chunk94.txt,ecg_diagnosis_input_2014_chunk94.txt,1,1,ecg_diagnosis_deID_2014_chunk94.txt
ecg_diagnosis_input_2020_chunk310.txt,ecg_diagnosis_input_2020_chunk310.txt,1,1,ecg_diagnosis_deID_2020_chunk310.txt
ecg_diagnosis_input_1987_chunk63.txt,ecg_diagnosis_input_1987_chunk63.txt,1,1,ecg_diagnosis_deID_1987_chunk63.txt
ecg_diagnosis_input_2002_chunk32.txt,ecg_diagnosis_input_2002_chunk32.txt,1,1,ecg_diagnosis_deID_2002_chunk32.txt
ecg_diagnosis_input_2018_chunk427.txt,ecg_diagnosis_input_2018_chunk427.txt,1,1,ecg_diagnosis_deID_2018_chunk427.txt
ecg_diagnosis_input_1987_chunk77.txt,ecg_diagnosis_input_1987_chunk77.txt,1,1,ecg_diagnosis_deID_1987_chunk77.txt
ecg_diagnosis_input_2002_chunk26.txt,ecg_diagnosis_input_2002_chunk26.txt,1,1,ecg_diagnosis_deID_2002_chunk26.txt
ecg_diagnosis_input_2018_chunk433.txt,ecg_diagnosis_input_2018_chunk433.txt,1,1,ecg_diagnosis_deID_2018_chunk433.txt
ecg_diagnosis_input_2008_chunk95.txt,,,1,ecg_diagnosis_deID_2008_chunk95.txt
ecg_diagnosis_input_2014_chunk80.txt,ecg_diagnosis_input_2014_chunk80.txt,1,1,ecg_diagnosis_deID_2014_chunk80.txt
ecg_diagnosis_input_2020_chunk304.txt,ecg_diagnosis_input_2020_chunk304.txt,1,1,ecg_diagnosis_deID_2020_chunk304.txt
ecg_diagnosis_input_2020_chunk462.txt,ecg_diagnosis_input_2020_chunk462.txt,1,1,ecg_diagnosis_deID_2020_chunk462.txt
ecg_diagnosis_input_2018_chunk355.txt,ecg_diagnosis_input_2018_chunk355.txt,1,1,ecg_diagnosis_deID_2018_chunk355.txt
ecg_diagnosis_input_2000_chunk119.txt,ecg_diagnosis_input_2000_chunk119.txt,1,1,ecg_diagnosis_deID_2000_chunk119.txt
ecg_diagnosis_input_2008_chunk213.txt,,,1,ecg_diagnosis_deID_2008_chunk213.txt
ecg_diagnosis_input_2007_chunk284.txt,,,1,ecg_diagnosis_deID_2007_chunk284.txt
ecg_diagnosis_input_2013_chunk282.txt,ecg_diagnosis_input_2013_chunk282.txt,1,1,ecg_diagnosis_deID_2013_chunk282.txt
ecg_diagnosis_input_2016_chunk138.txt,ecg_diagnosis_input_2016_chunk138.txt,1,1,ecg_diagnosis_deID_2016_chunk138.txt
ecg_diagnosis_input_2011_chunk91.txt,,,1,ecg_diagnosis_deID_2011_chunk91.txt
ecg_diagnosis_input_2007_chunk37.txt,,,1,ecg_diagnosis_deID_2007_chunk37.txt
ecg_diagnosis_input_2022_chunk323.txt,ecg_diagnosis_input_2022_chunk323.txt,1,1,ecg_diagnosis_deID_2022_chunk323.txt
ecg_diagnosis_input_2009_chunk176.txt,,,1,ecg_diagnosis_deID_2009_chunk176.txt
ecg_diagnosis_input_2007_chunk23.txt,,,1,ecg_diagnosis_deID_2007_chunk23.txt
ecg_diagnosis_input_2022_chunk337.txt,ecg_diagnosis_input_2022_chunk337.txt,1,1,ecg_diagnosis_deID_2022_chunk337.txt
ecg_diagnosis_input_1996_chunk128.txt,ecg_diagnosis_input_1996_chunk128.txt,1,1,ecg_diagnosis_deID_1996_chunk128.txt
ecg_diagnosis_input_2009_chunk162.txt,,,1,ecg_diagnosis_deID_2009_chunk162.txt
ecg_diagnosis_input_2013_chunk296.txt,ecg_diagnosis_input_2013_chunk296.txt,1,1,ecg_diagnosis_deID_2013_chunk296.txt
ecg_diagnosis_input_2022_chunk15.txt,ecg_diagnosis_input_2022_chunk15.txt,1,1,ecg_diagnosis_deID_2022_chunk15.txt
ecg_diagnosis_input_2011_chunk85.txt,,,1,ecg_diagnosis_deID_2011_chunk85.txt
ecg_diagnosis_input_1982_chunk6.txt,ecg_diagnosis_input_1982_chunk6.txt,1,1,ecg_diagnosis_deID_1982_chunk6.txt
ecg_diagnosis_input_2008_chunk207.txt,,,1,ecg_diagnosis_deID_2008_chunk207.txt
ecg_diagnosis_input_2007_chunk290.txt,,,1,ecg_diagnosis_deID_2007_chunk290.txt
ecg_diagnosis_input_2017_chunk249.txt,ecg_diagnosis_input_2017_chunk249.txt,1,1,ecg_diagnosis_deID_2017_chunk249.txt
ecg_diagnosis_input_1993_chunk4.txt,ecg_diagnosis_input_1993_chunk4.txt,1,1,ecg_diagnosis_deID_1993_chunk4.txt
ecg_diagnosis_input_2002_chunk102.txt,ecg_diagnosis_input_2002_chunk102.txt,1,1,ecg_diagnosis_deID_2002_chunk102.txt
ecg_diagnosis_input_2017_chunk261.txt,ecg_diagnosis_input_2017_chunk261.txt,1,1,ecg_diagnosis_deID_2017_chunk261.txt
ecg_diagnosis_input_2011_chunk306.txt,,,1,ecg_diagnosis_deID_2011_chunk306.txt
ecg_diagnosis_input_2016_chunk62.txt,ecg_diagnosis_input_2016_chunk62.txt,1,1,ecg_diagnosis_deID_2016_chunk62.txt
ecg_diagnosis_input_1993_chunk33.txt,ecg_diagnosis_input_1993_chunk33.txt,1,1,ecg_diagnosis_deID_1993_chunk33.txt
ecg_diagnosis_input_1996_chunk100.txt,ecg_diagnosis_input_1996_chunk100.txt,1,1,ecg_diagnosis_deID_1996_chunk100.txt
ecg_diagnosis_input_2016_chunk104.txt,ecg_diagnosis_input_2016_chunk104.txt,1,1,ecg_diagnosis_deID_2016_chunk104.txt
ecg_diagnosis_input_1999_chunk80.txt,ecg_diagnosis_input_1999_chunk80.txt,1,1,ecg_diagnosis_deID_1999_chunk80.txt
ecg_diagnosis_input_2019_chunk193.txt,ecg_diagnosis_input_2019_chunk193.txt,1,1,ecg_diagnosis_deID_2019_chunk193.txt
ecg_diagnosis_input_2016_chunk110.txt,ecg_diagnosis_input_2016_chunk110.txt,1,1,ecg_diagnosis_deID_2016_chunk110.txt
ecg_diagnosis_input_1999_chunk94.txt,ecg_diagnosis_input_1999_chunk94.txt,1,1,ecg_diagnosis_deID_1999_chunk94.txt
ecg_diagnosis_input_2019_chunk187.txt,ecg_diagnosis_input_2019_chunk187.txt,1,1,ecg_diagnosis_deID_2019_chunk187.txt
ecg_diagnosis_input_2022_chunk29.txt,ecg_diagnosis_input_2022_chunk29.txt,1,1,ecg_diagnosis_deID_2022_chunk29.txt
ecg_diagnosis_input_2016_chunk76.txt,ecg_diagnosis_input_2016_chunk76.txt,1,1,ecg_diagnosis_deID_2016_chunk76.txt
ecg_diagnosis_input_2011_chunk312.txt,,,1,ecg_diagnosis_deID_2011_chunk312.txt
ecg_diagnosis_input_1993_chunk27.txt,ecg_diagnosis_input_1993_chunk27.txt,1,1,ecg_diagnosis_deID_1993_chunk27.txt
ecg_diagnosis_input_1996_chunk114.txt,ecg_diagnosis_input_1996_chunk114.txt,1,1,ecg_diagnosis_deID_1996_chunk114.txt
ecg_diagnosis_input_2017_chunk275.txt,ecg_diagnosis_input_2017_chunk275.txt,1,1,ecg_diagnosis_deID_2017_chunk275.txt
ecg_diagnosis_input_2002_chunk116.txt,ecg_diagnosis_input_2002_chunk116.txt,1,1,ecg_diagnosis_deID_2002_chunk116.txt
ecg_diagnosis_input_2007_chunk247.txt,,,1,ecg_diagnosis_deID_2007_chunk247.txt
ecg_diagnosis_input_2015_chunk326.txt,ecg_diagnosis_input_2015_chunk326.txt,1,1,ecg_diagnosis_deID_2015_chunk326.txt
ecg_diagnosis_input_2012_chunk124.txt,,,1,ecg_diagnosis_deID_2012_chunk124.txt
ecg_diagnosis_input_2018_chunk209.txt,ecg_diagnosis_input_2018_chunk209.txt,1,1,ecg_diagnosis_deID_2018_chunk209.txt
ecg_diagnosis_input_2006_chunk122.txt,,,1,ecg_diagnosis_deID_2006_chunk122.txt
ecg_diagnosis_input_2020_chunk258.txt,ecg_diagnosis_input_2020_chunk258.txt,1,1,ecg_diagnosis_deID_2020_chunk258.txt
ecg_diagnosis_input_1988_chunk16.txt,ecg_diagnosis_input_1988_chunk16.txt,1,1,ecg_diagnosis_deID_1988_chunk16.txt
ecg_diagnosis_input_2011_chunk52.txt,,,1,ecg_diagnosis_deID_2011_chunk52.txt
ecg_diagnosis_input_2013_chunk241.txt,ecg_diagnosis_input_2013_chunk241.txt,1,1,ecg_diagnosis_deID_2013_chunk241.txt
ecg_diagnosis_input_1994_chunk17.txt,ecg_diagnosis_input_1994_chunk17.txt,1,1,ecg_diagnosis_deID_1994_chunk17.txt
ecg_diagnosis_input_2019_chunk178.txt,ecg_diagnosis_input_2019_chunk178.txt,1,1,ecg_diagnosis_deID_2019_chunk178.txt
ecg_diagnosis_input_2011_chunk46.txt,,,1,ecg_diagnosis_deID_2011_chunk46.txt
ecg_diagnosis_input_2013_chunk255.txt,ecg_diagnosis_input_2013_chunk255.txt,1,1,ecg_diagnosis_deID_2013_chunk255.txt
ecg_diagnosis_input_2016_chunk89.txt,ecg_diagnosis_input_2016_chunk89.txt,1,1,ecg_diagnosis_deID_2016_chunk89.txt
ecg_diagnosis_input_2006_chunk136.txt,,,1,ecg_diagnosis_deID_2006_chunk136.txt
ecg_diagnosis_input_2012_chunk130.txt,,,1,ecg_diagnosis_deID_2012_chunk130.txt
ecg_diagnosis_input_2021_chunk129.txt,ecg_diagnosis_input_2021_chunk129.txt,1,1,ecg_diagnosis_deID_2021_chunk129.txt
ecg_diagnosis_input_2007_chunk253.txt,,,1,ecg_diagnosis_deID_2007_chunk253.txt
ecg_diagnosis_input_2015_chunk332.txt,ecg_diagnosis_input_2015_chunk332.txt,1,1,ecg_diagnosis_deID_2015_chunk332.txt
ecg_diagnosis_input_2012_chunk118.txt,,,1,ecg_diagnosis_deID_2012_chunk118.txt
ecg_diagnosis_input_2021_chunk101.txt,ecg_diagnosis_input_2021_chunk101.txt,1,1,ecg_diagnosis_deID_2021_chunk101.txt
ecg_diagnosis_input_2018_chunk235.txt,ecg_diagnosis_input_2018_chunk235.txt,1,1,ecg_diagnosis_deID_2018_chunk235.txt
ecg_diagnosis_input_2020_chunk502.txt,ecg_diagnosis_input_2020_chunk502.txt,1,1,ecg_diagnosis_deID_2020_chunk502.txt
ecg_diagnosis_input_1999_chunk43.txt,ecg_diagnosis_input_1999_chunk43.txt,1,1,ecg_diagnosis_deID_1999_chunk43.txt
ecg_diagnosis_input_2019_chunk150.txt,ecg_diagnosis_input_2019_chunk150.txt,1,1,ecg_diagnosis_deID_2019_chunk150.txt
ecg_diagnosis_input_2020_chunk264.txt,ecg_diagnosis_input_2020_chunk264.txt,1,1,ecg_diagnosis_deID_2020_chunk264.txt
ecg_diagnosis_input_2009_chunk189.txt,,,1,ecg_diagnosis_deID_2009_chunk189.txt
ecg_diagnosis_input_1999_chunk154.txt,ecg_diagnosis_input_1999_chunk154.txt,1,1,ecg_diagnosis_deID_1999_chunk154.txt
ecg_diagnosis_input_1999_chunk140.txt,ecg_diagnosis_input_1999_chunk140.txt,1,1,ecg_diagnosis_deID_1999_chunk140.txt
ecg_diagnosis_input_1999_chunk57.txt,ecg_diagnosis_input_1999_chunk57.txt,1,1,ecg_diagnosis_deID_1999_chunk57.txt
ecg_diagnosis_input_2000_chunk13.txt,ecg_diagnosis_input_2000_chunk13.txt,1,1,ecg_diagnosis_deID_2000_chunk13.txt
ecg_diagnosis_input_2019_chunk144.txt,ecg_diagnosis_input_2019_chunk144.txt,1,1,ecg_diagnosis_deID_2019_chunk144.txt
ecg_diagnosis_input_1985_chunk42.txt,ecg_diagnosis_input_1985_chunk42.txt,1,1,ecg_diagnosis_deID_1985_chunk42.txt
ecg_diagnosis_input_2020_chunk270.txt,ecg_diagnosis_input_2020_chunk270.txt,1,1,ecg_diagnosis_deID_2020_chunk270.txt
ecg_diagnosis_input_2013_chunk269.txt,ecg_diagnosis_input_2013_chunk269.txt,1,1,ecg_diagnosis_deID_2013_chunk269.txt
ecg_diagnosis_input_2020_chunk516.txt,ecg_diagnosis_input_2020_chunk516.txt,1,1,ecg_diagnosis_deID_2020_chunk516.txt
ecg_diagnosis_input_1992_chunk108.txt,ecg_diagnosis_input_1992_chunk108.txt,1,1,ecg_diagnosis_deID_1992_chunk108.txt
ecg_diagnosis_input_2021_chunk115.txt,ecg_diagnosis_input_2021_chunk115.txt,1,1,ecg_diagnosis_deID_2021_chunk115.txt
ecg_diagnosis_input_2018_chunk221.txt,ecg_diagnosis_input_2018_chunk221.txt,1,1,ecg_diagnosis_deID_2018_chunk221.txt
ecg_diagnosis_input_2022_chunk121.txt,ecg_diagnosis_input_2022_chunk121.txt,1,1,ecg_diagnosis_deID_2022_chunk121.txt
ecg_diagnosis_input_2011_chunk138.txt,,,1,ecg_diagnosis_deID_2011_chunk138.txt
ecg_diagnosis_input_2014_chunk282.txt,ecg_diagnosis_input_2014_chunk282.txt,1,1,ecg_diagnosis_deID_2014_chunk282.txt
ecg_diagnosis_input_1990_chunk40.txt,ecg_diagnosis_input_1990_chunk40.txt,1,1,ecg_diagnosis_deID_1990_chunk40.txt
ecg_diagnosis_input_2004_chunk78.txt,ecg_diagnosis_input_2004_chunk78.txt,1,1,ecg_diagnosis_deID_2004_chunk78.txt
ecg_diagnosis_input_2015_chunk11.txt,ecg_diagnosis_input_2015_chunk11.txt,1,1,ecg_diagnosis_deID_2015_chunk11.txt
ecg_diagnosis_input_1990_chunk54.txt,ecg_diagnosis_input_1990_chunk54.txt,1,1,ecg_diagnosis_deID_1990_chunk54.txt
ecg_diagnosis_input_2009_chunk10.txt,,,1,ecg_diagnosis_deID_2009_chunk10.txt
ecg_diagnosis_input_2018_chunk79.txt,ecg_diagnosis_input_2018_chunk79.txt,1,1,ecg_diagnosis_deID_2018_chunk79.txt
ecg_diagnosis_input_2010_chunk249.txt,,,1,ecg_diagnosis_deID_2010_chunk249.txt
ecg_diagnosis_input_2016_chunk448.txt,ecg_diagnosis_input_2016_chunk448.txt,1,1,ecg_diagnosis_deID_2016_chunk448.txt
ecg_diagnosis_input_2022_chunk135.txt,ecg_diagnosis_input_2022_chunk135.txt,1,1,ecg_diagnosis_deID_2022_chunk135.txt
ecg_diagnosis_input_2014_chunk296.txt,ecg_diagnosis_input_2014_chunk296.txt,1,1,ecg_diagnosis_deID_2014_chunk296.txt
ecg_diagnosis_input_1991_chunk100.txt,ecg_diagnosis_input_1991_chunk100.txt,1,1,ecg_diagnosis_deID_1991_chunk100.txt
ecg_diagnosis_input_2019_chunk391.txt,ecg_diagnosis_input_2019_chunk391.txt,1,1,ecg_diagnosis_deID_2019_chunk391.txt
ecg_diagnosis_input_2016_chunk306.txt,ecg_diagnosis_input_2016_chunk306.txt,1,1,ecg_diagnosis_deID_2016_chunk306.txt
ecg_diagnosis_input_2009_chunk348.txt,,,1,ecg_diagnosis_deID_2009_chunk348.txt
ecg_diagnosis_input_2011_chunk104.txt,,,1,ecg_diagnosis_deID_2011_chunk104.txt
ecg_diagnosis_input_2009_chunk38.txt,,,1,ecg_diagnosis_deID_2009_chunk38.txt
ecg_diagnosis_input_2004_chunk44.txt,ecg_diagnosis_input_2004_chunk44.txt,1,1,ecg_diagnosis_deID_2004_chunk44.txt
ecg_diagnosis_input_2005_chunk102.txt,,,1,ecg_diagnosis_deID_2005_chunk102.txt
ecg_diagnosis_input_2018_chunk51.txt,ecg_diagnosis_input_2018_chunk51.txt,1,1,ecg_diagnosis_deID_2018_chunk51.txt
ecg_diagnosis_input_2010_chunk261.txt,,,1,ecg_diagnosis_deID_2010_chunk261.txt
ecg_diagnosis_input_2021_chunk72.txt,ecg_diagnosis_input_2021_chunk72.txt,1,1,ecg_diagnosis_deID_2021_chunk72.txt
ecg_diagnosis_input_2010_chunk275.txt,,,1,ecg_diagnosis_deID_2010_chunk275.txt
ecg_diagnosis_input_2021_chunk66.txt,ecg_diagnosis_input_2021_chunk66.txt,1,1,ecg_diagnosis_deID_2021_chunk66.txt
ecg_diagnosis_input_2005_chunk116.txt,,,1,ecg_diagnosis_deID_2005_chunk116.txt
ecg_diagnosis_input_2004_chunk50.txt,ecg_diagnosis_input_2004_chunk50.txt,1,1,ecg_diagnosis_deID_2004_chunk50.txt
ecg_diagnosis_input_1990_chunk68.txt,ecg_diagnosis_input_1990_chunk68.txt,1,1,ecg_diagnosis_deID_1990_chunk68.txt
ecg_diagnosis_input_2015_chunk39.txt,ecg_diagnosis_input_2015_chunk39.txt,1,1,ecg_diagnosis_deID_2015_chunk39.txt
ecg_diagnosis_input_2018_chunk45.txt,ecg_diagnosis_input_2018_chunk45.txt,1,1,ecg_diagnosis_deID_2018_chunk45.txt
ecg_diagnosis_input_2022_chunk109.txt,ecg_diagnosis_input_2022_chunk109.txt,1,1,ecg_diagnosis_deID_2022_chunk109.txt
ecg_diagnosis_input_2011_chunk110.txt,,,1,ecg_diagnosis_deID_2011_chunk110.txt
ecg_diagnosis_input_1991_chunk114.txt,ecg_diagnosis_input_1991_chunk114.txt,1,1,ecg_diagnosis_deID_1991_chunk114.txt
ecg_diagnosis_input_2019_chunk385.txt,ecg_diagnosis_input_2019_chunk385.txt,1,1,ecg_diagnosis_deID_2019_chunk385.txt
ecg_diagnosis_input_2016_chunk312.txt,ecg_diagnosis_input_2016_chunk312.txt,1,1,ecg_diagnosis_deID_2016_chunk312.txt
ecg_diagnosis_input_2001_chunk122.txt,ecg_diagnosis_input_2001_chunk122.txt,1,1,ecg_diagnosis_deID_2001_chunk122.txt
ecg_diagnosis_input_1981_chunk8.txt,ecg_diagnosis_input_1981_chunk8.txt,1,1,ecg_diagnosis_deID_1981_chunk8.txt
ecg_diagnosis_input_2014_chunk241.txt,ecg_diagnosis_input_2014_chunk241.txt,1,1,ecg_diagnosis_deID_2014_chunk241.txt
ecg_diagnosis_input_2021_chunk459.txt,ecg_diagnosis_input_2021_chunk459.txt,1,1,ecg_diagnosis_deID_2021_chunk459.txt
ecg_diagnosis_input_1995_chunk120.txt,ecg_diagnosis_input_1995_chunk120.txt,1,1,ecg_diagnosis_deID_1995_chunk120.txt
ecg_diagnosis_input_1990_chunk83.txt,ecg_diagnosis_input_1990_chunk83.txt,1,1,ecg_diagnosis_deID_1990_chunk83.txt
ecg_diagnosis_input_2012_chunk326.txt,,,1,ecg_diagnosis_deID_2012_chunk326.txt
ecg_diagnosis_input_1986_chunk25.txt,ecg_diagnosis_input_1986_chunk25.txt,1,1,ecg_diagnosis_deID_1986_chunk25.txt
ecg_diagnosis_input_2019_chunk408.txt,ecg_diagnosis_input_2019_chunk408.txt,1,1,ecg_diagnosis_deID_2019_chunk408.txt
ecg_diagnosis_input_2003_chunk74.txt,ecg_diagnosis_input_2003_chunk74.txt,1,1,ecg_diagnosis_deID_2003_chunk74.txt
ecg_diagnosis_input_2015_chunk124.txt,ecg_diagnosis_input_2015_chunk124.txt,1,1,ecg_diagnosis_deID_2015_chunk124.txt
ecg_diagnosis_input_1986_chunk31.txt,ecg_diagnosis_input_1986_chunk31.txt,1,1,ecg_diagnosis_deID_1986_chunk31.txt
ecg_diagnosis_input_2021_chunk99.txt,ecg_diagnosis_input_2021_chunk99.txt,1,1,ecg_diagnosis_deID_2021_chunk99.txt
ecg_diagnosis_input_2003_chunk60.txt,ecg_diagnosis_input_2003_chunk60.txt,1,1,ecg_diagnosis_deID_2003_chunk60.txt
ecg_diagnosis_input_1997_chunk58.txt,ecg_diagnosis_input_1997_chunk58.txt,1,1,ecg_diagnosis_deID_1997_chunk58.txt
ecg_diagnosis_input_2002_chunk1.txt,ecg_diagnosis_input_2002_chunk1.txt,1,1,ecg_diagnosis_deID_2002_chunk1.txt
ecg_diagnosis_input_2015_chunk130.txt,ecg_diagnosis_input_2015_chunk130.txt,1,1,ecg_diagnosis_deID_2015_chunk130.txt
ecg_diagnosis_input_2013_chunk3.txt,ecg_diagnosis_input_2013_chunk3.txt,1,1,ecg_diagnosis_deID_2013_chunk3.txt
ecg_diagnosis_input_1995_chunk134.txt,ecg_diagnosis_input_1995_chunk134.txt,1,1,ecg_diagnosis_deID_1995_chunk134.txt
ecg_diagnosis_input_1990_chunk97.txt,ecg_diagnosis_input_1990_chunk97.txt,1,1,ecg_diagnosis_deID_1990_chunk97.txt
ecg_diagnosis_input_2009_chunk9.txt,,,1,ecg_diagnosis_deID_2009_chunk9.txt
ecg_diagnosis_input_2012_chunk332.txt,,,1,ecg_diagnosis_deID_2012_chunk332.txt
ecg_diagnosis_input_2014_chunk255.txt,ecg_diagnosis_input_2014_chunk255.txt,1,1,ecg_diagnosis_deID_2014_chunk255.txt
ecg_diagnosis_input_2001_chunk136.txt,ecg_diagnosis_input_2001_chunk136.txt,1,1,ecg_diagnosis_deID_2001_chunk136.txt
ecg_diagnosis_input_2021_chunk465.txt,ecg_diagnosis_input_2021_chunk465.txt,1,1,ecg_diagnosis_deID_2021_chunk465.txt
ecg_diagnosis_input_2019_chunk352.txt,ecg_diagnosis_input_2019_chunk352.txt,1,1,ecg_diagnosis_deID_2019_chunk352.txt
ecg_diagnosis_input_2019_chunk434.txt,ecg_diagnosis_input_2019_chunk434.txt,1,1,ecg_diagnosis_deID_2019_chunk434.txt
ecg_diagnosis_input_2012_chunk21.txt,,,1,ecg_diagnosis_deID_2012_chunk21.txt
ecg_diagnosis_input_1986_chunk19.txt,ecg_diagnosis_input_1986_chunk19.txt,1,1,ecg_diagnosis_deID_1986_chunk19.txt
ecg_diagnosis_input_1997_chunk70.txt,ecg_diagnosis_input_1997_chunk70.txt,1,1,ecg_diagnosis_deID_1997_chunk70.txt
ecg_diagnosis_input_2003_chunk48.txt,ecg_diagnosis_input_2003_chunk48.txt,1,1,ecg_diagnosis_deID_2003_chunk48.txt
ecg_diagnosis_input_2015_chunk118.txt,ecg_diagnosis_input_2015_chunk118.txt,1,1,ecg_diagnosis_deID_2015_chunk118.txt
ecg_diagnosis_input_2021_chunk303.txt,ecg_diagnosis_input_2021_chunk303.txt,1,1,ecg_diagnosis_deID_2021_chunk303.txt
ecg_diagnosis_input_2004_chunk87.txt,ecg_diagnosis_input_2004_chunk87.txt,1,1,ecg_diagnosis_deID_2004_chunk87.txt
ecg_diagnosis_input_2018_chunk92.txt,ecg_diagnosis_input_2018_chunk92.txt,1,1,ecg_diagnosis_deID_2018_chunk92.txt
ecg_diagnosis_input_2021_chunk317.txt,ecg_diagnosis_input_2021_chunk317.txt,1,1,ecg_diagnosis_deID_2021_chunk317.txt
ecg_diagnosis_input_1995_chunk108.txt,ecg_diagnosis_input_1995_chunk108.txt,1,1,ecg_diagnosis_deID_1995_chunk108.txt
ecg_diagnosis_input_2004_chunk93.txt,ecg_diagnosis_input_2004_chunk93.txt,1,1,ecg_diagnosis_deID_2004_chunk93.txt
ecg_diagnosis_input_2018_chunk86.txt,ecg_diagnosis_input_2018_chunk86.txt,1,1,ecg_diagnosis_deID_2018_chunk86.txt
ecg_diagnosis_input_2019_chunk420.txt,ecg_diagnosis_input_2019_chunk420.txt,1,1,ecg_diagnosis_deID_2019_chunk420.txt
ecg_diagnosis_input_2012_chunk35.txt,,,1,ecg_diagnosis_deID_2012_chunk35.txt
ecg_diagnosis_input_1997_chunk64.txt,ecg_diagnosis_input_1997_chunk64.txt,1,1,ecg_diagnosis_deID_1997_chunk64.txt
ecg_diagnosis_input_2019_chunk346.txt,ecg_diagnosis_input_2019_chunk346.txt,1,1,ecg_diagnosis_deID_2019_chunk346.txt
ecg_diagnosis_input_2014_chunk269.txt,ecg_diagnosis_input_2014_chunk269.txt,1,1,ecg_diagnosis_deID_2014_chunk269.txt
ecg_diagnosis_input_2021_chunk471.txt,ecg_diagnosis_input_2021_chunk471.txt,1,1,ecg_diagnosis_deID_2021_chunk471.txt
ecg_diagnosis_input_2012_chunk318.txt,,,1,ecg_diagnosis_deID_2012_chunk318.txt
ecg_diagnosis_input_2018_chunk90.txt,ecg_diagnosis_input_2018_chunk90.txt,1,1,ecg_diagnosis_deID_2018_chunk90.txt
ecg_diagnosis_input_2004_chunk85.txt,ecg_diagnosis_input_2004_chunk85.txt,1,1,ecg_diagnosis_deID_2004_chunk85.txt
ecg_diagnosis_input_2021_chunk301.txt,ecg_diagnosis_input_2021_chunk301.txt,1,1,ecg_diagnosis_deID_2021_chunk301.txt
ecg_diagnosis_input_1997_chunk72.txt,ecg_diagnosis_input_1997_chunk72.txt,1,1,ecg_diagnosis_deID_1997_chunk72.txt
ecg_diagnosis_input_2019_chunk436.txt,ecg_diagnosis_input_2019_chunk436.txt,1,1,ecg_diagnosis_deID_2019_chunk436.txt
ecg_diagnosis_input_2012_chunk23.txt,,,1,ecg_diagnosis_deID_2012_chunk23.txt
ecg_diagnosis_input_2019_chunk350.txt,ecg_diagnosis_input_2019_chunk350.txt,1,1,ecg_diagnosis_deID_2019_chunk350.txt
ecg_diagnosis_input_2021_chunk467.txt,ecg_diagnosis_input_2021_chunk467.txt,1,1,ecg_diagnosis_deID_2021_chunk467.txt
ecg_diagnosis_input_2021_chunk473.txt,ecg_diagnosis_input_2021_chunk473.txt,1,1,ecg_diagnosis_deID_2021_chunk473.txt
ecg_diagnosis_input_2019_chunk344.txt,ecg_diagnosis_input_2019_chunk344.txt,1,1,ecg_diagnosis_deID_2019_chunk344.txt
ecg_diagnosis_input_2001_chunk108.txt,ecg_diagnosis_input_2001_chunk108.txt,1,1,ecg_diagnosis_deID_2001_chunk108.txt
ecg_diagnosis_input_1997_chunk66.txt,ecg_diagnosis_input_1997_chunk66.txt,1,1,ecg_diagnosis_deID_1997_chunk66.txt
ecg_diagnosis_input_2019_chunk422.txt,ecg_diagnosis_input_2019_chunk422.txt,1,1,ecg_diagnosis_deID_2019_chunk422.txt
ecg_diagnosis_input_2012_chunk37.txt,,,1,ecg_diagnosis_deID_2012_chunk37.txt
ecg_diagnosis_input_2018_chunk84.txt,ecg_diagnosis_input_2018_chunk84.txt,1,1,ecg_diagnosis_deID_2018_chunk84.txt
ecg_diagnosis_input_2004_chunk91.txt,ecg_diagnosis_input_2004_chunk91.txt,1,1,ecg_diagnosis_deID_2004_chunk91.txt
ecg_diagnosis_input_2021_chunk315.txt,ecg_diagnosis_input_2021_chunk315.txt,1,1,ecg_diagnosis_deID_2021_chunk315.txt
ecg_diagnosis_input_2015_chunk126.txt,ecg_diagnosis_input_2015_chunk126.txt,1,1,ecg_diagnosis_deID_2015_chunk126.txt
ecg_diagnosis_input_2003_chunk76.txt,ecg_diagnosis_input_2003_chunk76.txt,1,1,ecg_diagnosis_deID_2003_chunk76.txt
ecg_diagnosis_input_1986_chunk27.txt,ecg_diagnosis_input_1986_chunk27.txt,1,1,ecg_diagnosis_deID_1986_chunk27.txt
ecg_diagnosis_input_2012_chunk324.txt,,,1,ecg_diagnosis_deID_2012_chunk324.txt
ecg_diagnosis_input_1990_chunk81.txt,ecg_diagnosis_input_1990_chunk81.txt,1,1,ecg_diagnosis_deID_1990_chunk81.txt
ecg_diagnosis_input_1995_chunk122.txt,ecg_diagnosis_input_1995_chunk122.txt,1,1,ecg_diagnosis_deID_1995_chunk122.txt
ecg_diagnosis_input_2014_chunk243.txt,ecg_diagnosis_input_2014_chunk243.txt,1,1,ecg_diagnosis_deID_2014_chunk243.txt
ecg_diagnosis_input_1990_chunk8.txt,ecg_diagnosis_input_1990_chunk8.txt,1,1,ecg_diagnosis_deID_1990_chunk8.txt
ecg_diagnosis_input_2001_chunk120.txt,ecg_diagnosis_input_2001_chunk120.txt,1,1,ecg_diagnosis_deID_2001_chunk120.txt
ecg_diagnosis_input_2019_chunk378.txt,ecg_diagnosis_input_2019_chunk378.txt,1,1,ecg_diagnosis_deID_2019_chunk378.txt
ecg_diagnosis_input_2001_chunk134.txt,ecg_diagnosis_input_2001_chunk134.txt,1,1,ecg_diagnosis_deID_2001_chunk134.txt
ecg_diagnosis_input_2014_chunk257.txt,ecg_diagnosis_input_2014_chunk257.txt,1,1,ecg_diagnosis_deID_2014_chunk257.txt
ecg_diagnosis_input_2012_chunk330.txt,,,1,ecg_diagnosis_deID_2012_chunk330.txt
ecg_diagnosis_input_1990_chunk95.txt,ecg_diagnosis_input_1990_chunk95.txt,1,1,ecg_diagnosis_deID_1990_chunk95.txt
ecg_diagnosis_input_1995_chunk136.txt,ecg_diagnosis_input_1995_chunk136.txt,1,1,ecg_diagnosis_deID_1995_chunk136.txt
ecg_diagnosis_input_2021_chunk329.txt,ecg_diagnosis_input_2021_chunk329.txt,1,1,ecg_diagnosis_deID_2021_chunk329.txt
ecg_diagnosis_input_2013_chunk1.txt,ecg_diagnosis_input_2013_chunk1.txt,1,1,ecg_diagnosis_deID_2013_chunk1.txt
ecg_diagnosis_input_2002_chunk3.txt,ecg_diagnosis_input_2002_chunk3.txt,1,1,ecg_diagnosis_deID_2002_chunk3.txt
ecg_diagnosis_input_2015_chunk132.txt,ecg_diagnosis_input_2015_chunk132.txt,1,1,ecg_diagnosis_deID_2015_chunk132.txt
ecg_diagnosis_input_2010_chunk288.txt,,,1,ecg_diagnosis_deID_2010_chunk288.txt
ecg_diagnosis_input_2003_chunk62.txt,ecg_diagnosis_input_2003_chunk62.txt,1,1,ecg_diagnosis_deID_2003_chunk62.txt
ecg_diagnosis_input_1986_chunk33.txt,ecg_diagnosis_input_1986_chunk33.txt,1,1,ecg_diagnosis_deID_1986_chunk33.txt
ecg_diagnosis_input_2018_chunk9.txt,ecg_diagnosis_input_2018_chunk9.txt,1,1,ecg_diagnosis_deID_2018_chunk9.txt
ecg_diagnosis_input_2003_chunk89.txt,ecg_diagnosis_input_2003_chunk89.txt,1,1,ecg_diagnosis_deID_2003_chunk89.txt
ecg_diagnosis_input_2021_chunk70.txt,ecg_diagnosis_input_2021_chunk70.txt,1,1,ecg_diagnosis_deID_2021_chunk70.txt
ecg_diagnosis_input_2010_chunk263.txt,,,1,ecg_diagnosis_deID_2010_chunk263.txt
ecg_diagnosis_input_2018_chunk53.txt,ecg_diagnosis_input_2018_chunk53.txt,1,1,ecg_diagnosis_deID_2018_chunk53.txt
ecg_diagnosis_input_2005_chunk100.txt,,,1,ecg_diagnosis_deID_2005_chunk100.txt
ecg_diagnosis_input_2004_chunk46.txt,ecg_diagnosis_input_2004_chunk46.txt,1,1,ecg_diagnosis_deID_2004_chunk46.txt
ecg_diagnosis_input_2011_chunk106.txt,,,1,ecg_diagnosis_deID_2011_chunk106.txt
ecg_diagnosis_input_2016_chunk304.txt,ecg_diagnosis_input_2016_chunk304.txt,1,1,ecg_diagnosis_deID_2016_chunk304.txt
ecg_diagnosis_input_2019_chunk393.txt,ecg_diagnosis_input_2019_chunk393.txt,1,1,ecg_diagnosis_deID_2019_chunk393.txt
ecg_diagnosis_input_1991_chunk102.txt,ecg_diagnosis_input_1991_chunk102.txt,1,1,ecg_diagnosis_deID_1991_chunk102.txt
ecg_diagnosis_input_2016_chunk310.txt,,,1,ecg_diagnosis_deID_2016_chunk310.txt
ecg_diagnosis_input_2019_chunk387.txt,,,1,ecg_diagnosis_deID_2019_chunk387.txt
ecg_diagnosis_input_2011_chunk112.txt,,,1,ecg_diagnosis_deID_2011_chunk112.txt
ecg_diagnosis_input_2018_chunk47.txt,,,1,ecg_diagnosis_deID_2018_chunk47.txt
ecg_diagnosis_input_2004_chunk52.txt,ecg_diagnosis_input_2004_chunk52.txt,1,1,ecg_diagnosis_deID_2004_chunk52.txt
ecg_diagnosis_input_2005_chunk114.txt,,,1,ecg_diagnosis_deID_2005_chunk114.txt
ecg_diagnosis_input_2021_chunk64.txt,,,1,ecg_diagnosis_deID_2021_chunk64.txt
ecg_diagnosis_input_2010_chunk277.txt,,,1,ecg_diagnosis_deID_2010_chunk277.txt
ecg_diagnosis_input_2015_chunk13.txt,,,1,ecg_diagnosis_deID_2015_chunk13.txt
ecg_diagnosis_input_1990_chunk42.txt,ecg_diagnosis_input_1990_chunk42.txt,1,1,ecg_diagnosis_deID_1990_chunk42.txt
ecg_diagnosis_input_2016_chunk338.txt,,,1,ecg_diagnosis_deID_2016_chunk338.txt
ecg_diagnosis_input_2014_chunk280.txt,,,1,ecg_diagnosis_deID_2014_chunk280.txt
ecg_diagnosis_input_2022_chunk123.txt,,,1,ecg_diagnosis_deID_2022_chunk123.txt
ecg_diagnosis_input_2021_chunk498.txt,,,1,ecg_diagnosis_deID_2021_chunk498.txt
ecg_diagnosis_input_2014_chunk294.txt,,,1,ecg_diagnosis_deID_2014_chunk294.txt
ecg_diagnosis_input_2022_chunk137.txt,,,1,ecg_diagnosis_deID_2022_chunk137.txt
ecg_diagnosis_input_1997_chunk99.txt,ecg_diagnosis_input_1997_chunk99.txt,1,1,ecg_diagnosis_deID_1997_chunk99.txt
ecg_diagnosis_input_2021_chunk58.txt,,,1,ecg_diagnosis_deID_2021_chunk58.txt
ecg_diagnosis_input_1990_chunk56.txt,ecg_diagnosis_input_1990_chunk56.txt,1,1,ecg_diagnosis_deID_1990_chunk56.txt
ecg_diagnosis_input_2005_chunk128.txt,,,1,ecg_diagnosis_deID_2005_chunk128.txt
ecg_diagnosis_input_2009_chunk12.txt,,,1,ecg_diagnosis_deID_2009_chunk12.txt
ecg_diagnosis_input_1999_chunk156.txt,ecg_diagnosis_input_1999_chunk156.txt,1,1,ecg_diagnosis_deID_1999_chunk156.txt
ecg_diagnosis_input_2021_chunk665.txt,,,1,ecg_diagnosis_deID_2021_chunk665.txt
ecg_diagnosis_input_1988_chunk28.txt,ecg_diagnosis_input_1988_chunk28.txt,1,1,ecg_diagnosis_deID_1988_chunk28.txt
ecg_diagnosis_input_2020_chunk266.txt,,,1,ecg_diagnosis_deID_2020_chunk266.txt
ecg_diagnosis_input_1999_chunk41.txt,ecg_diagnosis_input_1999_chunk41.txt,1,1,ecg_diagnosis_deID_1999_chunk41.txt
ecg_diagnosis_input_2019_chunk152.txt,,,1,ecg_diagnosis_deID_2019_chunk152.txt
ecg_diagnosis_input_2020_chunk500.txt,,,1,ecg_diagnosis_deID_2020_chunk500.txt
ecg_diagnosis_input_2015_chunk318.txt,,,1,ecg_diagnosis_deID_2015_chunk318.txt
ecg_diagnosis_input_2007_chunk279.txt,,,1,ecg_diagnosis_deID_2007_chunk279.txt
ecg_diagnosis_input_2018_chunk237.txt,,,1,ecg_diagnosis_deID_2018_chunk237.txt
ecg_diagnosis_input_2021_chunk103.txt,,,1,ecg_diagnosis_deID_2021_chunk103.txt
ecg_diagnosis_input_2018_chunk223.txt,,,1,ecg_diagnosis_deID_2018_chunk223.txt
ecg_diagnosis_input_2021_chunk117.txt,,,1,ecg_diagnosis_deID_2021_chunk117.txt
ecg_diagnosis_input_2020_chunk514.txt,,,1,ecg_diagnosis_deID_2020_chunk514.txt
ecg_diagnosis_input_1985_chunk40.txt,ecg_diagnosis_input_1985_chunk40.txt,1,1,ecg_diagnosis_deID_1985_chunk40.txt
ecg_diagnosis_input_2011_chunk78.txt,,,1,ecg_diagnosis_deID_2011_chunk78.txt
ecg_diagnosis_input_2020_chunk272.txt,,,1,ecg_diagnosis_deID_2020_chunk272.txt
ecg_diagnosis_input_1999_chunk55.txt,ecg_diagnosis_input_1999_chunk55.txt,1,1,ecg_diagnosis_deID_1999_chunk55.txt
ecg_diagnosis_input_2000_chunk11.txt,ecg_diagnosis_input_2000_chunk11.txt,1,1,ecg_diagnosis_deID_2000_chunk11.txt
ecg_diagnosis_input_2019_chunk146.txt,,,1,ecg_diagnosis_deID_2019_chunk146.txt
ecg_diagnosis_input_1994_chunk29.txt,ecg_diagnosis_input_1994_chunk29.txt,1,1,ecg_diagnosis_deID_1994_chunk29.txt
ecg_diagnosis_input_2006_chunk108.txt,,,1,ecg_diagnosis_deID_2006_chunk108.txt
ecg_diagnosis_input_1999_chunk142.txt,ecg_diagnosis_input_1999_chunk142.txt,1,1,ecg_diagnosis_deID_1999_chunk142.txt
ecg_diagnosis_input_2013_chunk243.txt,,,1,ecg_diagnosis_deID_2013_chunk243.txt
ecg_diagnosis_input_1988_chunk14.txt,ecg_diagnosis_input_1988_chunk14.txt,1,1,ecg_diagnosis_deID_1988_chunk14.txt
ecg_diagnosis_input_2011_chunk50.txt,,,1,ecg_diagnosis_deID_2011_chunk50.txt
ecg_diagnosis_input_2000_chunk39.txt,ecg_diagnosis_input_2000_chunk39.txt,1,1,ecg_diagnosis_deID_2000_chunk39.txt
ecg_diagnosis_input_2006_chunk120.txt,,,1,ecg_diagnosis_deID_2006_chunk120.txt
ecg_diagnosis_input_2021_chunk659.txt,,,1,ecg_diagnosis_deID_2021_chunk659.txt
ecg_diagnosis_input_2012_chunk126.txt,,,1,ecg_diagnosis_deID_2012_chunk126.txt
ecg_diagnosis_input_2015_chunk324.txt,,,1,ecg_diagnosis_deID_2015_chunk324.txt
ecg_diagnosis_input_2007_chunk245.txt,,,1,ecg_diagnosis_deID_2007_chunk245.txt
ecg_diagnosis_input_2020_chunk528.txt,,,1,ecg_diagnosis_deID_2020_chunk528.txt
ecg_diagnosis_input_2015_chunk330.txt,,,1,ecg_diagnosis_deID_2015_chunk330.txt
ecg_diagnosis_input_2007_chunk251.txt,,,1,ecg_diagnosis_deID_2007_chunk251.txt
ecg_diagnosis_input_2017_chunk288.txt,,,1,ecg_diagnosis_deID_2017_chunk288.txt
ecg_diagnosis_input_2012_chunk132.txt,,,1,ecg_diagnosis_deID_2012_chunk132.txt
ecg_diagnosis_input_2006_chunk134.txt,,,1,ecg_diagnosis_deID_2006_chunk134.txt
ecg_diagnosis_input_2013_chunk257.txt,,,1,ecg_diagnosis_deID_2013_chunk257.txt
ecg_diagnosis_input_2011_chunk44.txt,,,1,ecg_diagnosis_deID_2011_chunk44.txt
ecg_diagnosis_input_1994_chunk15.txt,ecg_diagnosis_input_1994_chunk15.txt,1,1,ecg_diagnosis_deID_1994_chunk15.txt
ecg_diagnosis_input_1999_chunk69.txt,ecg_diagnosis_input_1999_chunk69.txt,1,1,ecg_diagnosis_deID_1999_chunk69.txt
ecg_diagnosis_input_1999_chunk82.txt,ecg_diagnosis_input_1999_chunk82.txt,1,1,ecg_diagnosis_deID_1999_chunk82.txt
ecg_diagnosis_input_2019_chunk191.txt,,,1,ecg_diagnosis_deID_2019_chunk191.txt
ecg_diagnosis_input_2016_chunk106.txt,,,1,ecg_diagnosis_deID_2016_chunk106.txt
ecg_diagnosis_input_2009_chunk148.txt,,,1,ecg_diagnosis_deID_2009_chunk148.txt
ecg_diagnosis_input_1996_chunk102.txt,ecg_diagnosis_input_1996_chunk102.txt,1,1,ecg_diagnosis_deID_1996_chunk102.txt
ecg_diagnosis_input_1993_chunk31.txt,ecg_diagnosis_input_1993_chunk31.txt,1,1,ecg_diagnosis_deID_1993_chunk31.txt
ecg_diagnosis_input_2016_chunk60.txt,,,1,ecg_diagnosis_deID_2016_chunk60.txt
ecg_diagnosis_input_2011_chunk304.txt,,,1,ecg_diagnosis_deID_2011_chunk304.txt
ecg_diagnosis_input_2017_chunk263.txt,,,1,ecg_diagnosis_deID_2017_chunk263.txt
ecg_diagnosis_input_2002_chunk100.txt,ecg_diagnosis_input_2002_chunk100.txt,1,1,ecg_diagnosis_deID_2002_chunk100.txt
ecg_diagnosis_input_2002_chunk114.txt,ecg_diagnosis_input_2002_chunk114.txt,1,1,ecg_diagnosis_deID_2002_chunk114.txt
ecg_diagnosis_input_2008_chunk239.txt,,,1,ecg_diagnosis_deID_2008_chunk239.txt
ecg_diagnosis_input_2017_chunk277.txt,,,1,ecg_diagnosis_deID_2017_chunk277.txt
ecg_diagnosis_input_1996_chunk116.txt,ecg_diagnosis_input_1996_chunk116.txt,1,1,ecg_diagnosis_deID_1996_chunk116.txt
ecg_diagnosis_input_2022_chunk309.txt,,,1,ecg_diagnosis_deID_2022_chunk309.txt
ecg_diagnosis_input_1993_chunk25.txt,ecg_diagnosis_input_1993_chunk25.txt,1,1,ecg_diagnosis_deID_1993_chunk25.txt
ecg_diagnosis_input_2011_chunk310.txt,,,1,ecg_diagnosis_deID_2011_chunk310.txt
ecg_diagnosis_input_2016_chunk74.txt,,,1,ecg_diagnosis_deID_2016_chunk74.txt
ecg_diagnosis_input_1999_chunk96.txt,ecg_diagnosis_input_1999_chunk96.txt,1,1,ecg_diagnosis_deID_1999_chunk96.txt
ecg_diagnosis_input_2019_chunk185.txt,,,1,ecg_diagnosis_deID_2019_chunk185.txt
ecg_diagnosis_input_2016_chunk112.txt,,,1,ecg_diagnosis_deID_2016_chunk112.txt
ecg_diagnosis_input_2022_chunk321.txt,,,1,ecg_diagnosis_deID_2022_chunk321.txt
ecg_diagnosis_input_2009_chunk174.txt,,,1,ecg_diagnosis_deID_2009_chunk174.txt
ecg_diagnosis_input_2007_chunk35.txt,,,1,ecg_diagnosis_deID_2007_chunk35.txt
ecg_diagnosis_input_2011_chunk338.txt,,,1,ecg_diagnosis_deID_2011_chunk338.txt
ecg_diagnosis_input_2020_chunk299.txt,,,1,ecg_diagnosis_deID_2020_chunk299.txt
ecg_diagnosis_input_2011_chunk93.txt,,,1,ecg_diagnosis_deID_2011_chunk93.txt
ecg_diagnosis_input_2013_chunk280.txt,,,1,ecg_diagnosis_deID_2013_chunk280.txt
ecg_diagnosis_input_2007_chunk286.txt,,,1,ecg_diagnosis_deID_2007_chunk286.txt
ecg_diagnosis_input_2008_chunk211.txt,,,1,ecg_diagnosis_deID_2008_chunk211.txt
ecg_diagnosis_input_1993_chunk6.txt,ecg_diagnosis_input_1993_chunk6.txt,1,1,ecg_diagnosis_deID_1993_chunk6.txt
ecg_diagnosis_input_2002_chunk128.txt,ecg_diagnosis_input_2002_chunk128.txt,1,1,ecg_diagnosis_deID_2002_chunk128.txt
ecg_diagnosis_input_2007_chunk292.txt,,,1,ecg_diagnosis_deID_2007_chunk292.txt
ecg_diagnosis_input_1982_chunk4.txt,ecg_diagnosis_input_1982_chunk4.txt,1,1,ecg_diagnosis_deID_1982_chunk4.txt
ecg_diagnosis_input_2008_chunk205.txt,,,1,ecg_diagnosis_deID_2008_chunk205.txt
ecg_diagnosis_input_2011_chunk87.txt,,,1,ecg_diagnosis_deID_2011_chunk87.txt
ecg_diagnosis_input_2022_chunk17.txt,,,1,ecg_diagnosis_deID_2022_chunk17.txt
ecg_diagnosis_input_2013_chunk294.txt,,,1,ecg_diagnosis_deID_2013_chunk294.txt
ecg_diagnosis_input_2022_chunk335.txt,,,1,ecg_diagnosis_deID_2022_chunk335.txt
ecg_diagnosis_input_2009_chunk160.txt,,,1,ecg_diagnosis_deID_2009_chunk160.txt
ecg_diagnosis_input_2007_chunk21.txt,,,1,ecg_diagnosis_deID_2007_chunk21.txt
ecg_diagnosis_input_1993_chunk19.txt,ecg_diagnosis_input_1993_chunk19.txt,1,1,ecg_diagnosis_deID_1993_chunk19.txt
ecg_diagnosis_input_2016_chunk48.txt,,,1,ecg_diagnosis_deID_2016_chunk48.txt
ecg_diagnosis_input_2002_chunk30.txt,ecg_diagnosis_input_2002_chunk30.txt,1,1,ecg_diagnosis_deID_2002_chunk30.txt
ecg_diagnosis_input_2018_chunk425.txt,,,1,ecg_diagnosis_deID_2018_chunk425.txt
ecg_diagnosis_input_2013_chunk59.txt,,,1,ecg_diagnosis_deID_2013_chunk59.txt
ecg_diagnosis_input_1987_chunk61.txt,ecg_diagnosis_input_1987_chunk61.txt,1,1,ecg_diagnosis_deID_1987_chunk61.txt
ecg_diagnosis_input_2014_chunk109.txt,,,1,ecg_diagnosis_deID_2014_chunk109.txt
ecg_diagnosis_input_2020_chunk312.txt,,,1,ecg_diagnosis_deID_2020_chunk312.txt
ecg_diagnosis_input_2014_chunk96.txt,,,1,ecg_diagnosis_deID_2014_chunk96.txt
ecg_diagnosis_input_2008_chunk83.txt,,,1,ecg_diagnosis_deID_2008_chunk83.txt
ecg_diagnosis_input_2020_chunk474.txt,,,1,ecg_diagnosis_deID_2020_chunk474.txt
ecg_diagnosis_input_2018_chunk343.txt,,,1,ecg_diagnosis_deID_2018_chunk343.txt
ecg_diagnosis_input_2018_chunk357.txt,,,1,ecg_diagnosis_deID_2018_chunk357.txt
ecg_diagnosis_input_2015_chunk278.txt,,,1,ecg_diagnosis_deID_2015_chunk278.txt
ecg_diagnosis_input_2020_chunk460.txt,,,1,ecg_diagnosis_deID_2020_chunk460.txt
ecg_diagnosis_input_1994_chunk119.txt,ecg_diagnosis_input_1994_chunk119.txt,1,1,ecg_diagnosis_deID_1994_chunk119.txt
ecg_diagnosis_input_2020_chunk306.txt,,,1,ecg_diagnosis_deID_2020_chunk306.txt
ecg_diagnosis_input_2014_chunk82.txt,,,1,ecg_diagnosis_deID_2014_chunk82.txt
ecg_diagnosis_input_2008_chunk97.txt,,,1,ecg_diagnosis_deID_2008_chunk97.txt
ecg_diagnosis_input_2002_chunk24.txt,ecg_diagnosis_input_2002_chunk24.txt,1,1,ecg_diagnosis_deID_2002_chunk24.txt
ecg_diagnosis_input_2018_chunk431.txt,,,1,ecg_diagnosis_deID_2018_chunk431.txt
ecg_diagnosis_input_1987_chunk75.txt,ecg_diagnosis_input_1987_chunk75.txt,1,1,ecg_diagnosis_deID_1987_chunk75.txt
ecg_diagnosis_input_1994_chunk131.txt,ecg_diagnosis_input_1994_chunk131.txt,1,1,ecg_diagnosis_deID_1994_chunk131.txt
ecg_diagnosis_input_2013_chunk337.txt,,,1,ecg_diagnosis_deID_2013_chunk337.txt
ecg_diagnosis_input_2018_chunk419.txt,,,1,ecg_diagnosis_deID_2018_chunk419.txt
ecg_diagnosis_input_2022_chunk296.txt,,,1,ecg_diagnosis_deID_2022_chunk296.txt
ecg_diagnosis_input_1996_chunk34.txt,ecg_diagnosis_input_1996_chunk34.txt,1,1,ecg_diagnosis_deID_1996_chunk34.txt
ecg_diagnosis_input_2013_chunk65.txt,,,1,ecg_diagnosis_deID_2013_chunk65.txt
ecg_diagnosis_input_2014_chunk135.txt,,,1,ecg_diagnosis_deID_2014_chunk135.txt
ecg_diagnosis_input_2000_chunk133.txt,ecg_diagnosis_input_2000_chunk133.txt,1,1,ecg_diagnosis_deID_2000_chunk133.txt
ecg_diagnosis_input_2015_chunk250.txt,,,1,ecg_diagnosis_deID_2015_chunk250.txt
ecg_diagnosis_input_2020_chunk448.txt,,,1,ecg_diagnosis_deID_2020_chunk448.txt
ecg_diagnosis_input_2015_chunk244.txt,,,1,ecg_diagnosis_deID_2015_chunk244.txt
ecg_diagnosis_input_2000_chunk127.txt,ecg_diagnosis_input_2000_chunk127.txt,1,1,ecg_diagnosis_deID_2000_chunk127.txt
ecg_diagnosis_input_2022_chunk282.txt,,,1,ecg_diagnosis_deID_2022_chunk282.txt
ecg_diagnosis_input_2002_chunk18.txt,ecg_diagnosis_input_2002_chunk18.txt,1,1,ecg_diagnosis_deID_2002_chunk18.txt
ecg_diagnosis_input_1996_chunk20.txt,ecg_diagnosis_input_1996_chunk20.txt,1,1,ecg_diagnosis_deID_1996_chunk20.txt
ecg_diagnosis_input_1987_chunk49.txt,ecg_diagnosis_input_1987_chunk49.txt,1,1,ecg_diagnosis_deID_1987_chunk49.txt
ecg_diagnosis_input_2013_chunk71.txt,,,1,ecg_diagnosis_deID_2013_chunk71.txt
ecg_diagnosis_input_2014_chunk121.txt,,,1,ecg_diagnosis_deID_2014_chunk121.txt
ecg_diagnosis_input_1994_chunk125.txt,ecg_diagnosis_input_1994_chunk125.txt,1,1,ecg_diagnosis_deID_1994_chunk125.txt
ecg_diagnosis_input_2013_chunk323.txt,,,1,ecg_diagnosis_deID_2013_chunk323.txt
ecg_diagnosis_input_2014_chunk55.txt,,,1,ecg_diagnosis_deID_2014_chunk55.txt
ecg_diagnosis_input_2004_chunk113.txt,ecg_diagnosis_input_2004_chunk113.txt,1,1,ecg_diagnosis_deID_2004_chunk113.txt
ecg_diagnosis_input_2019_chunk29.txt,,,1,ecg_diagnosis_deID_2019_chunk29.txt
ecg_diagnosis_input_2008_chunk40.txt,,,1,ecg_diagnosis_deID_2008_chunk40.txt
ecg_diagnosis_input_2021_chunk4.txt,,,1,ecg_diagnosis_deID_2021_chunk4.txt
ecg_diagnosis_input_2011_chunk270.txt,,,1,ecg_diagnosis_deID_2011_chunk270.txt
ecg_diagnosis_input_2017_chunk471.txt,,,1,ecg_diagnosis_deID_2017_chunk471.txt
ecg_diagnosis_input_2022_chunk269.txt,,,1,ecg_diagnosis_deID_2022_chunk269.txt
ecg_diagnosis_input_1990_chunk111.txt,ecg_diagnosis_input_1990_chunk111.txt,1,1,ecg_diagnosis_deID_1990_chunk111.txt
ecg_diagnosis_input_2018_chunk380.txt,,,1,ecg_diagnosis_deID_2018_chunk380.txt
ecg_diagnosis_input_2017_chunk317.txt,,,1,ecg_diagnosis_deID_2017_chunk317.txt
ecg_diagnosis_input_2010_chunk115.txt,,,1,ecg_diagnosis_deID_2010_chunk115.txt
ecg_diagnosis_input_2010_chunk101.txt,,,1,ecg_diagnosis_deID_2010_chunk101.txt
ecg_diagnosis_input_1990_chunk105.txt,ecg_diagnosis_input_1990_chunk105.txt,1,1,ecg_diagnosis_deID_1990_chunk105.txt
ecg_diagnosis_input_2018_chunk394.txt,,,1,ecg_diagnosis_deID_2018_chunk394.txt
ecg_diagnosis_input_2017_chunk303.txt,,,1,ecg_diagnosis_deID_2017_chunk303.txt
ecg_diagnosis_input_2005_chunk262.txt,,,1,ecg_diagnosis_deID_2005_chunk262.txt
ecg_diagnosis_input_2011_chunk264.txt,,,1,ecg_diagnosis_deID_2011_chunk264.txt
ecg_diagnosis_input_2017_chunk465.txt,,,1,ecg_diagnosis_deID_2017_chunk465.txt
ecg_diagnosis_input_2004_chunk107.txt,ecg_diagnosis_input_2004_chunk107.txt,1,1,ecg_diagnosis_deID_2004_chunk107.txt
ecg_diagnosis_input_2014_chunk41.txt,,,1,ecg_diagnosis_deID_2014_chunk41.txt
ecg_diagnosis_input_2008_chunk54.txt,,,1,ecg_diagnosis_deID_2008_chunk54.txt
ecg_diagnosis_input_2005_chunk28.txt,,,1,ecg_diagnosis_deID_2005_chunk28.txt
ecg_diagnosis_input_1991_chunk10.txt,ecg_diagnosis_input_1991_chunk10.txt,1,1,ecg_diagnosis_deID_1991_chunk10.txt
ecg_diagnosis_input_2022_chunk255.txt,,,1,ecg_diagnosis_deID_2022_chunk255.txt
ecg_diagnosis_input_2020_chunk36.txt,,,1,ecg_diagnosis_deID_2020_chunk36.txt
ecg_diagnosis_input_2019_chunk15.txt,,,1,ecg_diagnosis_deID_2019_chunk15.txt
ecg_diagnosis_input_2014_chunk69.txt,,,1,ecg_diagnosis_deID_2014_chunk69.txt
ecg_diagnosis_input_1991_chunk38.txt,ecg_diagnosis_input_1991_chunk38.txt,1,1,ecg_diagnosis_deID_1991_chunk38.txt
ecg_diagnosis_input_2010_chunk129.txt,,,1,ecg_diagnosis_deID_2010_chunk129.txt
ecg_diagnosis_input_2015_chunk293.txt,,,1,ecg_diagnosis_deID_2015_chunk293.txt
ecg_diagnosis_input_2015_chunk287.txt,,,1,ecg_diagnosis_deID_2015_chunk287.txt
ecg_diagnosis_input_2005_chunk14.txt,,,1,ecg_diagnosis_deID_2005_chunk14.txt
ecg_diagnosis_input_2008_chunk68.txt,,,1,ecg_diagnosis_deID_2008_chunk68.txt
ecg_diagnosis_input_2016_chunk4.txt,,,1,ecg_diagnosis_deID_2016_chunk4.txt
ecg_diagnosis_input_2011_chunk258.txt,,,1,ecg_diagnosis_deID_2011_chunk258.txt
ecg_diagnosis_input_2017_chunk459.txt,,,1,ecg_diagnosis_deID_2017_chunk459.txt
ecg_diagnosis_input_2007_chunk6.txt,,,1,ecg_diagnosis_deID_2007_chunk6.txt
ecg_diagnosis_input_2022_chunk241.txt,,,1,ecg_diagnosis_deID_2022_chunk241.txt
ecg_diagnosis_input_2020_chunk22.txt,,,1,ecg_diagnosis_deID_2020_chunk22.txt
ecg_diagnosis_input_2010_chunk16.txt,,,1,ecg_diagnosis_deID_2010_chunk16.txt
ecg_diagnosis_input_2018_chunk141.txt,,,1,ecg_diagnosis_deID_2018_chunk141.txt
ecg_diagnosis_input_1989_chunk52.txt,ecg_diagnosis_input_1989_chunk52.txt,1,1,ecg_diagnosis_deID_1989_chunk52.txt
ecg_diagnosis_input_2021_chunk275.txt,,,1,ecg_diagnosis_deID_2021_chunk275.txt
ecg_diagnosis_input_1995_chunk47.txt,ecg_diagnosis_input_1995_chunk47.txt,1,1,ecg_diagnosis_deID_1995_chunk47.txt
ecg_diagnosis_input_2019_chunk542.txt,,,1,ecg_diagnosis_deID_2019_chunk542.txt
ecg_diagnosis_input_2008_chunk198.txt,,,1,ecg_diagnosis_deID_2008_chunk198.txt
ecg_diagnosis_input_1992_chunk88.txt,ecg_diagnosis_input_1992_chunk88.txt,1,1,ecg_diagnosis_deID_1992_chunk88.txt
ecg_diagnosis_input_1998_chunk145.txt,ecg_diagnosis_input_1998_chunk145.txt,1,1,ecg_diagnosis_deID_1998_chunk145.txt
ecg_diagnosis_input_2013_chunk109.txt,,,1,ecg_diagnosis_deID_2013_chunk109.txt
ecg_diagnosis_input_2020_chunk110.txt,,,1,ecg_diagnosis_deID_2020_chunk110.txt
ecg_diagnosis_input_2019_chunk224.txt,,,1,ecg_diagnosis_deID_2019_chunk224.txt
ecg_diagnosis_input_2021_chunk513.txt,,,1,ecg_diagnosis_deID_2021_chunk513.txt
ecg_diagnosis_input_2021_chunk507.txt,,,1,ecg_diagnosis_deID_2021_chunk507.txt
ecg_diagnosis_input_2020_chunk104.txt,,,1,ecg_diagnosis_deID_2020_chunk104.txt
ecg_diagnosis_input_2019_chunk230.txt,,,1,ecg_diagnosis_deID_2019_chunk230.txt
ecg_diagnosis_input_2019_chunk556.txt,,,1,ecg_diagnosis_deID_2019_chunk556.txt
ecg_diagnosis_input_1998_chunk151.txt,ecg_diagnosis_input_1998_chunk151.txt,1,1,ecg_diagnosis_deID_1998_chunk151.txt
ecg_diagnosis_input_2018_chunk155.txt,,,1,ecg_diagnosis_deID_2018_chunk155.txt
ecg_diagnosis_input_1989_chunk46.txt,ecg_diagnosis_input_1989_chunk46.txt,1,1,ecg_diagnosis_deID_1989_chunk46.txt
ecg_diagnosis_input_2021_chunk261.txt,,,1,ecg_diagnosis_deID_2021_chunk261.txt
ecg_diagnosis_input_1995_chunk53.txt,ecg_diagnosis_input_1995_chunk53.txt,1,1,ecg_diagnosis_deID_1995_chunk53.txt
ecg_diagnosis_input_2012_chunk278.txt,,,1,ecg_diagnosis_deID_2012_chunk278.txt
ecg_diagnosis_input_2004_chunk8.txt,ecg_diagnosis_input_2004_chunk8.txt,1,1,ecg_diagnosis_deID_2004_chunk8.txt
ecg_diagnosis_input_2007_chunk133.txt,,,1,ecg_diagnosis_deID_2007_chunk133.txt
ecg_diagnosis_input_1984_chunk12.txt,ecg_diagnosis_input_1984_chunk12.txt,1,1,ecg_diagnosis_deID_1984_chunk12.txt
ecg_diagnosis_input_2001_chunk43.txt,ecg_diagnosis_input_2001_chunk43.txt,1,1,ecg_diagnosis_deID_2001_chunk43.txt
ecg_diagnosis_input_2021_chunk249.txt,,,1,ecg_diagnosis_deID_2021_chunk249.txt
ecg_diagnosis_input_2012_chunk250.txt,,,1,ecg_diagnosis_deID_2012_chunk250.txt
ecg_diagnosis_input_2006_chunk256.txt,,,1,ecg_diagnosis_deID_2006_chunk256.txt
ecg_diagnosis_input_2014_chunk337.txt,,,1,ecg_diagnosis_deID_2014_chunk337.txt
ecg_diagnosis_input_2013_chunk135.txt,,,1,ecg_diagnosis_deID_2013_chunk135.txt
ecg_diagnosis_input_2019_chunk218.txt,,,1,ecg_diagnosis_deID_2019_chunk218.txt
ecg_diagnosis_input_2013_chunk121.txt,,,1,ecg_diagnosis_deID_2013_chunk121.txt
ecg_diagnosis_input_1996_chunk3.txt,ecg_diagnosis_input_1996_chunk3.txt,1,1,ecg_diagnosis_deID_1996_chunk3.txt
ecg_diagnosis_input_2020_chunk138.txt,,,1,ecg_diagnosis_deID_2020_chunk138.txt
ecg_diagnosis_input_2006_chunk242.txt,,,1,ecg_diagnosis_deID_2006_chunk242.txt
ecg_diagnosis_input_2014_chunk323.txt,,,1,ecg_diagnosis_deID_2014_chunk323.txt
ecg_diagnosis_input_1987_chunk1.txt,ecg_diagnosis_input_1987_chunk1.txt,1,1,ecg_diagnosis_deID_1987_chunk1.txt
ecg_diagnosis_input_2018_chunk169.txt,,,1,ecg_diagnosis_deID_2018_chunk169.txt
ecg_diagnosis_input_2001_chunk57.txt,ecg_diagnosis_input_2001_chunk57.txt,1,1,ecg_diagnosis_deID_2001_chunk57.txt
ecg_diagnosis_input_1998_chunk13.txt,ecg_diagnosis_input_1998_chunk13.txt,1,1,ecg_diagnosis_deID_1998_chunk13.txt
ecg_diagnosis_input_2012_chunk244.txt,,,1,ecg_diagnosis_deID_2012_chunk244.txt
ecg_diagnosis_input_2006_chunk98.txt,,,1,ecg_diagnosis_deID_2006_chunk98.txt
ecg_diagnosis_input_2007_chunk127.txt,,,1,ecg_diagnosis_deID_2007_chunk127.txt
ecg_diagnosis_input_2010_chunk317.txt,,,1,ecg_diagnosis_deID_2010_chunk317.txt
ecg_diagnosis_input_2006_chunk73.txt,,,1,ecg_diagnosis_deID_2006_chunk73.txt
ecg_diagnosis_input_1983_chunk22.txt,ecg_diagnosis_input_1983_chunk22.txt,1,1,ecg_diagnosis_deID_1983_chunk22.txt
ecg_diagnosis_input_2019_chunk581.txt,,,1,ecg_diagnosis_deID_2019_chunk581.txt
ecg_diagnosis_input_1997_chunk111.txt,ecg_diagnosis_input_1997_chunk111.txt,1,1,ecg_diagnosis_deID_1997_chunk111.txt
ecg_diagnosis_input_2017_chunk115.txt,,,1,ecg_diagnosis_deID_2017_chunk115.txt
ecg_diagnosis_input_2018_chunk182.txt,,,1,ecg_diagnosis_deID_2018_chunk182.txt
ecg_diagnosis_input_1989_chunk91.txt,ecg_diagnosis_input_1989_chunk91.txt,1,1,ecg_diagnosis_deID_1989_chunk91.txt
ecg_diagnosis_input_1995_chunk84.txt,ecg_diagnosis_input_1995_chunk84.txt,1,1,ecg_diagnosis_deID_1995_chunk84.txt
ecg_diagnosis_input_2003_chunk113.txt,ecg_diagnosis_input_2003_chunk113.txt,1,1,ecg_diagnosis_deID_2003_chunk113.txt
ecg_diagnosis_input_2016_chunk270.txt,,,1,ecg_diagnosis_deID_2016_chunk270.txt
ecg_diagnosis_input_2016_chunk264.txt,,,1,ecg_diagnosis_deID_2016_chunk264.txt
ecg_diagnosis_input_2003_chunk107.txt,ecg_diagnosis_input_2003_chunk107.txt,1,1,ecg_diagnosis_deID_2003_chunk107.txt
ecg_diagnosis_input_2017_chunk101.txt,,,1,ecg_diagnosis_deID_2017_chunk101.txt
ecg_diagnosis_input_2018_chunk196.txt,,,1,ecg_diagnosis_deID_2018_chunk196.txt
ecg_diagnosis_input_1989_chunk85.txt,ecg_diagnosis_input_1989_chunk85.txt,1,1,ecg_diagnosis_deID_1989_chunk85.txt
ecg_diagnosis_input_1995_chunk90.txt,ecg_diagnosis_input_1995_chunk90.txt,1,1,ecg_diagnosis_deID_1995_chunk90.txt
ecg_diagnosis_input_2006_chunk67.txt,,,1,ecg_diagnosis_deID_2006_chunk67.txt
ecg_diagnosis_input_2010_chunk303.txt,,,1,ecg_diagnosis_deID_2010_chunk303.txt
ecg_diagnosis_input_1983_chunk36.txt,ecg_diagnosis_input_1983_chunk36.txt,1,1,ecg_diagnosis_deID_1983_chunk36.txt
ecg_diagnosis_input_1997_chunk105.txt,ecg_diagnosis_input_1997_chunk105.txt,1,1,ecg_diagnosis_deID_1997_chunk105.txt
ecg_diagnosis_input_2012_chunk293.txt,,,1,ecg_diagnosis_deID_2012_chunk293.txt
ecg_diagnosis_input_2017_chunk129.txt,,,1,ecg_diagnosis_deID_2017_chunk129.txt
ecg_diagnosis_input_2001_chunk80.txt,ecg_diagnosis_input_2001_chunk80.txt,1,1,ecg_diagnosis_deID_2001_chunk80.txt
ecg_diagnosis_input_1992_chunk77.txt,ecg_diagnosis_input_1992_chunk77.txt,1,1,ecg_diagnosis_deID_1992_chunk77.txt
ecg_diagnosis_input_2017_chunk26.txt,,,1,ecg_diagnosis_deID_2017_chunk26.txt
ecg_diagnosis_input_2008_chunk167.txt,,,1,ecg_diagnosis_deID_2008_chunk167.txt
ecg_diagnosis_input_2009_chunk202.txt,,,1,ecg_diagnosis_deID_2009_chunk202.txt
ecg_diagnosis_input_2006_chunk295.txt,,,1,ecg_diagnosis_deID_2006_chunk295.txt
ecg_diagnosis_input_2009_chunk216.txt,,,1,ecg_diagnosis_deID_2009_chunk216.txt
ecg_diagnosis_input_2006_chunk281.txt,,,1,ecg_diagnosis_deID_2006_chunk281.txt
ecg_diagnosis_input_2016_chunk258.txt,,,1,ecg_diagnosis_deID_2016_chunk258.txt
ecg_diagnosis_input_1992_chunk63.txt,ecg_diagnosis_input_1992_chunk63.txt,1,1,ecg_diagnosis_deID_1992_chunk63.txt
ecg_diagnosis_input_2017_chunk32.txt,,,1,ecg_diagnosis_deID_2017_chunk32.txt
ecg_diagnosis_input_2008_chunk173.txt,,,1,ecg_diagnosis_deID_2008_chunk173.txt
ecg_diagnosis_input_1997_chunk139.txt,ecg_diagnosis_input_1997_chunk139.txt,1,1,ecg_diagnosis_deID_1997_chunk139.txt
ecg_diagnosis_input_2012_chunk287.txt,,,1,ecg_diagnosis_deID_2012_chunk287.txt
ecg_diagnosis_input_2001_chunk94.txt,ecg_diagnosis_input_2001_chunk94.txt,1,1,ecg_diagnosis_deID_2001_chunk94.txt
ecg_diagnosis_input_2016_chunk259.txt,,,1,ecg_diagnosis_deID_2016_chunk259.txt
ecg_diagnosis_input_2006_chunk280.txt,,,1,ecg_diagnosis_deID_2006_chunk280.txt
ecg_diagnosis_input_2009_chunk217.txt,,,1,ecg_diagnosis_deID_2009_chunk217.txt
ecg_diagnosis_input_2001_chunk95.txt,ecg_diagnosis_input_2001_chunk95.txt,1,1,ecg_diagnosis_deID_2001_chunk95.txt
ecg_diagnosis_input_2012_chunk286.txt,,,1,ecg_diagnosis_deID_2012_chunk286.txt
ecg_diagnosis_input_1997_chunk138.txt,ecg_diagnosis_input_1997_chunk138.txt,1,1,ecg_diagnosis_deID_1997_chunk138.txt
ecg_diagnosis_input_2008_chunk172.txt,,,1,ecg_diagnosis_deID_2008_chunk172.txt
ecg_diagnosis_input_2017_chunk33.txt,,,1,ecg_diagnosis_deID_2017_chunk33.txt
ecg_diagnosis_input_1992_chunk62.txt,ecg_diagnosis_input_1992_chunk62.txt,1,1,ecg_diagnosis_deID_1992_chunk62.txt
ecg_diagnosis_input_2008_chunk166.txt,,,1,ecg_diagnosis_deID_2008_chunk166.txt
ecg_diagnosis_input_2017_chunk27.txt,,,1,ecg_diagnosis_deID_2017_chunk27.txt
ecg_diagnosis_input_1992_chunk76.txt,ecg_diagnosis_input_1992_chunk76.txt,1,1,ecg_diagnosis_deID_1992_chunk76.txt
ecg_diagnosis_input_2001_chunk81.txt,ecg_diagnosis_input_2001_chunk81.txt,1,1,ecg_diagnosis_deID_2001_chunk81.txt
ecg_diagnosis_input_2017_chunk128.txt,,,1,ecg_diagnosis_deID_2017_chunk128.txt
ecg_diagnosis_input_2012_chunk292.txt,,,1,ecg_diagnosis_deID_2012_chunk292.txt
ecg_diagnosis_input_2006_chunk294.txt,,,1,ecg_diagnosis_deID_2006_chunk294.txt
ecg_diagnosis_input_2009_chunk203.txt,,,1,ecg_diagnosis_deID_2009_chunk203.txt
ecg_diagnosis_input_2003_chunk106.txt,ecg_diagnosis_input_2003_chunk106.txt,1,1,ecg_diagnosis_deID_2003_chunk106.txt
ecg_diagnosis_input_2016_chunk265.txt,,,1,ecg_diagnosis_deID_2016_chunk265.txt
ecg_diagnosis_input_1997_chunk104.txt,ecg_diagnosis_input_1997_chunk104.txt,1,1,ecg_diagnosis_deID_1997_chunk104.txt
ecg_diagnosis_input_1983_chunk37.txt,ecg_diagnosis_input_1983_chunk37.txt,1,1,ecg_diagnosis_deID_1983_chunk37.txt
ecg_diagnosis_input_2010_chunk302.txt,,,1,ecg_diagnosis_deID_2010_chunk302.txt
ecg_diagnosis_input_2006_chunk66.txt,,,1,ecg_diagnosis_deID_2006_chunk66.txt
ecg_diagnosis_input_1995_chunk91.txt,ecg_diagnosis_input_1995_chunk91.txt,1,1,ecg_diagnosis_deID_1995_chunk91.txt
ecg_diagnosis_input_1989_chunk84.txt,ecg_diagnosis_input_1989_chunk84.txt,1,1,ecg_diagnosis_deID_1989_chunk84.txt
ecg_diagnosis_input_2018_chunk197.txt,,,1,ecg_diagnosis_deID_2018_chunk197.txt
ecg_diagnosis_input_2017_chunk100.txt,,,1,ecg_diagnosis_deID_2017_chunk100.txt
ecg_diagnosis_input_1995_chunk85.txt,ecg_diagnosis_input_1995_chunk85.txt,1,1,ecg_diagnosis_deID_1995_chunk85.txt
ecg_diagnosis_input_1989_chunk90.txt,ecg_diagnosis_input_1989_chunk90.txt,1,1,ecg_diagnosis_deID_1989_chunk90.txt
ecg_diagnosis_input_2018_chunk183.txt,,,1,ecg_diagnosis_deID_2018_chunk183.txt
ecg_diagnosis_input_2017_chunk114.txt,,,1,ecg_diagnosis_deID_2017_chunk114.txt
ecg_diagnosis_input_2019_chunk580.txt,,,1,ecg_diagnosis_deID_2019_chunk580.txt
ecg_diagnosis_input_1997_chunk110.txt,ecg_diagnosis_input_1997_chunk110.txt,1,1,ecg_diagnosis_deID_1997_chunk110.txt
ecg_diagnosis_input_1983_chunk23.txt,ecg_diagnosis_input_1983_chunk23.txt,1,1,ecg_diagnosis_deID_1983_chunk23.txt
ecg_diagnosis_input_2006_chunk72.txt,,,1,ecg_diagnosis_deID_2006_chunk72.txt
ecg_diagnosis_input_2010_chunk316.txt,,,1,ecg_diagnosis_deID_2010_chunk316.txt
ecg_diagnosis_input_2016_chunk271.txt,,,1,ecg_diagnosis_deID_2016_chunk271.txt
ecg_diagnosis_input_2003_chunk112.txt,ecg_diagnosis_input_2003_chunk112.txt,1,1,ecg_diagnosis_deID_2003_chunk112.txt
ecg_diagnosis_input_2014_chunk322.txt,,,1,ecg_diagnosis_deID_2014_chunk322.txt
ecg_diagnosis_input_2006_chunk243.txt,,,1,ecg_diagnosis_deID_2006_chunk243.txt
ecg_diagnosis_input_2020_chunk139.txt,,,1,ecg_diagnosis_deID_2020_chunk139.txt
ecg_diagnosis_input_2013_chunk120.txt,,,1,ecg_diagnosis_deID_2013_chunk120.txt
ecg_diagnosis_input_1996_chunk2.txt,ecg_diagnosis_input_1996_chunk2.txt,1,1,ecg_diagnosis_deID_1996_chunk2.txt
ecg_diagnosis_input_2007_chunk126.txt,,,1,ecg_diagnosis_deID_2007_chunk126.txt
ecg_diagnosis_input_2006_chunk99.txt,,,1,ecg_diagnosis_deID_2006_chunk99.txt
ecg_diagnosis_input_2012_chunk245.txt,,,1,ecg_diagnosis_deID_2012_chunk245.txt
ecg_diagnosis_input_1998_chunk12.txt,ecg_diagnosis_input_1998_chunk12.txt,1,1,ecg_diagnosis_deID_1998_chunk12.txt
ecg_diagnosis_input_2001_chunk56.txt,ecg_diagnosis_input_2001_chunk56.txt,1,1,ecg_diagnosis_deID_2001_chunk56.txt
ecg_diagnosis_input_2018_chunk168.txt,,,1,ecg_diagnosis_deID_2018_chunk168.txt
ecg_diagnosis_input_2012_chunk251.txt,,,1,ecg_diagnosis_deID_2012_chunk251.txt
ecg_diagnosis_input_2021_chunk248.txt,,,1,ecg_diagnosis_deID_2021_chunk248.txt
ecg_diagnosis_input_2001_chunk42.txt,ecg_diagnosis_input_2001_chunk42.txt,1,1,ecg_diagnosis_deID_2001_chunk42.txt
ecg_diagnosis_input_1984_chunk13.txt,ecg_diagnosis_input_1984_chunk13.txt,1,1,ecg_diagnosis_deID_1984_chunk13.txt
ecg_diagnosis_input_2007_chunk132.txt,,,1,ecg_diagnosis_deID_2007_chunk132.txt
ecg_diagnosis_input_2004_chunk9.txt,ecg_diagnosis_input_2004_chunk9.txt,1,1,ecg_diagnosis_deID_2004_chunk9.txt
ecg_diagnosis_input_2019_chunk219.txt,,,1,ecg_diagnosis_deID_2019_chunk219.txt
ecg_diagnosis_input_2013_chunk134.txt,,,1,ecg_diagnosis_deID_2013_chunk134.txt
ecg_diagnosis_input_2014_chunk336.txt,,,1,ecg_diagnosis_deID_2014_chunk336.txt
ecg_diagnosis_input_2006_chunk257.txt,,,1,ecg_diagnosis_deID_2006_chunk257.txt
ecg_diagnosis_input_2019_chunk231.txt,,,1,ecg_diagnosis_deID_2019_chunk231.txt
ecg_diagnosis_input_2020_chunk105.txt,,,1,ecg_diagnosis_deID_2020_chunk105.txt
ecg_diagnosis_input_2021_chunk506.txt,,,1,ecg_diagnosis_deID_2021_chunk506.txt
ecg_diagnosis_input_2012_chunk279.txt,,,1,ecg_diagnosis_deID_2012_chunk279.txt
ecg_diagnosis_input_1995_chunk52.txt,ecg_diagnosis_input_1995_chunk52.txt,1,1,ecg_diagnosis_deID_1995_chunk52.txt
ecg_diagnosis_input_2021_chunk260.txt,,,1,ecg_diagnosis_deID_2021_chunk260.txt
ecg_diagnosis_input_1989_chunk47.txt,ecg_diagnosis_input_1989_chunk47.txt,1,1,ecg_diagnosis_deID_1989_chunk47.txt
ecg_diagnosis_input_2018_chunk154.txt,,,1,ecg_diagnosis_deID_2018_chunk154.txt
ecg_diagnosis_input_1998_chunk150.txt,ecg_diagnosis_input_1998_chunk150.txt,1,1,ecg_diagnosis_deID_1998_chunk150.txt
ecg_diagnosis_input_2019_chunk557.txt,,,1,ecg_diagnosis_deID_2019_chunk557.txt
ecg_diagnosis_input_1998_chunk144.txt,ecg_diagnosis_input_1998_chunk144.txt,1,1,ecg_diagnosis_deID_1998_chunk144.txt
ecg_diagnosis_input_1992_chunk89.txt,ecg_diagnosis_input_1992_chunk89.txt,1,1,ecg_diagnosis_deID_1992_chunk89.txt
ecg_diagnosis_input_2008_chunk199.txt,,,1,ecg_diagnosis_deID_2008_chunk199.txt
ecg_diagnosis_input_2019_chunk543.txt,,,1,ecg_diagnosis_deID_2019_chunk543.txt
ecg_diagnosis_input_1995_chunk46.txt,ecg_diagnosis_input_1995_chunk46.txt,1,1,ecg_diagnosis_deID_1995_chunk46.txt
ecg_diagnosis_input_2021_chunk274.txt,,,1,ecg_diagnosis_deID_2021_chunk274.txt
ecg_diagnosis_input_1989_chunk53.txt,ecg_diagnosis_input_1989_chunk53.txt,1,1,ecg_diagnosis_deID_1989_chunk53.txt
ecg_diagnosis_input_2018_chunk140.txt,,,1,ecg_diagnosis_deID_2018_chunk140.txt
ecg_diagnosis_input_2010_chunk17.txt,,,1,ecg_diagnosis_deID_2010_chunk17.txt
ecg_diagnosis_input_2021_chunk512.txt,,,1,ecg_diagnosis_deID_2021_chunk512.txt
ecg_diagnosis_input_2019_chunk225.txt,,,1,ecg_diagnosis_deID_2019_chunk225.txt
ecg_diagnosis_input_2020_chunk111.txt,,,1,ecg_diagnosis_deID_2020_chunk111.txt
ecg_diagnosis_input_2013_chunk108.txt,,,1,ecg_diagnosis_deID_2013_chunk108.txt
ecg_diagnosis_input_2015_chunk286.txt,,,1,ecg_diagnosis_deID_2015_chunk286.txt
ecg_diagnosis_input_2020_chunk23.txt,,,1,ecg_diagnosis_deID_2020_chunk23.txt
ecg_diagnosis_input_2022_chunk240.txt,,,1,ecg_diagnosis_deID_2022_chunk240.txt
ecg_diagnosis_input_2017_chunk458.txt,,,1,ecg_diagnosis_deID_2017_chunk458.txt
ecg_diagnosis_input_2007_chunk7.txt,,,1,ecg_diagnosis_deID_2007_chunk7.txt
ecg_diagnosis_input_2011_chunk259.txt,,,1,ecg_diagnosis_deID_2011_chunk259.txt
ecg_diagnosis_input_2016_chunk5.txt,,,1,ecg_diagnosis_deID_2016_chunk5.txt
ecg_diagnosis_input_2008_chunk69.txt,,,1,ecg_diagnosis_deID_2008_chunk69.txt
ecg_diagnosis_input_2005_chunk15.txt,,,1,ecg_diagnosis_deID_2005_chunk15.txt
ecg_diagnosis_input_1991_chunk39.txt,ecg_diagnosis_input_1991_chunk39.txt,1,1,ecg_diagnosis_deID_1991_chunk39.txt
ecg_diagnosis_input_2014_chunk68.txt,,,1,ecg_diagnosis_deID_2014_chunk68.txt
ecg_diagnosis_input_2019_chunk14.txt,,,2,ecg_diagnosis_deID_2019_chunk14.txt
ecg_diagnosis_input_2020_chunk37.txt,,,2,ecg_diagnosis_deID_2020_chunk37.txt
ecg_diagnosis_input_2022_chunk254.txt,,,2,ecg_diagnosis_deID_2022_chunk254.txt
ecg_diagnosis_input_2015_chunk292.txt,,,2,ecg_diagnosis_deID_2015_chunk292.txt
ecg_diagnosis_input_2010_chunk128.txt,,,2,ecg_diagnosis_deID_2010_chunk128.txt
ecg_diagnosis_input_2005_chunk263.txt,,,2,ecg_diagnosis_deID_2005_chunk263.txt
ecg_diagnosis_input_2017_chunk302.txt,,,2,ecg_diagnosis_deID_2017_chunk302.txt
ecg_diagnosis_input_2018_chunk395.txt,,,2,ecg_diagnosis_deID_2018_chunk395.txt
ecg_diagnosis_input_1990_chunk104.txt,ecg_diagnosis_input_1990_chunk104.txt,1,2,ecg_diagnosis_deID_1990_chunk104.txt
ecg_diagnosis_input_2010_chunk100.txt,,,2,ecg_diagnosis_deID_2010_chunk100.txt
ecg_diagnosis_input_2005_chunk29.txt,,,2,ecg_diagnosis_deID_2005_chunk29.txt
ecg_diagnosis_input_1991_chunk11.txt,ecg_diagnosis_input_1991_chunk11.txt,1,2,ecg_diagnosis_deID_1991_chunk11.txt
ecg_diagnosis_input_2008_chunk55.txt,,,2,ecg_diagnosis_deID_2008_chunk55.txt
ecg_diagnosis_input_2014_chunk40.txt,,,2,ecg_diagnosis_deID_2014_chunk40.txt
ecg_diagnosis_input_2004_chunk106.txt,ecg_diagnosis_input_2004_chunk106.txt,1,2,ecg_diagnosis_deID_2004_chunk106.txt
ecg_diagnosis_input_2017_chunk464.txt,,,2,ecg_diagnosis_deID_2017_chunk464.txt
ecg_diagnosis_input_2011_chunk265.txt,,,2,ecg_diagnosis_deID_2011_chunk265.txt
ecg_diagnosis_input_2022_chunk268.txt,,,2,ecg_diagnosis_deID_2022_chunk268.txt
ecg_diagnosis_input_2017_chunk470.txt,,,2,ecg_diagnosis_deID_2017_chunk470.txt
ecg_diagnosis_input_2011_chunk271.txt,,,2,ecg_diagnosis_deID_2011_chunk271.txt
ecg_diagnosis_input_2021_chunk5.txt,,,2,ecg_diagnosis_deID_2021_chunk5.txt
ecg_diagnosis_input_2008_chunk41.txt,,,2,ecg_diagnosis_deID_2008_chunk41.txt
ecg_diagnosis_input_2019_chunk28.txt,,,2,ecg_diagnosis_deID_2019_chunk28.txt
ecg_diagnosis_input_2004_chunk112.txt,ecg_diagnosis_input_2004_chunk112.txt,1,2,ecg_diagnosis_deID_2004_chunk112.txt
ecg_diagnosis_input_2014_chunk54.txt,,,2,ecg_diagnosis_deID_2014_chunk54.txt
ecg_diagnosis_input_2010_chunk114.txt,,,2,ecg_diagnosis_deID_2010_chunk114.txt
ecg_diagnosis_input_2017_chunk316.txt,,,2,ecg_diagnosis_deID_2017_chunk316.txt
ecg_diagnosis_input_2018_chunk381.txt,,,2,ecg_diagnosis_deID_2018_chunk381.txt
ecg_diagnosis_input_1990_chunk110.txt,ecg_diagnosis_input_1990_chunk110.txt,1,2,ecg_diagnosis_deID_1990_chunk110.txt
ecg_diagnosis_input_2000_chunk126.txt,ecg_diagnosis_input_2000_chunk126.txt,1,2,ecg_diagnosis_deID_2000_chunk126.txt
ecg_diagnosis_input_2015_chunk245.txt,,,2,ecg_diagnosis_deID_2015_chunk245.txt
ecg_diagnosis_input_2013_chunk322.txt,,,2,ecg_diagnosis_deID_2013_chunk322.txt
ecg_diagnosis_input_1994_chunk124.txt,ecg_diagnosis_input_1994_chunk124.txt,1,2,ecg_diagnosis_deID_1994_chunk124.txt
ecg_diagnosis_input_2014_chunk120.txt,,,2,ecg_diagnosis_deID_2014_chunk120.txt
ecg_diagnosis_input_1987_chunk48.txt,ecg_diagnosis_input_1987_chunk48.txt,1,2,ecg_diagnosis_deID_1987_chunk48.txt
ecg_diagnosis_input_2013_chunk70.txt,,,2,ecg_diagnosis_deID_2013_chunk70.txt
ecg_diagnosis_input_2002_chunk19.txt,ecg_diagnosis_input_2002_chunk19.txt,1,2,ecg_diagnosis_deID_2002_chunk19.txt
ecg_diagnosis_input_1996_chunk21.txt,ecg_diagnosis_input_1996_chunk21.txt,1,2,ecg_diagnosis_deID_1996_chunk21.txt
ecg_diagnosis_input_2022_chunk283.txt,,,2,ecg_diagnosis_deID_2022_chunk283.txt
ecg_diagnosis_input_2014_chunk134.txt,,,2,ecg_diagnosis_deID_2014_chunk134.txt
ecg_diagnosis_input_2013_chunk64.txt,,,2,ecg_diagnosis_deID_2013_chunk64.txt
ecg_diagnosis_input_1996_chunk35.txt,ecg_diagnosis_input_1996_chunk35.txt,1,2,ecg_diagnosis_deID_1996_chunk35.txt
ecg_diagnosis_input_2022_chunk297.txt,,,2,ecg_diagnosis_deID_2022_chunk297.txt
ecg_diagnosis_input_2018_chunk418.txt,,,2,ecg_diagnosis_deID_2018_chunk418.txt
ecg_diagnosis_input_2013_chunk336.txt,,,2,ecg_diagnosis_deID_2013_chunk336.txt
ecg_diagnosis_input_1994_chunk130.txt,ecg_diagnosis_input_1994_chunk130.txt,1,2,ecg_diagnosis_deID_1994_chunk130.txt
ecg_diagnosis_input_2020_chunk449.txt,,,2,ecg_diagnosis_deID_2020_chunk449.txt
ecg_diagnosis_input_2015_chunk251.txt,,,2,ecg_diagnosis_deID_2015_chunk251.txt
ecg_diagnosis_input_2000_chunk132.txt,ecg_diagnosis_input_2000_chunk132.txt,1,2,ecg_diagnosis_deID_2000_chunk132.txt
ecg_diagnosis_input_2020_chunk461.txt,,,2,ecg_diagnosis_deID_2020_chunk461.txt
ecg_diagnosis_input_2015_chunk279.txt,,,2,ecg_diagnosis_deID_2015_chunk279.txt
ecg_diagnosis_input_2018_chunk356.txt,,,2,ecg_diagnosis_deID_2018_chunk356.txt
ecg_diagnosis_input_1987_chunk74.txt,ecg_diagnosis_input_1987_chunk74.txt,1,2,ecg_diagnosis_deID_1987_chunk74.txt
ecg_diagnosis_input_2018_chunk430.txt,,,2,ecg_diagnosis_deID_2018_chunk430.txt
ecg_diagnosis_input_2002_chunk25.txt,ecg_diagnosis_input_2002_chunk25.txt,1,2,ecg_diagnosis_deID_2002_chunk25.txt
ecg_diagnosis_input_2008_chunk96.txt,,,2,ecg_diagnosis_deID_2008_chunk96.txt
ecg_diagnosis_input_2014_chunk83.txt,,,2,ecg_diagnosis_deID_2014_chunk83.txt
ecg_diagnosis_input_1994_chunk118.txt,ecg_diagnosis_input_1994_chunk118.txt,1,2,ecg_diagnosis_deID_1994_chunk118.txt
ecg_diagnosis_input_2020_chunk307.txt,,,2,ecg_diagnosis_deID_2020_chunk307.txt
ecg_diagnosis_input_2008_chunk82.txt,,,2,ecg_diagnosis_deID_2008_chunk82.txt
ecg_diagnosis_input_2014_chunk97.txt,,,2,ecg_diagnosis_deID_2014_chunk97.txt
ecg_diagnosis_input_2020_chunk313.txt,,,2,ecg_diagnosis_deID_2020_chunk313.txt
ecg_diagnosis_input_2014_chunk108.txt,,,2,ecg_diagnosis_deID_2014_chunk108.txt
ecg_diagnosis_input_2013_chunk58.txt,,,2,ecg_diagnosis_deID_2013_chunk58.txt
ecg_diagnosis_input_1987_chunk60.txt,ecg_diagnosis_input_1987_chunk60.txt,1,2,ecg_diagnosis_deID_1987_chunk60.txt
ecg_diagnosis_input_2018_chunk424.txt,,,2,ecg_diagnosis_deID_2018_chunk424.txt
ecg_diagnosis_input_2002_chunk31.txt,ecg_diagnosis_input_2002_chunk31.txt,1,2,ecg_diagnosis_deID_2002_chunk31.txt
ecg_diagnosis_input_2018_chunk342.txt,,,2,ecg_diagnosis_deID_2018_chunk342.txt
ecg_diagnosis_input_2020_chunk475.txt,,,2,ecg_diagnosis_deID_2020_chunk475.txt
ecg_diagnosis_input_2008_chunk204.txt,,,2,ecg_diagnosis_deID_2008_chunk204.txt
ecg_diagnosis_input_1982_chunk5.txt,ecg_diagnosis_input_1982_chunk5.txt,1,2,ecg_diagnosis_deID_1982_chunk5.txt
ecg_diagnosis_input_2007_chunk293.txt,,,2,ecg_diagnosis_deID_2007_chunk293.txt
ecg_diagnosis_input_2002_chunk129.txt,ecg_diagnosis_input_2002_chunk129.txt,1,2,ecg_diagnosis_deID_2002_chunk129.txt
ecg_diagnosis_input_1993_chunk7.txt,ecg_diagnosis_input_1993_chunk7.txt,1,2,ecg_diagnosis_deID_1993_chunk7.txt
ecg_diagnosis_input_2016_chunk49.txt,,,2,ecg_diagnosis_deID_2016_chunk49.txt
ecg_diagnosis_input_2007_chunk20.txt,,,2,ecg_diagnosis_deID_2007_chunk20.txt
ecg_diagnosis_input_1993_chunk18.txt,ecg_diagnosis_input_1993_chunk18.txt,1,2,ecg_diagnosis_deID_1993_chunk18.txt
ecg_diagnosis_input_2009_chunk161.txt,,,2,ecg_diagnosis_deID_2009_chunk161.txt
ecg_diagnosis_input_2022_chunk334.txt,,,2,ecg_diagnosis_deID_2022_chunk334.txt
ecg_diagnosis_input_2013_chunk295.txt,,,2,ecg_diagnosis_deID_2013_chunk295.txt
ecg_diagnosis_input_2022_chunk16.txt,,,2,ecg_diagnosis_deID_2022_chunk16.txt
ecg_diagnosis_input_2011_chunk86.txt,,,2,ecg_diagnosis_deID_2011_chunk86.txt
ecg_diagnosis_input_2013_chunk281.txt,,,2,ecg_diagnosis_deID_2013_chunk281.txt
ecg_diagnosis_input_2011_chunk92.txt,,,2,ecg_diagnosis_deID_2011_chunk92.txt
ecg_diagnosis_input_2020_chunk298.txt,,,2,ecg_diagnosis_deID_2020_chunk298.txt
ecg_diagnosis_input_2011_chunk339.txt,,,2,ecg_diagnosis_deID_2011_chunk339.txt
ecg_diagnosis_input_2007_chunk34.txt,,,2,ecg_diagnosis_deID_2007_chunk34.txt
ecg_diagnosis_input_2009_chunk175.txt,,,2,ecg_diagnosis_deID_2009_chunk175.txt
ecg_diagnosis_input_2022_chunk320.txt,,,2,ecg_diagnosis_deID_2022_chunk320.txt
ecg_diagnosis_input_2008_chunk210.txt,,,2,ecg_diagnosis_deID_2008_chunk210.txt
ecg_diagnosis_input_2007_chunk287.txt,,,2,ecg_diagnosis_deID_2007_chunk287.txt
ecg_diagnosis_input_2017_chunk276.txt,,,2,ecg_diagnosis_deID_2017_chunk276.txt
ecg_diagnosis_input_2008_chunk238.txt,,,2,ecg_diagnosis_deID_2008_chunk238.txt
ecg_diagnosis_input_2002_chunk115.txt,ecg_diagnosis_input_2002_chunk115.txt,1,2,ecg_diagnosis_deID_2002_chunk115.txt
ecg_diagnosis_input_2016_chunk113.txt,,,2,ecg_diagnosis_deID_2016_chunk113.txt
ecg_diagnosis_input_2019_chunk184.txt,,,2,ecg_diagnosis_deID_2019_chunk184.txt
ecg_diagnosis_input_1999_chunk97.txt,ecg_diagnosis_input_1999_chunk97.txt,1,2,ecg_diagnosis_deID_1999_chunk97.txt
ecg_diagnosis_input_2016_chunk75.txt,,,2,ecg_diagnosis_deID_2016_chunk75.txt
ecg_diagnosis_input_2011_chunk311.txt,,,2,ecg_diagnosis_deID_2011_chunk311.txt
ecg_diagnosis_input_1993_chunk24.txt,ecg_diagnosis_input_1993_chunk24.txt,1,2,ecg_diagnosis_deID_1993_chunk24.txt
ecg_diagnosis_input_1996_chunk117.txt,ecg_diagnosis_input_1996_chunk117.txt,1,2,ecg_diagnosis_deID_1996_chunk117.txt
ecg_diagnosis_input_2022_chunk308.txt,,,2,ecg_diagnosis_deID_2022_chunk308.txt
ecg_diagnosis_input_2011_chunk305.txt,,,2,ecg_diagnosis_deID_2011_chunk305.txt
ecg_diagnosis_input_2016_chunk61.txt,,,2,ecg_diagnosis_deID_2016_chunk61.txt
ecg_diagnosis_input_1993_chunk30.txt,ecg_diagnosis_input_1993_chunk30.txt,1,2,ecg_diagnosis_deID_1993_chunk30.txt
ecg_diagnosis_input_1996_chunk103.txt,ecg_diagnosis_input_1996_chunk103.txt,1,2,ecg_diagnosis_deID_1996_chunk103.txt
ecg_diagnosis_input_2009_chunk149.txt,,,2,ecg_diagnosis_deID_2009_chunk149.txt
ecg_diagnosis_input_2016_chunk107.txt,,,2,ecg_diagnosis_deID_2016_chunk107.txt
ecg_diagnosis_input_2019_chunk190.txt,,,2,ecg_diagnosis_deID_2019_chunk190.txt
ecg_diagnosis_input_1999_chunk83.txt,ecg_diagnosis_input_1999_chunk83.txt,1,2,ecg_diagnosis_deID_1999_chunk83.txt
ecg_diagnosis_input_2002_chunk101.txt,ecg_diagnosis_input_2002_chunk101.txt,1,2,ecg_diagnosis_deID_2002_chunk101.txt
ecg_diagnosis_input_2017_chunk262.txt,,,2,ecg_diagnosis_deID_2017_chunk262.txt
ecg_diagnosis_input_2012_chunk133.txt,,,2,ecg_diagnosis_deID_2012_chunk133.txt
ecg_diagnosis_input_2017_chunk289.txt,,,2,ecg_diagnosis_deID_2017_chunk289.txt
ecg_diagnosis_input_2007_chunk250.txt,,,2,ecg_diagnosis_deID_2007_chunk250.txt
ecg_diagnosis_input_2015_chunk331.txt,,,2,ecg_diagnosis_deID_2015_chunk331.txt
ecg_diagnosis_input_2020_chunk529.txt,,,2,ecg_diagnosis_deID_2020_chunk529.txt
ecg_diagnosis_input_1999_chunk68.txt,ecg_diagnosis_input_1999_chunk68.txt,1,2,ecg_diagnosis_deID_1999_chunk68.txt
ecg_diagnosis_input_1994_chunk14.txt,ecg_diagnosis_input_1994_chunk14.txt,1,2,ecg_diagnosis_deID_1994_chunk14.txt
ecg_diagnosis_input_2011_chunk45.txt,,,2,ecg_diagnosis_deID_2011_chunk45.txt
ecg_diagnosis_input_2013_chunk256.txt,,,2,ecg_diagnosis_deID_2013_chunk256.txt
ecg_diagnosis_input_2006_chunk135.txt,,,2,ecg_diagnosis_deID_2006_chunk135.txt
ecg_diagnosis_input_2021_chunk658.txt,,,2,ecg_diagnosis_deID_2021_chunk658.txt
ecg_diagnosis_input_2006_chunk121.txt,,,2,ecg_diagnosis_deID_2006_chunk121.txt
ecg_diagnosis_input_2000_chunk38.txt,ecg_diagnosis_input_2000_chunk38.txt,1,2,ecg_diagnosis_deID_2000_chunk38.txt
ecg_diagnosis_input_2011_chunk51.txt,,,2,ecg_diagnosis_deID_2011_chunk51.txt
ecg_diagnosis_input_1988_chunk15.txt,ecg_diagnosis_input_1988_chunk15.txt,1,2,ecg_diagnosis_deID_1988_chunk15.txt
ecg_diagnosis_input_2013_chunk242.txt,,,2,ecg_diagnosis_deID_2013_chunk242.txt
ecg_diagnosis_input_2007_chunk244.txt,,,2,ecg_diagnosis_deID_2007_chunk244.txt
ecg_diagnosis_input_2015_chunk325.txt,,,2,ecg_diagnosis_deID_2015_chunk325.txt
ecg_diagnosis_input_2012_chunk127.txt,,,2,ecg_diagnosis_deID_2012_chunk127.txt
ecg_diagnosis_input_2020_chunk515.txt,,,2,ecg_diagnosis_deID_2020_chunk515.txt
ecg_diagnosis_input_2021_chunk116.txt,,,2,ecg_diagnosis_deID_2021_chunk116.txt
ecg_diagnosis_input_2018_chunk222.txt,,,2,ecg_diagnosis_deID_2018_chunk222.txt
ecg_diagnosis_input_1999_chunk143.txt,ecg_diagnosis_input_1999_chunk143.txt,1,2,ecg_diagnosis_deID_1999_chunk143.txt
ecg_diagnosis_input_2006_chunk109.txt,,,2,ecg_diagnosis_deID_2006_chunk109.txt
ecg_diagnosis_input_2019_chunk147.txt,,,2,ecg_diagnosis_deID_2019_chunk147.txt
ecg_diagnosis_input_2000_chunk10.txt,ecg_diagnosis_input_2000_chunk10.txt,1,2,ecg_diagnosis_deID_2000_chunk10.txt
ecg_diagnosis_input_1994_chunk28.txt,ecg_diagnosis_input_1994_chunk28.txt,1,2,ecg_diagnosis_deID_1994_chunk28.txt
ecg_diagnosis_input_1999_chunk54.txt,ecg_diagnosis_input_1999_chunk54.txt,1,2,ecg_diagnosis_deID_1999_chunk54.txt
ecg_diagnosis_input_2020_chunk273.txt,,,2,ecg_diagnosis_deID_2020_chunk273.txt
ecg_diagnosis_input_1985_chunk41.txt,ecg_diagnosis_input_1985_chunk41.txt,1,2,ecg_diagnosis_deID_1985_chunk41.txt
ecg_diagnosis_input_2011_chunk79.txt,,,2,ecg_diagnosis_deID_2011_chunk79.txt
ecg_diagnosis_input_2019_chunk153.txt,,,2,ecg_diagnosis_deID_2019_chunk153.txt
ecg_diagnosis_input_1999_chunk40.txt,ecg_diagnosis_input_1999_chunk40.txt,1,2,ecg_diagnosis_deID_1999_chunk40.txt
ecg_diagnosis_input_1988_chunk29.txt,ecg_diagnosis_input_1988_chunk29.txt,1,2,ecg_diagnosis_deID_1988_chunk29.txt
ecg_diagnosis_input_2020_chunk267.txt,,,2,ecg_diagnosis_deID_2020_chunk267.txt
ecg_diagnosis_input_2021_chunk664.txt,,,2,ecg_diagnosis_deID_2021_chunk664.txt
ecg_diagnosis_input_1999_chunk157.txt,ecg_diagnosis_input_1999_chunk157.txt,1,2,ecg_diagnosis_deID_1999_chunk157.txt
ecg_diagnosis_input_2021_chunk102.txt,,,2,ecg_diagnosis_deID_2021_chunk102.txt
ecg_diagnosis_input_2018_chunk236.txt,,,2,ecg_diagnosis_deID_2018_chunk236.txt
ecg_diagnosis_input_2007_chunk278.txt,,,2,ecg_diagnosis_deID_2007_chunk278.txt
ecg_diagnosis_input_2015_chunk319.txt,,,2,ecg_diagnosis_deID_2015_chunk319.txt
ecg_diagnosis_input_2020_chunk501.txt,,,2,ecg_diagnosis_deID_2020_chunk501.txt
ecg_diagnosis_input_2022_chunk136.txt,,,2,ecg_diagnosis_deID_2022_chunk136.txt
ecg_diagnosis_input_2014_chunk295.txt,,,2,ecg_diagnosis_deID_2014_chunk295.txt
ecg_diagnosis_input_2009_chunk13.txt,,,2,ecg_diagnosis_deID_2009_chunk13.txt
ecg_diagnosis_input_1990_chunk57.txt,ecg_diagnosis_input_1990_chunk57.txt,1,2,ecg_diagnosis_deID_1990_chunk57.txt
ecg_diagnosis_input_2005_chunk129.txt,,,2,ecg_diagnosis_deID_2005_chunk129.txt
ecg_diagnosis_input_2021_chunk59.txt,,,2,ecg_diagnosis_deID_2021_chunk59.txt
ecg_diagnosis_input_1997_chunk98.txt,ecg_diagnosis_input_1997_chunk98.txt,1,2,ecg_diagnosis_deID_1997_chunk98.txt
ecg_diagnosis_input_1990_chunk43.txt,ecg_diagnosis_input_1990_chunk43.txt,1,2,ecg_diagnosis_deID_1990_chunk43.txt
ecg_diagnosis_input_2015_chunk12.txt,,,2,ecg_diagnosis_deID_2015_chunk12.txt
ecg_diagnosis_input_2021_chunk499.txt,,,2,ecg_diagnosis_deID_2021_chunk499.txt
ecg_diagnosis_input_2022_chunk122.txt,,,2,ecg_diagnosis_deID_2022_chunk122.txt
ecg_diagnosis_input_2014_chunk281.txt,,,2,ecg_diagnosis_deID_2014_chunk281.txt
ecg_diagnosis_input_2016_chunk339.txt,,,2,ecg_diagnosis_deID_2016_chunk339.txt
ecg_diagnosis_input_2011_chunk113.txt,,,2,ecg_diagnosis_deID_2011_chunk113.txt
ecg_diagnosis_input_2019_chunk386.txt,,,2,ecg_diagnosis_deID_2019_chunk386.txt
ecg_diagnosis_input_2016_chunk311.txt,,,2,ecg_diagnosis_deID_2016_chunk311.txt
ecg_diagnosis_input_2010_chunk276.txt,,,2,ecg_diagnosis_deID_2010_chunk276.txt
ecg_diagnosis_input_2021_chunk65.txt,,,2,ecg_diagnosis_deID_2021_chunk65.txt
ecg_diagnosis_input_2005_chunk115.txt,,,2,ecg_diagnosis_deID_2005_chunk115.txt
ecg_diagnosis_input_2004_chunk53.txt,ecg_diagnosis_input_2004_chunk53.txt,1,2,ecg_diagnosis_deID_2004_chunk53.txt
ecg_diagnosis_input_2018_chunk46.txt,,,2,ecg_diagnosis_deID_2018_chunk46.txt
ecg_diagnosis_input_2004_chunk47.txt,ecg_diagnosis_input_2004_chunk47.txt,1,2,ecg_diagnosis_deID_2004_chunk47.txt
ecg_diagnosis_input_2005_chunk101.txt,,,2,ecg_diagnosis_deID_2005_chunk101.txt
ecg_diagnosis_input_2018_chunk52.txt,,,2,ecg_diagnosis_deID_2018_chunk52.txt
ecg_diagnosis_input_2010_chunk262.txt,,,2,ecg_diagnosis_deID_2010_chunk262.txt
ecg_diagnosis_input_2021_chunk71.txt,,,2,ecg_diagnosis_deID_2021_chunk71.txt
ecg_diagnosis_input_2003_chunk88.txt,ecg_diagnosis_input_2003_chunk88.txt,1,2,ecg_diagnosis_deID_2003_chunk88.txt
ecg_diagnosis_input_1991_chunk103.txt,ecg_diagnosis_input_1991_chunk103.txt,1,2,ecg_diagnosis_deID_1991_chunk103.txt
ecg_diagnosis_input_2019_chunk392.txt,,,2,ecg_diagnosis_deID_2019_chunk392.txt
ecg_diagnosis_input_2016_chunk305.txt,,,2,ecg_diagnosis_deID_2016_chunk305.txt
ecg_diagnosis_input_2011_chunk107.txt,,,2,ecg_diagnosis_deID_2011_chunk107.txt
ecg_diagnosis_input_2014_chunk256.txt,,,2,ecg_diagnosis_deID_2014_chunk256.txt
ecg_diagnosis_input_2001_chunk135.txt,ecg_diagnosis_input_2001_chunk135.txt,1,2,ecg_diagnosis_deID_2001_chunk135.txt
ecg_diagnosis_input_2019_chunk379.txt,,,2,ecg_diagnosis_deID_2019_chunk379.txt
ecg_diagnosis_input_2018_chunk8.txt,,,2,ecg_diagnosis_deID_2018_chunk8.txt
ecg_diagnosis_input_1986_chunk32.txt,ecg_diagnosis_input_1986_chunk32.txt,1,2,ecg_diagnosis_deID_1986_chunk32.txt
ecg_diagnosis_input_2003_chunk63.txt,ecg_diagnosis_input_2003_chunk63.txt,1,2,ecg_diagnosis_deID_2003_chunk63.txt
ecg_diagnosis_input_2010_chunk289.txt,,,2,ecg_diagnosis_deID_2010_chunk289.txt
ecg_diagnosis_input_2015_chunk133.txt,,,2,ecg_diagnosis_deID_2015_chunk133.txt
ecg_diagnosis_input_2002_chunk2.txt,ecg_diagnosis_input_2002_chunk2.txt,1,2,ecg_diagnosis_deID_2002_chunk2.txt
ecg_diagnosis_input_1995_chunk137.txt,ecg_diagnosis_input_1995_chunk137.txt,1,2,ecg_diagnosis_deID_1995_chunk137.txt
ecg_diagnosis_input_2021_chunk328.txt,,,2,ecg_diagnosis_deID_2021_chunk328.txt
ecg_diagnosis_input_1990_chunk94.txt,ecg_diagnosis_input_1990_chunk94.txt,1,2,ecg_diagnosis_deID_1990_chunk94.txt
ecg_diagnosis_input_2012_chunk331.txt,,,2,ecg_diagnosis_deID_2012_chunk331.txt
ecg_diagnosis_input_1995_chunk123.txt,ecg_diagnosis_input_1995_chunk123.txt,1,2,ecg_diagnosis_deID_1995_chunk123.txt
ecg_diagnosis_input_1990_chunk80.txt,ecg_diagnosis_input_1990_chunk80.txt,1,2,ecg_diagnosis_deID_1990_chunk80.txt
ecg_diagnosis_input_2012_chunk325.txt,,,2,ecg_diagnosis_deID_2012_chunk325.txt
ecg_diagnosis_input_1986_chunk26.txt,ecg_diagnosis_input_1986_chunk26.txt,1,2,ecg_diagnosis_deID_1986_chunk26.txt
ecg_diagnosis_input_2003_chunk77.txt,ecg_diagnosis_input_2003_chunk77.txt,1,2,ecg_diagnosis_deID_2003_chunk77.txt
ecg_diagnosis_input_2015_chunk127.txt,,,2,ecg_diagnosis_deID_2015_chunk127.txt
ecg_diagnosis_input_2001_chunk121.txt,ecg_diagnosis_input_2001_chunk121.txt,1,2,ecg_diagnosis_deID_2001_chunk121.txt
ecg_diagnosis_input_1990_chunk9.txt,ecg_diagnosis_input_1990_chunk9.txt,1,2,ecg_diagnosis_deID_1990_chunk9.txt
ecg_diagnosis_input_2014_chunk242.txt,,,2,ecg_diagnosis_deID_2014_chunk242.txt
ecg_diagnosis_input_2001_chunk109.txt,ecg_diagnosis_input_2001_chunk109.txt,1,2,ecg_diagnosis_deID_2001_chunk109.txt
ecg_diagnosis_input_2019_chunk345.txt,,,2,ecg_diagnosis_deID_2019_chunk345.txt
ecg_diagnosis_input_2021_chunk472.txt,,,2,ecg_diagnosis_deID_2021_chunk472.txt
ecg_diagnosis_input_2021_chunk314.txt,,,2,ecg_diagnosis_deID_2021_chunk314.txt
ecg_diagnosis_input_2004_chunk90.txt,ecg_diagnosis_input_2004_chunk90.txt,1,2,ecg_diagnosis_deID_2004_chunk90.txt
ecg_diagnosis_input_2018_chunk85.txt,,,2,ecg_diagnosis_deID_2018_chunk85.txt
ecg_diagnosis_input_2012_chunk36.txt,,,2,ecg_diagnosis_deID_2012_chunk36.txt
ecg_diagnosis_input_2019_chunk423.txt,,,2,ecg_diagnosis_deID_2019_chunk423.txt
ecg_diagnosis_input_1997_chunk67.txt,ecg_diagnosis_input_1997_chunk67.txt,1,2,ecg_diagnosis_deID_1997_chunk67.txt
ecg_diagnosis_input_2012_chunk22.txt,,,2,ecg_diagnosis_deID_2012_chunk22.txt
ecg_diagnosis_input_2019_chunk437.txt,,,2,ecg_diagnosis_deID_2019_chunk437.txt
ecg_diagnosis_input_1997_chunk73.txt,ecg_diagnosis_input_1997_chunk73.txt,1,2,ecg_diagnosis_deID_1997_chunk73.txt
ecg_diagnosis_input_2021_chunk300.txt,,,2,ecg_diagnosis_deID_2021_chunk300.txt
ecg_diagnosis_input_2004_chunk84.txt,ecg_diagnosis_input_2004_chunk84.txt,1,2,ecg_diagnosis_deID_2004_chunk84.txt
ecg_diagnosis_input_2018_chunk91.txt,,,2,ecg_diagnosis_deID_2018_chunk91.txt
ecg_diagnosis_input_2012_chunk319.txt,,,2,ecg_diagnosis_deID_2012_chunk319.txt
ecg_diagnosis_input_2021_chunk466.txt,,,2,ecg_diagnosis_deID_2021_chunk466.txt
ecg_diagnosis_input_2019_chunk351.txt,,,2,ecg_diagnosis_deID_2019_chunk351.txt
ecg_diagnosis_input_2014_chunk246.txt,,,2,ecg_diagnosis_deID_2014_chunk246.txt
ecg_diagnosis_input_2019_chunk369.txt,,,2,ecg_diagnosis_deID_2019_chunk369.txt
ecg_diagnosis_input_2001_chunk125.txt,ecg_diagnosis_input_2001_chunk125.txt,1,2,ecg_diagnosis_deID_2001_chunk125.txt
ecg_diagnosis_input_2010_chunk299.txt,,,2,ecg_diagnosis_deID_2010_chunk299.txt
ecg_diagnosis_input_2015_chunk123.txt,,,2,ecg_diagnosis_deID_2015_chunk123.txt
ecg_diagnosis_input_1986_chunk22.txt,ecg_diagnosis_input_1986_chunk22.txt,1,2,ecg_diagnosis_deID_1986_chunk22.txt
ecg_diagnosis_input_2003_chunk73.txt,ecg_diagnosis_input_2003_chunk73.txt,1,2,ecg_diagnosis_deID_2003_chunk73.txt
ecg_diagnosis_input_1990_chunk84.txt,ecg_diagnosis_input_1990_chunk84.txt,1,2,ecg_diagnosis_deID_1990_chunk84.txt
ecg_diagnosis_input_2012_chunk321.txt,,,2,ecg_diagnosis_deID_2012_chunk321.txt
ecg_diagnosis_input_1995_chunk127.txt,ecg_diagnosis_input_1995_chunk127.txt,1,2,ecg_diagnosis_deID_1995_chunk127.txt
ecg_diagnosis_input_2021_chunk338.txt,,,2,ecg_diagnosis_deID_2021_chunk338.txt
ecg_diagnosis_input_1990_chunk90.txt,ecg_diagnosis_input_1990_chunk90.txt,1,2,ecg_diagnosis_deID_1990_chunk90.txt
ecg_diagnosis_input_2012_chunk335.txt,,,2,ecg_diagnosis_deID_2012_chunk335.txt
ecg_diagnosis_input_2013_chunk4.txt,,,2,ecg_diagnosis_deID_2013_chunk4.txt
ecg_diagnosis_input_1995_chunk133.txt,ecg_diagnosis_input_1995_chunk133.txt,1,2,ecg_diagnosis_deID_1995_chunk133.txt
ecg_diagnosis_input_2002_chunk6.txt,ecg_diagnosis_input_2002_chunk6.txt,1,2,ecg_diagnosis_deID_2002_chunk6.txt
ecg_diagnosis_input_2015_chunk137.txt,,,2,ecg_diagnosis_deID_2015_chunk137.txt
ecg_diagnosis_input_1986_chunk36.txt,,,2,ecg_diagnosis_deID_1986_chunk36.txt
ecg_diagnosis_input_2003_chunk67.txt,,,2,ecg_diagnosis_deID_2003_chunk67.txt
ecg_diagnosis_input_2001_chunk131.txt,,,2,ecg_diagnosis_deID_2001_chunk131.txt
ecg_diagnosis_input_2014_chunk252.txt,,,2,ecg_diagnosis_deID_2014_chunk252.txt
ecg_diagnosis_input_2019_chunk355.txt,,,2,ecg_diagnosis_deID_2019_chunk355.txt
ecg_diagnosis_input_2001_chunk119.txt,,,2,ecg_diagnosis_deID_2001_chunk119.txt
ecg_diagnosis_input_2021_chunk462.txt,,,2,ecg_diagnosis_deID_2021_chunk462.txt
ecg_diagnosis_input_2004_chunk80.txt,,,2,ecg_diagnosis_deID_2004_chunk80.txt
ecg_diagnosis_input_2018_chunk95.txt,,,2,ecg_diagnosis_deID_2018_chunk95.txt
ecg_diagnosis_input_2021_chunk304.txt,,,2,ecg_diagnosis_deID_2021_chunk304.txt
ecg_diagnosis_input_2019_chunk433.txt,,,2,ecg_diagnosis_deID_2019_chunk433.txt
ecg_diagnosis_input_2012_chunk26.txt,,,2,ecg_diagnosis_deID_2012_chunk26.txt
ecg_diagnosis_input_1997_chunk77.txt,,,2,ecg_diagnosis_deID_1997_chunk77.txt
ecg_diagnosis_input_2019_chunk427.txt,,,2,ecg_diagnosis_deID_2019_chunk427.txt
ecg_diagnosis_input_2012_chunk32.txt,,,2,ecg_diagnosis_deID_2012_chunk32.txt
ecg_diagnosis_input_1997_chunk63.txt,,,2,ecg_diagnosis_deID_1997_chunk63.txt
ecg_diagnosis_input_2004_chunk94.txt,,,2,ecg_diagnosis_deID_2004_chunk94.txt
ecg_diagnosis_input_2012_chunk309.txt,,,2,ecg_diagnosis_deID_2012_chunk309.txt
ecg_diagnosis_input_2018_chunk81.txt,,,2,ecg_diagnosis_deID_2018_chunk81.txt
ecg_diagnosis_input_2021_chunk310.txt,,,2,ecg_diagnosis_deID_2021_chunk310.txt
ecg_diagnosis_input_2021_chunk476.txt,,,2,ecg_diagnosis_deID_2021_chunk476.txt
ecg_diagnosis_input_2019_chunk341.txt,,,2,ecg_diagnosis_deID_2019_chunk341.txt
ecg_diagnosis_input_2014_chunk285.txt,,,2,ecg_diagnosis_deID_2014_chunk285.txt
ecg_diagnosis_input_2022_chunk126.txt,,,2,ecg_diagnosis_deID_2022_chunk126.txt
ecg_diagnosis_input_1990_chunk47.txt,,,2,ecg_diagnosis_deID_1990_chunk47.txt
ecg_diagnosis_input_2005_chunk139.txt,,,2,ecg_diagnosis_deID_2005_chunk139.txt
ecg_diagnosis_input_2015_chunk16.txt,,,2,ecg_diagnosis_deID_2015_chunk16.txt
ecg_diagnosis_input_2021_chunk49.txt,,,2,ecg_diagnosis_deID_2021_chunk49.txt
ecg_diagnosis_input_1997_chunk88.txt,,,2,ecg_diagnosis_deID_1997_chunk88.txt
ecg_diagnosis_input_1990_chunk53.txt,,,2,ecg_diagnosis_deID_1990_chunk53.txt
ecg_diagnosis_input_2009_chunk17.txt,,,2,ecg_diagnosis_deID_2009_chunk17.txt
ecg_diagnosis_input_2014_chunk291.txt,,,2,ecg_diagnosis_deID_2014_chunk291.txt
ecg_diagnosis_input_2021_chunk489.txt,,,2,ecg_diagnosis_deID_2021_chunk489.txt
ecg_diagnosis_input_2022_chunk132.txt,,,2,ecg_diagnosis_deID_2022_chunk132.txt
ecg_diagnosis_input_2016_chunk329.txt,,,2,ecg_diagnosis_deID_2016_chunk329.txt
ecg_diagnosis_input_2004_chunk248.txt,,,2,ecg_diagnosis_deID_2004_chunk248.txt
ecg_diagnosis_input_2011_chunk103.txt,,,2,ecg_diagnosis_deID_2011_chunk103.txt
ecg_diagnosis_input_2016_chunk301.txt,,,2,ecg_diagnosis_deID_2016_chunk301.txt
ecg_diagnosis_input_1991_chunk107.txt,,,2,ecg_diagnosis_deID_1991_chunk107.txt
ecg_diagnosis_input_2019_chunk396.txt,,,2,ecg_diagnosis_deID_2019_chunk396.txt
ecg_diagnosis_input_2021_chunk75.txt,,,2,ecg_diagnosis_deID_2021_chunk75.txt
ecg_diagnosis_input_2010_chunk266.txt,,,2,ecg_diagnosis_deID_2010_chunk266.txt
ecg_diagnosis_input_2005_chunk105.txt,,,2,ecg_diagnosis_deID_2005_chunk105.txt
ecg_diagnosis_input_2004_chunk43.txt,,,2,ecg_diagnosis_deID_2004_chunk43.txt
ecg_diagnosis_input_1981_chunk12.txt,,,2,ecg_diagnosis_deID_1981_chunk12.txt
ecg_diagnosis_input_2018_chunk56.txt,,,2,ecg_diagnosis_deID_2018_chunk56.txt
ecg_diagnosis_input_2004_chunk57.txt,,,2,ecg_diagnosis_deID_2004_chunk57.txt
ecg_diagnosis_input_2005_chunk111.txt,,,2,ecg_diagnosis_deID_2005_chunk111.txt
ecg_diagnosis_input_2018_chunk42.txt,,,2,ecg_diagnosis_deID_2018_chunk42.txt
ecg_diagnosis_input_2021_chunk61.txt,,,2,ecg_diagnosis_deID_2021_chunk61.txt
ecg_diagnosis_input_2003_chunk98.txt,,,2,ecg_diagnosis_deID_2003_chunk98.txt
ecg_diagnosis_input_2010_chunk272.txt,,,2,ecg_diagnosis_deID_2010_chunk272.txt
ecg_diagnosis_input_2016_chunk315.txt,,,2,ecg_diagnosis_deID_2016_chunk315.txt
ecg_diagnosis_input_1991_chunk113.txt,,,2,ecg_diagnosis_deID_1991_chunk113.txt
ecg_diagnosis_input_2019_chunk382.txt,,,2,ecg_diagnosis_deID_2019_chunk382.txt
ecg_diagnosis_input_2011_chunk117.txt,,,2,ecg_diagnosis_deID_2011_chunk117.txt
ecg_diagnosis_input_2012_chunk123.txt,,,2,ecg_diagnosis_deID_2012_chunk123.txt
ecg_diagnosis_input_2017_chunk299.txt,,,2,ecg_diagnosis_deID_2017_chunk299.txt
ecg_diagnosis_input_2020_chunk539.txt,,,2,ecg_diagnosis_deID_2020_chunk539.txt
ecg_diagnosis_input_2007_chunk240.txt,,,2,ecg_diagnosis_deID_2007_chunk240.txt
ecg_diagnosis_input_2015_chunk321.txt,,,2,ecg_diagnosis_deID_2015_chunk321.txt
ecg_diagnosis_input_2013_chunk246.txt,,,2,ecg_diagnosis_deID_2013_chunk246.txt
ecg_diagnosis_input_1999_chunk78.txt,,,2,ecg_diagnosis_deID_1999_chunk78.txt
ecg_diagnosis_input_1988_chunk11.txt,,,2,ecg_diagnosis_deID_1988_chunk11.txt
ecg_diagnosis_input_2011_chunk55.txt,,,2,ecg_diagnosis_deID_2011_chunk55.txt
ecg_diagnosis_input_2006_chunk125.txt,,,2,ecg_diagnosis_deID_2006_chunk125.txt
ecg_diagnosis_input_2006_chunk131.txt,,,2,ecg_diagnosis_deID_2006_chunk131.txt
ecg_diagnosis_input_2021_chunk648.txt,,,2,ecg_diagnosis_deID_2021_chunk648.txt
ecg_diagnosis_input_2013_chunk252.txt,,,2,ecg_diagnosis_deID_2013_chunk252.txt
ecg_diagnosis_input_1994_chunk10.txt,,,2,ecg_diagnosis_deID_1994_chunk10.txt
ecg_diagnosis_input_2000_chunk28.txt,,,2,ecg_diagnosis_deID_2000_chunk28.txt
ecg_diagnosis_input_2011_chunk41.txt,,,2,ecg_diagnosis_deID_2011_chunk41.txt
ecg_diagnosis_input_2007_chunk254.txt,,,2,ecg_diagnosis_deID_2007_chunk254.txt
ecg_diagnosis_input_2015_chunk335.txt,,,2,ecg_diagnosis_deID_2015_chunk335.txt
ecg_diagnosis_input_2012_chunk137.txt,,,2,ecg_diagnosis_deID_2012_chunk137.txt
ecg_diagnosis_input_2020_chunk505.txt,,,2,ecg_diagnosis_deID_2020_chunk505.txt
ecg_diagnosis_input_2021_chunk106.txt,,,2,ecg_diagnosis_deID_2021_chunk106.txt
ecg_diagnosis_input_2018_chunk232.txt,,,2,ecg_diagnosis_deID_2018_chunk232.txt
ecg_diagnosis_input_2006_chunk119.txt,,,2,ecg_diagnosis_deID_2006_chunk119.txt
ecg_diagnosis_input_1999_chunk153.txt,,,2,ecg_diagnosis_deID_1999_chunk153.txt
ecg_diagnosis_input_2021_chunk660.txt,,,2,ecg_diagnosis_deID_2021_chunk660.txt
ecg_diagnosis_input_1999_chunk44.txt,,,2,ecg_diagnosis_deID_1999_chunk44.txt
ecg_diagnosis_input_2019_chunk157.txt,,,2,ecg_diagnosis_deID_2019_chunk157.txt
ecg_diagnosis_input_1994_chunk38.txt,,,2,ecg_diagnosis_deID_1994_chunk38.txt
ecg_diagnosis_input_2011_chunk69.txt,,,2,ecg_diagnosis_deID_2011_chunk69.txt
ecg_diagnosis_input_2020_chunk263.txt,,,2,ecg_diagnosis_deID_2020_chunk263.txt
ecg_diagnosis_input_1999_chunk50.txt,,,2,ecg_diagnosis_deID_1999_chunk50.txt
ecg_diagnosis_input_2000_chunk14.txt,,,2,ecg_diagnosis_deID_2000_chunk14.txt
ecg_diagnosis_input_2019_chunk143.txt,,,2,ecg_diagnosis_deID_2019_chunk143.txt
ecg_diagnosis_input_1985_chunk45.txt,,,2,ecg_diagnosis_deID_1985_chunk45.txt
ecg_diagnosis_input_1988_chunk39.txt,,,2,ecg_diagnosis_deID_1988_chunk39.txt
ecg_diagnosis_input_2020_chunk277.txt,,,2,ecg_diagnosis_deID_2020_chunk277.txt
ecg_diagnosis_input_1999_chunk147.txt,,,2,ecg_diagnosis_deID_1999_chunk147.txt
ecg_diagnosis_input_2021_chunk112.txt,,,2,ecg_diagnosis_deID_2021_chunk112.txt
ecg_diagnosis_input_2018_chunk226.txt,,,2,ecg_diagnosis_deID_2018_chunk226.txt
ecg_diagnosis_input_2020_chunk511.txt,,,2,ecg_diagnosis_deID_2020_chunk511.txt
ecg_diagnosis_input_2007_chunk268.txt,,,2,ecg_diagnosis_deID_2007_chunk268.txt
ecg_diagnosis_input_2015_chunk309.txt,,,2,ecg_diagnosis_deID_2015_chunk309.txt
ecg_diagnosis_input_2007_chunk283.txt,,,2,ecg_diagnosis_deID_2007_chunk283.txt
ecg_diagnosis_input_2002_chunk139.txt,,,2,ecg_diagnosis_deID_2002_chunk139.txt
ecg_diagnosis_input_2008_chunk214.txt,,,2,ecg_diagnosis_deID_2008_chunk214.txt
ecg_diagnosis_input_2022_chunk324.txt,,,2,ecg_diagnosis_deID_2022_chunk324.txt
ecg_diagnosis_input_2009_chunk171.txt,,,2,ecg_diagnosis_deID_2009_chunk171.txt
ecg_diagnosis_input_2001_chunk8.txt,,,2,ecg_diagnosis_deID_2001_chunk8.txt
ecg_diagnosis_input_2016_chunk59.txt,,,2,ecg_diagnosis_deID_2016_chunk59.txt
ecg_diagnosis_input_2007_chunk30.txt,,,2,ecg_diagnosis_deID_2007_chunk30.txt
ecg_diagnosis_input_2011_chunk96.txt,,,2,ecg_diagnosis_deID_2011_chunk96.txt
ecg_diagnosis_input_2013_chunk285.txt,,,2,ecg_diagnosis_deID_2013_chunk285.txt
ecg_diagnosis_input_2020_chunk288.txt,,,2,ecg_diagnosis_deID_2020_chunk288.txt
ecg_diagnosis_input_2011_chunk82.txt,,,2,ecg_diagnosis_deID_2011_chunk82.txt
ecg_diagnosis_input_2022_chunk12.txt,,,2,ecg_diagnosis_deID_2022_chunk12.txt
ecg_diagnosis_input_2013_chunk291.txt,,,2,ecg_diagnosis_deID_2013_chunk291.txt
ecg_diagnosis_input_2022_chunk330.txt,,,2,ecg_diagnosis_deID_2022_chunk330.txt
ecg_diagnosis_input_2009_chunk165.txt,,,2,ecg_diagnosis_deID_2009_chunk165.txt
ecg_diagnosis_input_2011_chunk329.txt,,,2,ecg_diagnosis_deID_2011_chunk329.txt
ecg_diagnosis_input_2007_chunk24.txt,,,2,ecg_diagnosis_deID_2007_chunk24.txt
ecg_diagnosis_input_1993_chunk3.txt,,,2,ecg_diagnosis_deID_1993_chunk3.txt
ecg_diagnosis_input_1989_chunk9.txt,,,2,ecg_diagnosis_deID_1989_chunk9.txt
ecg_diagnosis_input_2007_chunk297.txt,,,2,ecg_diagnosis_deID_2007_chunk297.txt
ecg_diagnosis_input_1982_chunk1.txt,,,2,ecg_diagnosis_deID_1982_chunk1.txt
ecg_diagnosis_input_2008_chunk200.txt,,,2,ecg_diagnosis_deID_2008_chunk200.txt
ecg_diagnosis_input_2017_chunk266.txt,,,2,ecg_diagnosis_deID_2017_chunk266.txt
ecg_diagnosis_input_2002_chunk105.txt,,,2,ecg_diagnosis_deID_2002_chunk105.txt
ecg_diagnosis_input_2008_chunk228.txt,,,2,ecg_diagnosis_deID_2008_chunk228.txt
ecg_diagnosis_input_1999_chunk87.txt,,,2,ecg_diagnosis_deID_1999_chunk87.txt
ecg_diagnosis_input_2019_chunk194.txt,,,2,ecg_diagnosis_deID_2019_chunk194.txt
ecg_diagnosis_input_2016_chunk103.txt,,,2,ecg_diagnosis_deID_2016_chunk103.txt
ecg_diagnosis_input_1996_chunk107.txt,,,2,ecg_diagnosis_deID_1996_chunk107.txt
ecg_diagnosis_input_2022_chunk318.txt,,,2,ecg_diagnosis_deID_2022_chunk318.txt
ecg_diagnosis_input_2016_chunk65.txt,,,2,ecg_diagnosis_deID_2016_chunk65.txt
ecg_diagnosis_input_2011_chunk301.txt,,,2,ecg_diagnosis_deID_2011_chunk301.txt
ecg_diagnosis_input_1993_chunk34.txt,,,2,ecg_diagnosis_deID_1993_chunk34.txt
ecg_diagnosis_input_2017_chunk500.txt,,,2,ecg_diagnosis_deID_2017_chunk500.txt
ecg_diagnosis_input_2009_chunk159.txt,,,2,ecg_diagnosis_deID_2009_chunk159.txt
ecg_diagnosis_input_1996_chunk113.txt,,,2,ecg_diagnosis_deID_1996_chunk113.txt
ecg_diagnosis_input_2011_chunk315.txt,,,2,ecg_diagnosis_deID_2011_chunk315.txt
ecg_diagnosis_input_2016_chunk71.txt,,,2,ecg_diagnosis_deID_2016_chunk71.txt
ecg_diagnosis_input_1993_chunk20.txt,,,2,ecg_diagnosis_deID_1993_chunk20.txt
ecg_diagnosis_input_2007_chunk18.txt,,,2,ecg_diagnosis_deID_2007_chunk18.txt
ecg_diagnosis_input_1999_chunk93.txt,,,2,ecg_diagnosis_deID_1999_chunk93.txt
ecg_diagnosis_input_2019_chunk180.txt,,,2,ecg_diagnosis_deID_2019_chunk180.txt
ecg_diagnosis_input_2016_chunk117.txt,,,2,ecg_diagnosis_deID_2016_chunk117.txt
ecg_diagnosis_input_2002_chunk111.txt,,,2,ecg_diagnosis_deID_2002_chunk111.txt
ecg_diagnosis_input_2017_chunk272.txt,,,2,ecg_diagnosis_deID_2017_chunk272.txt
ecg_diagnosis_input_2000_chunk136.txt,,,2,ecg_diagnosis_deID_2000_chunk136.txt
ecg_diagnosis_input_2015_chunk255.txt,,,2,ecg_diagnosis_deID_2015_chunk255.txt
ecg_diagnosis_input_1994_chunk134.txt,,,2,ecg_diagnosis_deID_1994_chunk134.txt
ecg_diagnosis_input_2013_chunk332.txt,,,2,ecg_diagnosis_deID_2013_chunk332.txt
ecg_diagnosis_input_1987_chunk58.txt,,,2,ecg_diagnosis_deID_1987_chunk58.txt
ecg_diagnosis_input_2013_chunk60.txt,,,2,ecg_diagnosis_deID_2013_chunk60.txt
ecg_diagnosis_input_2022_chunk293.txt,,,2,ecg_diagnosis_deID_2022_chunk293.txt
ecg_diagnosis_input_1996_chunk31.txt,,,2,ecg_diagnosis_deID_1996_chunk31.txt
ecg_diagnosis_input_2014_chunk130.txt,,,2,ecg_diagnosis_deID_2014_chunk130.txt
ecg_diagnosis_input_2013_chunk74.txt,,,2,ecg_diagnosis_deID_2013_chunk74.txt
ecg_diagnosis_input_2022_chunk287.txt,,,2,ecg_diagnosis_deID_2022_chunk287.txt
ecg_diagnosis_input_2018_chunk408.txt,,,2,ecg_diagnosis_deID_2018_chunk408.txt
ecg_diagnosis_input_1996_chunk25.txt,,,2,ecg_diagnosis_deID_1996_chunk25.txt
ecg_diagnosis_input_2014_chunk124.txt,,,2,ecg_diagnosis_deID_2014_chunk124.txt
ecg_diagnosis_input_1994_chunk120.txt,,,2,ecg_diagnosis_deID_1994_chunk120.txt
ecg_diagnosis_input_2013_chunk326.txt,,,2,ecg_diagnosis_deID_2013_chunk326.txt
ecg_diagnosis_input_2015_chunk241.txt,,,2,ecg_diagnosis_deID_2015_chunk241.txt
ecg_diagnosis_input_2020_chunk459.txt,,,2,ecg_diagnosis_deID_2020_chunk459.txt
ecg_diagnosis_input_2000_chunk122.txt,,,2,ecg_diagnosis_deID_2000_chunk122.txt
ecg_diagnosis_input_2015_chunk269.txt,,,2,ecg_diagnosis_deID_2015_chunk269.txt
ecg_diagnosis_input_2007_chunk308.txt,,,2,ecg_diagnosis_deID_2007_chunk308.txt
ecg_diagnosis_input_2020_chunk471.txt,,,2,ecg_diagnosis_deID_2020_chunk471.txt
ecg_diagnosis_input_2018_chunk346.txt,,,2,ecg_diagnosis_deID_2018_chunk346.txt
ecg_diagnosis_input_1987_chunk64.txt,,,2,ecg_diagnosis_deID_1987_chunk64.txt
ecg_diagnosis_input_2002_chunk35.txt,,,2,ecg_diagnosis_deID_2002_chunk35.txt
ecg_diagnosis_input_2018_chunk420.txt,,,2,ecg_diagnosis_deID_2018_chunk420.txt
ecg_diagnosis_input_1994_chunk108.txt,,,2,ecg_diagnosis_deID_1994_chunk108.txt
ecg_diagnosis_input_2020_chunk317.txt,,,2,ecg_diagnosis_deID_2020_chunk317.txt
ecg_diagnosis_input_2008_chunk86.txt,,,2,ecg_diagnosis_deID_2008_chunk86.txt
ecg_diagnosis_input_2014_chunk93.txt,,,2,ecg_diagnosis_deID_2014_chunk93.txt
ecg_diagnosis_input_2020_chunk303.txt,,,2,ecg_diagnosis_deID_2020_chunk303.txt
ecg_diagnosis_input_2008_chunk92.txt,,,2,ecg_diagnosis_deID_2008_chunk92.txt
ecg_diagnosis_input_2014_chunk87.txt,,,2,ecg_diagnosis_deID_2014_chunk87.txt
ecg_diagnosis_input_2013_chunk48.txt,,,2,ecg_diagnosis_deID_2013_chunk48.txt
ecg_diagnosis_input_1987_chunk70.txt,,,2,ecg_diagnosis_deID_1987_chunk70.txt
ecg_diagnosis_input_1996_chunk19.txt,,,2,ecg_diagnosis_deID_1996_chunk19.txt
ecg_diagnosis_input_2002_chunk21.txt,,,2,ecg_diagnosis_deID_2002_chunk21.txt
ecg_diagnosis_input_2018_chunk434.txt,,,2,ecg_diagnosis_deID_2018_chunk434.txt
ecg_diagnosis_input_2014_chunk118.txt,,,2,ecg_diagnosis_deID_2014_chunk118.txt
ecg_diagnosis_input_2018_chunk352.txt,,,2,ecg_diagnosis_deID_2018_chunk352.txt
ecg_diagnosis_input_2020_chunk465.txt,,,2,ecg_diagnosis_deID_2020_chunk465.txt
ecg_diagnosis_input_2015_chunk296.txt,,,2,ecg_diagnosis_deID_2015_chunk296.txt
ecg_diagnosis_input_1995_chunk8.txt,,,2,ecg_diagnosis_deID_1995_chunk8.txt
ecg_diagnosis_input_2017_chunk448.txt,,,2,ecg_diagnosis_deID_2017_chunk448.txt
ecg_diagnosis_input_2011_chunk249.txt,,,2,ecg_diagnosis_deID_2011_chunk249.txt
ecg_diagnosis_input_2020_chunk33.txt,,,2,ecg_diagnosis_deID_2020_chunk33.txt
ecg_diagnosis_input_2022_chunk250.txt,,,2,ecg_diagnosis_deID_2022_chunk250.txt
ecg_diagnosis_input_2008_chunk79.txt,,,2,ecg_diagnosis_deID_2008_chunk79.txt
ecg_diagnosis_input_2019_chunk10.txt,,,2,ecg_diagnosis_deID_2019_chunk10.txt
ecg_diagnosis_input_1991_chunk29.txt,,,2,ecg_diagnosis_deID_1991_chunk29.txt
ecg_diagnosis_input_2005_chunk11.txt,,,2,ecg_diagnosis_deID_2005_chunk11.txt
ecg_diagnosis_input_2014_chunk78.txt,,,2,ecg_diagnosis_deID_2014_chunk78.txt
ecg_diagnosis_input_2016_chunk1.txt,,,2,ecg_diagnosis_deID_2016_chunk1.txt
ecg_diagnosis_input_2007_chunk3.txt,,,2,ecg_diagnosis_deID_2007_chunk3.txt
ecg_diagnosis_input_2020_chunk27.txt,,,2,ecg_diagnosis_deID_2020_chunk27.txt
ecg_diagnosis_input_2022_chunk244.txt,,,2,ecg_diagnosis_deID_2022_chunk244.txt
ecg_diagnosis_input_2015_chunk282.txt,,,2,ecg_diagnosis_deID_2015_chunk282.txt
ecg_diagnosis_input_2010_chunk138.txt,,,2,ecg_diagnosis_deID_2010_chunk138.txt
ecg_diagnosis_input_2018_chunk385.txt,,,2,ecg_diagnosis_deID_2018_chunk385.txt
ecg_diagnosis_input_1990_chunk114.txt,,,2,ecg_diagnosis_deID_1990_chunk114.txt
ecg_diagnosis_input_2005_chunk273.txt,,,2,ecg_diagnosis_deID_2005_chunk273.txt
ecg_diagnosis_input_2017_chunk312.txt,,,2,ecg_diagnosis_deID_2017_chunk312.txt
ecg_diagnosis_input_2010_chunk110.txt,,,2,ecg_diagnosis_deID_2010_chunk110.txt
ecg_diagnosis_input_2008_chunk45.txt,,,2,ecg_diagnosis_deID_2008_chunk45.txt
ecg_diagnosis_input_2005_chunk39.txt,,,2,ecg_diagnosis_deID_2005_chunk39.txt
ecg_diagnosis_input_2014_chunk50.txt,,,2,ecg_diagnosis_deID_2014_chunk50.txt
ecg_diagnosis_input_2004_chunk116.txt,,,2,ecg_diagnosis_deID_2004_chunk116.txt
ecg_diagnosis_input_2021_chunk1.txt,,,2,ecg_diagnosis_deID_2021_chunk1.txt
ecg_diagnosis_input_2017_chunk474.txt,,,2,ecg_diagnosis_deID_2017_chunk474.txt
ecg_diagnosis_input_2011_chunk275.txt,,,2,ecg_diagnosis_deID_2011_chunk275.txt
ecg_diagnosis_input_2017_chunk460.txt,,,2,ecg_diagnosis_deID_2017_chunk460.txt
ecg_diagnosis_input_2011_chunk261.txt,,,2,ecg_diagnosis_deID_2011_chunk261.txt
ecg_diagnosis_input_2022_chunk278.txt,,,2,ecg_diagnosis_deID_2022_chunk278.txt
ecg_diagnosis_input_2008_chunk51.txt,,,2,ecg_diagnosis_deID_2008_chunk51.txt
ecg_diagnosis_input_1991_chunk15.txt,,,2,ecg_diagnosis_deID_1991_chunk15.txt
ecg_diagnosis_input_2004_chunk102.txt,,,2,ecg_diagnosis_deID_2004_chunk102.txt
ecg_diagnosis_input_2014_chunk44.txt,,,2,ecg_diagnosis_deID_2014_chunk44.txt
ecg_diagnosis_input_2019_chunk38.txt,,,2,ecg_diagnosis_deID_2019_chunk38.txt
ecg_diagnosis_input_2010_chunk104.txt,,,2,ecg_diagnosis_deID_2010_chunk104.txt
ecg_diagnosis_input_2018_chunk391.txt,,,2,ecg_diagnosis_deID_2018_chunk391.txt
ecg_diagnosis_input_1990_chunk100.txt,,,2,ecg_diagnosis_deID_1990_chunk100.txt
ecg_diagnosis_input_2005_chunk267.txt,,,2,ecg_diagnosis_deID_2005_chunk267.txt
ecg_diagnosis_input_2017_chunk306.txt,,,2,ecg_diagnosis_deID_2017_chunk306.txt
ecg_diagnosis_input_2014_chunk332.txt,,,2,ecg_diagnosis_deID_2014_chunk332.txt
ecg_diagnosis_input_2006_chunk253.txt,,,2,ecg_diagnosis_deID_2006_chunk253.txt
ecg_diagnosis_input_2013_chunk130.txt,,,2,ecg_diagnosis_deID_2013_chunk130.txt
ecg_diagnosis_input_2020_chunk129.txt,,,2,ecg_diagnosis_deID_2020_chunk129.txt
ecg_diagnosis_input_2007_chunk136.txt,,,2,ecg_diagnosis_deID_2007_chunk136.txt
ecg_diagnosis_input_2006_chunk89.txt,,,2,ecg_diagnosis_deID_2006_chunk89.txt
ecg_diagnosis_input_2001_chunk46.txt,,,2,ecg_diagnosis_deID_2001_chunk46.txt
ecg_diagnosis_input_2018_chunk178.txt,,,2,ecg_diagnosis_deID_2018_chunk178.txt
ecg_diagnosis_input_1984_chunk17.txt,,,2,ecg_diagnosis_deID_1984_chunk17.txt
ecg_diagnosis_input_2012_chunk255.txt,,,2,ecg_diagnosis_deID_2012_chunk255.txt
ecg_diagnosis_input_2001_chunk52.txt,,,2,ecg_diagnosis_deID_2001_chunk52.txt
ecg_diagnosis_input_1998_chunk16.txt,,,2,ecg_diagnosis_deID_1998_chunk16.txt
ecg_diagnosis_input_2021_chunk258.txt,,,2,ecg_diagnosis_deID_2021_chunk258.txt
ecg_diagnosis_input_2012_chunk241.txt,,,2,ecg_diagnosis_deID_2012_chunk241.txt
ecg_diagnosis_input_2007_chunk122.txt,,,2,ecg_diagnosis_deID_2007_chunk122.txt
ecg_diagnosis_input_1996_chunk6.txt,,,2,ecg_diagnosis_deID_1996_chunk6.txt
ecg_diagnosis_input_2013_chunk124.txt,,,2,ecg_diagnosis_deID_2013_chunk124.txt
ecg_diagnosis_input_2019_chunk209.txt,,,2,ecg_diagnosis_deID_2019_chunk209.txt
ecg_diagnosis_input_2014_chunk326.txt,,,2,ecg_diagnosis_deID_2014_chunk326.txt
ecg_diagnosis_input_2006_chunk247.txt,,,2,ecg_diagnosis_deID_2006_chunk247.txt
ecg_diagnosis_input_1987_chunk4.txt,,,2,ecg_diagnosis_deID_1987_chunk4.txt
ecg_diagnosis_input_2019_chunk221.txt,,,2,ecg_diagnosis_deID_2019_chunk221.txt
ecg_diagnosis_input_2020_chunk115.txt,,,2,ecg_diagnosis_deID_2020_chunk115.txt
ecg_diagnosis_input_1993_chunk108.txt,,,2,ecg_diagnosis_deID_1993_chunk108.txt
ecg_diagnosis_input_2021_chunk516.txt,,,2,ecg_diagnosis_deID_2021_chunk516.txt
ecg_diagnosis_input_2021_chunk270.txt,,,2,ecg_diagnosis_deID_2021_chunk270.txt
ecg_diagnosis_input_1995_chunk42.txt,,,2,ecg_diagnosis_deID_1995_chunk42.txt
ecg_diagnosis_input_2010_chunk13.txt,,,2,ecg_diagnosis_deID_2010_chunk13.txt
ecg_diagnosis_input_2018_chunk144.txt,,,2,ecg_diagnosis_deID_2018_chunk144.txt
ecg_diagnosis_input_1989_chunk57.txt,,,2,ecg_diagnosis_deID_1989_chunk57.txt
ecg_diagnosis_input_2012_chunk269.txt,,,2,ecg_diagnosis_deID_2012_chunk269.txt
ecg_diagnosis_input_2019_chunk547.txt,,,2,ecg_diagnosis_deID_2019_chunk547.txt
ecg_diagnosis_input_1998_chunk140.txt,,,2,ecg_diagnosis_deID_1998_chunk140.txt
ecg_diagnosis_input_2019_chunk553.txt,,,2,ecg_diagnosis_deID_2019_chunk553.txt
ecg_diagnosis_input_2008_chunk189.txt,,,2,ecg_diagnosis_deID_2008_chunk189.txt
ecg_diagnosis_input_1998_chunk154.txt,,,2,ecg_diagnosis_deID_1998_chunk154.txt
ecg_diagnosis_input_1992_chunk99.txt,,,2,ecg_diagnosis_deID_1992_chunk99.txt
ecg_diagnosis_input_2021_chunk264.txt,,,2,ecg_diagnosis_deID_2021_chunk264.txt
ecg_diagnosis_input_1995_chunk56.txt,,,2,ecg_diagnosis_deID_1995_chunk56.txt
ecg_diagnosis_input_2018_chunk150.txt,,,2,ecg_diagnosis_deID_2018_chunk150.txt
ecg_diagnosis_input_1989_chunk43.txt,,,2,ecg_diagnosis_deID_1989_chunk43.txt
ecg_diagnosis_input_2021_chunk502.txt,,,2,ecg_diagnosis_deID_2021_chunk502.txt
ecg_diagnosis_input_2013_chunk118.txt,,,2,ecg_diagnosis_deID_2013_chunk118.txt
ecg_diagnosis_input_2019_chunk235.txt,,,2,ecg_diagnosis_deID_2019_chunk235.txt
ecg_diagnosis_input_2020_chunk101.txt,,,2,ecg_diagnosis_deID_2020_chunk101.txt
ecg_diagnosis_input_2016_chunk249.txt,,,2,ecg_diagnosis_deID_2016_chunk249.txt
ecg_diagnosis_input_2009_chunk207.txt,,,2,ecg_diagnosis_deID_2009_chunk207.txt
ecg_diagnosis_input_2006_chunk290.txt,,,2,ecg_diagnosis_deID_2006_chunk290.txt
ecg_diagnosis_input_2012_chunk296.txt,,,2,ecg_diagnosis_deID_2012_chunk296.txt
ecg_diagnosis_input_2001_chunk85.txt,,,2,ecg_diagnosis_deID_2001_chunk85.txt
ecg_diagnosis_input_2017_chunk23.txt,,,2,ecg_diagnosis_deID_2017_chunk23.txt
ecg_diagnosis_input_1992_chunk72.txt,,,2,ecg_diagnosis_deID_1992_chunk72.txt
ecg_diagnosis_input_2008_chunk162.txt,,,2,ecg_diagnosis_deID_2008_chunk162.txt
ecg_diagnosis_input_1997_chunk128.txt,,,2,ecg_diagnosis_deID_1997_chunk128.txt
ecg_diagnosis_input_2017_chunk37.txt,,,2,ecg_diagnosis_deID_2017_chunk37.txt
ecg_diagnosis_input_1992_chunk66.txt,,,2,ecg_diagnosis_deID_1992_chunk66.txt
ecg_diagnosis_input_2008_chunk176.txt,,,2,ecg_diagnosis_deID_2008_chunk176.txt
ecg_diagnosis_input_2017_chunk138.txt,,,2,ecg_diagnosis_deID_2017_chunk138.txt
ecg_diagnosis_input_2012_chunk282.txt,,,2,ecg_diagnosis_deID_2012_chunk282.txt
ecg_diagnosis_input_2001_chunk91.txt,,,2,ecg_diagnosis_deID_2001_chunk91.txt
ecg_diagnosis_input_2009_chunk213.txt,,,2,ecg_diagnosis_deID_2009_chunk213.txt
ecg_diagnosis_input_2006_chunk284.txt,,,2,ecg_diagnosis_deID_2006_chunk284.txt
ecg_diagnosis_input_2003_chunk116.txt,,,2,ecg_diagnosis_deID_2003_chunk116.txt
ecg_diagnosis_input_2016_chunk275.txt,,,2,ecg_diagnosis_deID_2016_chunk275.txt
ecg_diagnosis_input_1983_chunk27.txt,,,2,ecg_diagnosis_deID_1983_chunk27.txt
ecg_diagnosis_input_2010_chunk312.txt,,,2,ecg_diagnosis_deID_2010_chunk312.txt
ecg_diagnosis_input_2006_chunk76.txt,,,2,ecg_diagnosis_deID_2006_chunk76.txt
ecg_diagnosis_input_1997_chunk114.txt,,,2,ecg_diagnosis_deID_1997_chunk114.txt
ecg_diagnosis_input_2019_chunk584.txt,,,2,ecg_diagnosis_deID_2019_chunk584.txt
ecg_diagnosis_input_2017_chunk110.txt,,,2,ecg_diagnosis_deID_2017_chunk110.txt
ecg_diagnosis_input_1995_chunk81.txt,,,2,ecg_diagnosis_deID_1995_chunk81.txt
ecg_diagnosis_input_2018_chunk187.txt,,,2,ecg_diagnosis_deID_2018_chunk187.txt
ecg_diagnosis_input_1989_chunk94.txt,,,2,ecg_diagnosis_deID_1989_chunk94.txt
ecg_diagnosis_input_2017_chunk104.txt,,,2,ecg_diagnosis_deID_2017_chunk104.txt
ecg_diagnosis_input_1995_chunk95.txt,,,2,ecg_diagnosis_deID_1995_chunk95.txt
ecg_diagnosis_input_2018_chunk193.txt,,,2,ecg_diagnosis_deID_2018_chunk193.txt
ecg_diagnosis_input_1989_chunk80.txt,,,2,ecg_diagnosis_deID_1989_chunk80.txt
ecg_diagnosis_input_1983_chunk33.txt,,,2,ecg_diagnosis_deID_1983_chunk33.txt
ecg_diagnosis_input_2006_chunk62.txt,,,2,ecg_diagnosis_deID_2006_chunk62.txt
ecg_diagnosis_input_2010_chunk306.txt,,,2,ecg_diagnosis_deID_2010_chunk306.txt
ecg_diagnosis_input_2019_chunk590.txt,,,2,ecg_diagnosis_deID_2019_chunk590.txt
ecg_diagnosis_input_1997_chunk100.txt,,,2,ecg_diagnosis_deID_1997_chunk100.txt
ecg_diagnosis_input_2016_chunk261.txt,,,2,ecg_diagnosis_deID_2016_chunk261.txt
ecg_diagnosis_input_2003_chunk102.txt,,,2,ecg_diagnosis_deID_2003_chunk102.txt
ecg_diagnosis_input_2019_chunk591.txt,,,2,ecg_diagnosis_deID_2019_chunk591.txt
ecg_diagnosis_input_1997_chunk101.txt,,,2,ecg_diagnosis_deID_1997_chunk101.txt
ecg_diagnosis_input_2010_chunk307.txt,,,2,ecg_diagnosis_deID_2010_chunk307.txt
ecg_diagnosis_input_2006_chunk63.txt,,,2,ecg_diagnosis_deID_2006_chunk63.txt
ecg_diagnosis_input_1983_chunk32.txt,,,2,ecg_diagnosis_deID_1983_chunk32.txt
ecg_diagnosis_input_1989_chunk81.txt,,,2,ecg_diagnosis_deID_1989_chunk81.txt
ecg_diagnosis_input_2018_chunk192.txt,,,2,ecg_diagnosis_deID_2018_chunk192.txt
ecg_diagnosis_input_1995_chunk94.txt,,,2,ecg_diagnosis_deID_1995_chunk94.txt
ecg_diagnosis_input_2017_chunk105.txt,,,2,ecg_diagnosis_deID_2017_chunk105.txt
ecg_diagnosis_input_2003_chunk103.txt,,,2,ecg_diagnosis_deID_2003_chunk103.txt
ecg_diagnosis_input_2016_chunk260.txt,,,2,ecg_diagnosis_deID_2016_chunk260.txt
ecg_diagnosis_input_2016_chunk274.txt,,,2,ecg_diagnosis_deID_2016_chunk274.txt
ecg_diagnosis_input_2003_chunk117.txt,,,2,ecg_diagnosis_deID_2003_chunk117.txt
ecg_diagnosis_input_1989_chunk95.txt,,,2,ecg_diagnosis_deID_1989_chunk95.txt
ecg_diagnosis_input_2018_chunk186.txt,,,2,ecg_diagnosis_deID_2018_chunk186.txt
ecg_diagnosis_input_1995_chunk80.txt,,,2,ecg_diagnosis_deID_1995_chunk80.txt
ecg_diagnosis_input_2017_chunk111.txt,,,2,ecg_diagnosis_deID_2017_chunk111.txt
ecg_diagnosis_input_1997_chunk115.txt,,,2,ecg_diagnosis_deID_1997_chunk115.txt
ecg_diagnosis_input_2019_chunk585.txt,,,2,ecg_diagnosis_deID_2019_chunk585.txt
ecg_diagnosis_input_2006_chunk77.txt,,,2,ecg_diagnosis_deID_2006_chunk77.txt
ecg_diagnosis_input_2010_chunk313.txt,,,2,ecg_diagnosis_deID_2010_chunk313.txt
ecg_diagnosis_input_1983_chunk26.txt,,,2,ecg_diagnosis_deID_1983_chunk26.txt
ecg_diagnosis_input_2001_chunk90.txt,,,2,ecg_diagnosis_deID_2001_chunk90.txt
ecg_diagnosis_input_2012_chunk283.txt,,,2,ecg_diagnosis_deID_2012_chunk283.txt
ecg_diagnosis_input_2017_chunk139.txt,,,2,ecg_diagnosis_deID_2017_chunk139.txt
ecg_diagnosis_input_2008_chunk177.txt,,,2,ecg_diagnosis_deID_2008_chunk177.txt
ecg_diagnosis_input_1992_chunk67.txt,,,2,ecg_diagnosis_deID_1992_chunk67.txt
ecg_diagnosis_input_2017_chunk36.txt,,,2,ecg_diagnosis_deID_2017_chunk36.txt
ecg_diagnosis_input_2006_chunk285.txt,,,2,ecg_diagnosis_deID_2006_chunk285.txt
ecg_diagnosis_input_2009_chunk212.txt,,,2,ecg_diagnosis_deID_2009_chunk212.txt
ecg_diagnosis_input_2006_chunk291.txt,,,2,ecg_diagnosis_deID_2006_chunk291.txt
ecg_diagnosis_input_2009_chunk206.txt,,,2,ecg_diagnosis_deID_2009_chunk206.txt
ecg_diagnosis_input_2016_chunk248.txt,,,2,ecg_diagnosis_deID_2016_chunk248.txt
ecg_diagnosis_input_1997_chunk129.txt,,,2,ecg_diagnosis_deID_1997_chunk129.txt
ecg_diagnosis_input_2008_chunk163.txt,,,2,ecg_diagnosis_deID_2008_chunk163.txt
ecg_diagnosis_input_1992_chunk73.txt,,,2,ecg_diagnosis_deID_1992_chunk73.txt
ecg_diagnosis_input_2017_chunk22.txt,,,2,ecg_diagnosis_deID_2017_chunk22.txt
ecg_diagnosis_input_2001_chunk84.txt,,,2,ecg_diagnosis_deID_2001_chunk84.txt
ecg_diagnosis_input_2012_chunk297.txt,,,2,ecg_diagnosis_deID_2012_chunk297.txt
ecg_diagnosis_input_1989_chunk42.txt,,,2,ecg_diagnosis_deID_1989_chunk42.txt
ecg_diagnosis_input_2018_chunk151.txt,,,2,ecg_diagnosis_deID_2018_chunk151.txt
ecg_diagnosis_input_1995_chunk57.txt,,,2,ecg_diagnosis_deID_1995_chunk57.txt
ecg_diagnosis_input_2021_chunk265.txt,,,2,ecg_diagnosis_deID_2021_chunk265.txt
ecg_diagnosis_input_1992_chunk98.txt,,,2,ecg_diagnosis_deID_1992_chunk98.txt
ecg_diagnosis_input_1998_chunk155.txt,,,2,ecg_diagnosis_deID_1998_chunk155.txt
ecg_diagnosis_input_2008_chunk188.txt,,,2,ecg_diagnosis_deID_2008_chunk188.txt
ecg_diagnosis_input_2019_chunk552.txt,,,2,ecg_diagnosis_deID_2019_chunk552.txt
ecg_diagnosis_input_2020_chunk100.txt,,,2,ecg_diagnosis_deID_2020_chunk100.txt
ecg_diagnosis_input_2019_chunk234.txt,,,2,ecg_diagnosis_deID_2019_chunk234.txt
ecg_diagnosis_input_2013_chunk119.txt,,,2,ecg_diagnosis_deID_2013_chunk119.txt
ecg_diagnosis_input_2021_chunk503.txt,,,2,ecg_diagnosis_deID_2021_chunk503.txt
ecg_diagnosis_input_2021_chunk517.txt,,,2,ecg_diagnosis_deID_2021_chunk517.txt
ecg_diagnosis_input_1993_chunk109.txt,,,2,ecg_diagnosis_deID_1993_chunk109.txt
ecg_diagnosis_input_2020_chunk114.txt,,,2,ecg_diagnosis_deID_2020_chunk114.txt
ecg_diagnosis_input_2019_chunk220.txt,,,2,ecg_diagnosis_deID_2019_chunk220.txt
ecg_diagnosis_input_1998_chunk141.txt,,,2,ecg_diagnosis_deID_1998_chunk141.txt
ecg_diagnosis_input_2019_chunk546.txt,,,2,ecg_diagnosis_deID_2019_chunk546.txt
ecg_diagnosis_input_2012_chunk268.txt,,,2,ecg_diagnosis_deID_2012_chunk268.txt
ecg_diagnosis_input_1989_chunk56.txt,,,2,ecg_diagnosis_deID_1989_chunk56.txt
ecg_diagnosis_input_2018_chunk145.txt,,,2,ecg_diagnosis_deID_2018_chunk145.txt
ecg_diagnosis_input_2010_chunk12.txt,,,2,ecg_diagnosis_deID_2010_chunk12.txt
ecg_diagnosis_input_1995_chunk43.txt,,,2,ecg_diagnosis_deID_1995_chunk43.txt
ecg_diagnosis_input_2021_chunk271.txt,,,2,ecg_diagnosis_deID_2021_chunk271.txt
ecg_diagnosis_input_2007_chunk123.txt,,,2,ecg_diagnosis_deID_2007_chunk123.txt
ecg_diagnosis_input_2012_chunk240.txt,,,2,ecg_diagnosis_deID_2012_chunk240.txt
ecg_diagnosis_input_1998_chunk17.txt,,,2,ecg_diagnosis_deID_1998_chunk17.txt
ecg_diagnosis_input_2021_chunk259.txt,,,2,ecg_diagnosis_deID_2021_chunk259.txt
ecg_diagnosis_input_2001_chunk53.txt,,,2,ecg_diagnosis_deID_2001_chunk53.txt
ecg_diagnosis_input_1987_chunk5.txt,,,2,ecg_diagnosis_deID_1987_chunk5.txt
ecg_diagnosis_input_2006_chunk246.txt,,,2,ecg_diagnosis_deID_2006_chunk246.txt
ecg_diagnosis_input_2014_chunk327.txt,,,2,ecg_diagnosis_deID_2014_chunk327.txt
ecg_diagnosis_input_2019_chunk208.txt,,,2,ecg_diagnosis_deID_2019_chunk208.txt
ecg_diagnosis_input_1996_chunk7.txt,,,2,ecg_diagnosis_deID_1996_chunk7.txt
ecg_diagnosis_input_2013_chunk125.txt,,,2,ecg_diagnosis_deID_2013_chunk125.txt
ecg_diagnosis_input_2020_chunk128.txt,,,2,ecg_diagnosis_deID_2020_chunk128.txt
ecg_diagnosis_input_2013_chunk131.txt,,,2,ecg_diagnosis_deID_2013_chunk131.txt
ecg_diagnosis_input_2006_chunk252.txt,,,2,ecg_diagnosis_deID_2006_chunk252.txt
ecg_diagnosis_input_2014_chunk333.txt,,,2,ecg_diagnosis_deID_2014_chunk333.txt
ecg_diagnosis_input_2012_chunk254.txt,,,2,ecg_diagnosis_deID_2012_chunk254.txt
ecg_diagnosis_input_2018_chunk179.txt,,,2,ecg_diagnosis_deID_2018_chunk179.txt
ecg_diagnosis_input_1984_chunk16.txt,,,2,ecg_diagnosis_deID_1984_chunk16.txt
ecg_diagnosis_input_2001_chunk47.txt,,,2,ecg_diagnosis_deID_2001_chunk47.txt
ecg_diagnosis_input_2006_chunk88.txt,,,2,ecg_diagnosis_deID_2006_chunk88.txt
ecg_diagnosis_input_2007_chunk137.txt,,,2,ecg_diagnosis_deID_2007_chunk137.txt
ecg_diagnosis_input_2019_chunk39.txt,,,2,ecg_diagnosis_deID_2019_chunk39.txt
ecg_diagnosis_input_2014_chunk45.txt,,,2,ecg_diagnosis_deID_2014_chunk45.txt
ecg_diagnosis_input_2004_chunk103.txt,,,2,ecg_diagnosis_deID_2004_chunk103.txt
ecg_diagnosis_input_1991_chunk14.txt,,,2,ecg_diagnosis_deID_1991_chunk14.txt
ecg_diagnosis_input_2008_chunk50.txt,,,2,ecg_diagnosis_deID_2008_chunk50.txt
ecg_diagnosis_input_2022_chunk279.txt,,,2,ecg_diagnosis_deID_2022_chunk279.txt
ecg_diagnosis_input_2011_chunk260.txt,,,2,ecg_diagnosis_deID_2011_chunk260.txt
ecg_diagnosis_input_2017_chunk461.txt,,,2,ecg_diagnosis_deID_2017_chunk461.txt
ecg_diagnosis_input_2017_chunk307.txt,,,2,ecg_diagnosis_deID_2017_chunk307.txt
ecg_diagnosis_input_2005_chunk266.txt,,,2,ecg_diagnosis_deID_2005_chunk266.txt
ecg_diagnosis_input_1990_chunk101.txt,,,2,ecg_diagnosis_deID_1990_chunk101.txt
ecg_diagnosis_input_2018_chunk390.txt,,,2,ecg_diagnosis_deID_2018_chunk390.txt
ecg_diagnosis_input_2010_chunk105.txt,,,2,ecg_diagnosis_deID_2010_chunk105.txt
ecg_diagnosis_input_2010_chunk111.txt,,,2,ecg_diagnosis_deID_2010_chunk111.txt
ecg_diagnosis_input_2017_chunk313.txt,,,2,ecg_diagnosis_deID_2017_chunk313.txt
ecg_diagnosis_input_2005_chunk272.txt,,,2,ecg_diagnosis_deID_2005_chunk272.txt
ecg_diagnosis_input_1990_chunk115.txt,,,2,ecg_diagnosis_deID_1990_chunk115.txt
ecg_diagnosis_input_2018_chunk384.txt,,,2,ecg_diagnosis_deID_2018_chunk384.txt
ecg_diagnosis_input_2011_chunk274.txt,,,2,ecg_diagnosis_deID_2011_chunk274.txt
ecg_diagnosis_input_2017_chunk475.txt,,,2,ecg_diagnosis_deID_2017_chunk475.txt
ecg_diagnosis_input_2004_chunk117.txt,,,2,ecg_diagnosis_deID_2004_chunk117.txt
ecg_diagnosis_input_2014_chunk51.txt,,,2,ecg_diagnosis_deID_2014_chunk51.txt
ecg_diagnosis_input_2005_chunk38.txt,,,2,ecg_diagnosis_deID_2005_chunk38.txt
ecg_diagnosis_input_2008_chunk44.txt,,,2,ecg_diagnosis_deID_2008_chunk44.txt
ecg_diagnosis_input_2022_chunk245.txt,,,2,ecg_diagnosis_deID_2022_chunk245.txt
ecg_diagnosis_input_2020_chunk26.txt,,,2,ecg_diagnosis_deID_2020_chunk26.txt
ecg_diagnosis_input_2007_chunk2.txt,,,2,ecg_diagnosis_deID_2007_chunk2.txt
ecg_diagnosis_input_2014_chunk79.txt,,,2,ecg_diagnosis_deID_2014_chunk79.txt
ecg_diagnosis_input_1991_chunk28.txt,,,2,ecg_diagnosis_deID_1991_chunk28.txt
ecg_diagnosis_input_2005_chunk10.txt,,,2,ecg_diagnosis_deID_2005_chunk10.txt
ecg_diagnosis_input_2010_chunk139.txt,,,2,ecg_diagnosis_deID_2010_chunk139.txt
ecg_diagnosis_input_2015_chunk283.txt,,,2,ecg_diagnosis_deID_2015_chunk283.txt
ecg_diagnosis_input_1995_chunk9.txt,,,2,ecg_diagnosis_deID_1995_chunk9.txt
ecg_diagnosis_input_2015_chunk297.txt,,,2,ecg_diagnosis_deID_2015_chunk297.txt
ecg_diagnosis_input_2019_chunk11.txt,,,2,ecg_diagnosis_deID_2019_chunk11.txt
ecg_diagnosis_input_2008_chunk78.txt,,,2,ecg_diagnosis_deID_2008_chunk78.txt
ecg_diagnosis_input_2022_chunk251.txt,,,2,ecg_diagnosis_deID_2022_chunk251.txt
ecg_diagnosis_input_2020_chunk32.txt,,,2,ecg_diagnosis_deID_2020_chunk32.txt
ecg_diagnosis_input_2011_chunk248.txt,,,2,ecg_diagnosis_deID_2011_chunk248.txt
ecg_diagnosis_input_2017_chunk449.txt,,,2,ecg_diagnosis_deID_2017_chunk449.txt
ecg_diagnosis_input_2014_chunk119.txt,,,2,ecg_diagnosis_deID_2014_chunk119.txt
ecg_diagnosis_input_2018_chunk435.txt,,,2,ecg_diagnosis_deID_2018_chunk435.txt
ecg_diagnosis_input_1996_chunk18.txt,,,2,ecg_diagnosis_deID_1996_chunk18.txt
ecg_diagnosis_input_2002_chunk20.txt,,,2,ecg_diagnosis_deID_2002_chunk20.txt
ecg_diagnosis_input_2013_chunk49.txt,,,2,ecg_diagnosis_deID_2013_chunk49.txt
ecg_diagnosis_input_1987_chunk71.txt,,,2,ecg_diagnosis_deID_1987_chunk71.txt
ecg_diagnosis_input_2014_chunk86.txt,,,2,ecg_diagnosis_deID_2014_chunk86.txt
ecg_diagnosis_input_2008_chunk93.txt,,,2,ecg_diagnosis_deID_2008_chunk93.txt
ecg_diagnosis_input_2020_chunk302.txt,,,2,ecg_diagnosis_deID_2020_chunk302.txt
ecg_diagnosis_input_2020_chunk464.txt,,,2,ecg_diagnosis_deID_2020_chunk464.txt
ecg_diagnosis_input_2018_chunk353.txt,,,2,ecg_diagnosis_deID_2018_chunk353.txt
ecg_diagnosis_input_2018_chunk347.txt,,,2,ecg_diagnosis_deID_2018_chunk347.txt
ecg_diagnosis_input_2020_chunk470.txt,,,2,ecg_diagnosis_deID_2020_chunk470.txt
ecg_diagnosis_input_2007_chunk309.txt,,,2,ecg_diagnosis_deID_2007_chunk309.txt
ecg_diagnosis_input_2015_chunk268.txt,,,2,ecg_diagnosis_deID_2015_chunk268.txt
ecg_diagnosis_input_2014_chunk92.txt,,,2,ecg_diagnosis_deID_2014_chunk92.txt
ecg_diagnosis_input_2008_chunk87.txt,,,2,ecg_diagnosis_deID_2008_chunk87.txt
ecg_diagnosis_input_1994_chunk109.txt,,,2,ecg_diagnosis_deID_1994_chunk109.txt
ecg_diagnosis_input_2020_chunk316.txt,,,2,ecg_diagnosis_deID_2020_chunk316.txt
ecg_diagnosis_input_2018_chunk421.txt,,,2,ecg_diagnosis_deID_2018_chunk421.txt
ecg_diagnosis_input_2002_chunk34.txt,,,2,ecg_diagnosis_deID_2002_chunk34.txt
ecg_diagnosis_input_1987_chunk65.txt,,,2,ecg_diagnosis_deID_1987_chunk65.txt
ecg_diagnosis_input_2013_chunk327.txt,,,2,ecg_diagnosis_deID_2013_chunk327.txt
ecg_diagnosis_input_1994_chunk121.txt,,,2,ecg_diagnosis_deID_1994_chunk121.txt
ecg_diagnosis_input_2014_chunk125.txt,,,2,ecg_diagnosis_deID_2014_chunk125.txt
ecg_diagnosis_input_1996_chunk24.txt,,,2,ecg_diagnosis_deID_1996_chunk24.txt
ecg_diagnosis_input_2018_chunk409.txt,,,2,ecg_diagnosis_deID_2018_chunk409.txt
ecg_diagnosis_input_2022_chunk286.txt,,,2,ecg_diagnosis_deID_2022_chunk286.txt
ecg_diagnosis_input_2013_chunk75.txt,,,2,ecg_diagnosis_deID_2013_chunk75.txt
ecg_diagnosis_input_2000_chunk123.txt,,,2,ecg_diagnosis_deID_2000_chunk123.txt
ecg_diagnosis_input_2020_chunk458.txt,,,2,ecg_diagnosis_deID_2020_chunk458.txt
ecg_diagnosis_input_2015_chunk240.txt,,,2,ecg_diagnosis_deID_2015_chunk240.txt
ecg_diagnosis_input_2015_chunk254.txt,,,2,ecg_diagnosis_deID_2015_chunk254.txt
ecg_diagnosis_input_2000_chunk137.txt,,,2,ecg_diagnosis_deID_2000_chunk137.txt
ecg_diagnosis_input_2014_chunk131.txt,,,2,ecg_diagnosis_deID_2014_chunk131.txt
ecg_diagnosis_input_1996_chunk30.txt,,,2,ecg_diagnosis_deID_1996_chunk30.txt
ecg_diagnosis_input_2022_chunk292.txt,,,2,ecg_diagnosis_deID_2022_chunk292.txt
ecg_diagnosis_input_1987_chunk59.txt,,,2,ecg_diagnosis_deID_1987_chunk59.txt
ecg_diagnosis_input_2013_chunk61.txt,,,2,ecg_diagnosis_deID_2013_chunk61.txt
ecg_diagnosis_input_2013_chunk333.txt,,,2,ecg_diagnosis_deID_2013_chunk333.txt
ecg_diagnosis_input_1994_chunk135.txt,,,2,ecg_diagnosis_deID_1994_chunk135.txt
ecg_diagnosis_input_2016_chunk116.txt,,,2,ecg_diagnosis_deID_2016_chunk116.txt
ecg_diagnosis_input_2019_chunk181.txt,,,2,ecg_diagnosis_deID_2019_chunk181.txt
ecg_diagnosis_input_1999_chunk92.txt,,,2,ecg_diagnosis_deID_1999_chunk92.txt
ecg_diagnosis_input_1993_chunk21.txt,,,2,ecg_diagnosis_deID_1993_chunk21.txt
ecg_diagnosis_input_2007_chunk19.txt,,,2,ecg_diagnosis_deID_2007_chunk19.txt
ecg_diagnosis_input_2016_chunk70.txt,,,2,ecg_diagnosis_deID_2016_chunk70.txt
ecg_diagnosis_input_2011_chunk314.txt,,,2,ecg_diagnosis_deID_2011_chunk314.txt
ecg_diagnosis_input_1996_chunk112.txt,,,2,ecg_diagnosis_deID_1996_chunk112.txt
ecg_diagnosis_input_2009_chunk158.txt,,,2,ecg_diagnosis_deID_2009_chunk158.txt
ecg_diagnosis_input_2017_chunk273.txt,,,2,ecg_diagnosis_deID_2017_chunk273.txt
ecg_diagnosis_input_2002_chunk110.txt,,,2,ecg_diagnosis_deID_2002_chunk110.txt
ecg_diagnosis_input_2008_chunk229.txt,,,2,ecg_diagnosis_deID_2008_chunk229.txt
ecg_diagnosis_input_2002_chunk104.txt,,,2,ecg_diagnosis_deID_2002_chunk104.txt
ecg_diagnosis_input_2017_chunk267.txt,,,2,ecg_diagnosis_deID_2017_chunk267.txt
ecg_diagnosis_input_2017_chunk501.txt,,,2,ecg_diagnosis_deID_2017_chunk501.txt
ecg_diagnosis_input_1993_chunk35.txt,,,2,ecg_diagnosis_deID_1993_chunk35.txt
ecg_diagnosis_input_2011_chunk300.txt,,,2,ecg_diagnosis_deID_2011_chunk300.txt
ecg_diagnosis_input_2016_chunk64.txt,,,2,ecg_diagnosis_deID_2016_chunk64.txt
ecg_diagnosis_input_1996_chunk106.txt,,,2,ecg_diagnosis_deID_1996_chunk106.txt
ecg_diagnosis_input_2022_chunk319.txt,,,2,ecg_diagnosis_deID_2022_chunk319.txt
ecg_diagnosis_input_2016_chunk102.txt,,,2,ecg_diagnosis_deID_2016_chunk102.txt
ecg_diagnosis_input_2019_chunk195.txt,,,2,ecg_diagnosis_deID_2019_chunk195.txt
ecg_diagnosis_input_1999_chunk86.txt,,,2,ecg_diagnosis_deID_1999_chunk86.txt
ecg_diagnosis_input_2007_chunk25.txt,,,2,ecg_diagnosis_deID_2007_chunk25.txt
ecg_diagnosis_input_2011_chunk328.txt,,,2,ecg_diagnosis_deID_2011_chunk328.txt
ecg_diagnosis_input_2009_chunk164.txt,,,2,ecg_diagnosis_deID_2009_chunk164.txt
ecg_diagnosis_input_2022_chunk331.txt,,,2,ecg_diagnosis_deID_2022_chunk331.txt
ecg_diagnosis_input_2013_chunk290.txt,,,2,ecg_diagnosis_deID_2013_chunk290.txt
ecg_diagnosis_input_2022_chunk13.txt,,,2,ecg_diagnosis_deID_2022_chunk13.txt
ecg_diagnosis_input_2011_chunk83.txt,,,2,ecg_diagnosis_deID_2011_chunk83.txt
ecg_diagnosis_input_2020_chunk289.txt,,,2,ecg_diagnosis_deID_2020_chunk289.txt
ecg_diagnosis_input_2008_chunk201.txt,,,2,ecg_diagnosis_deID_2008_chunk201.txt
ecg_diagnosis_input_2007_chunk296.txt,,,2,ecg_diagnosis_deID_2007_chunk296.txt
ecg_diagnosis_input_1989_chunk8.txt,,,2,ecg_diagnosis_deID_1989_chunk8.txt
ecg_diagnosis_input_1993_chunk2.txt,,,2,ecg_diagnosis_deID_1993_chunk2.txt
ecg_diagnosis_input_2008_chunk215.txt,,,2,ecg_diagnosis_deID_2008_chunk215.txt
ecg_diagnosis_input_2002_chunk138.txt,,,2,ecg_diagnosis_deID_2002_chunk138.txt
ecg_diagnosis_input_2007_chunk282.txt,,,2,ecg_diagnosis_deID_2007_chunk282.txt
ecg_diagnosis_input_2013_chunk284.txt,,,2,ecg_diagnosis_deID_2013_chunk284.txt
ecg_diagnosis_input_2011_chunk97.txt,,,2,ecg_diagnosis_deID_2011_chunk97.txt
ecg_diagnosis_input_2007_chunk31.txt,,,2,ecg_diagnosis_deID_2007_chunk31.txt
ecg_diagnosis_input_2016_chunk58.txt,,,2,ecg_diagnosis_deID_2016_chunk58.txt
ecg_diagnosis_input_2001_chunk9.txt,,,2,ecg_diagnosis_deID_2001_chunk9.txt
ecg_diagnosis_input_2009_chunk170.txt,,,2,ecg_diagnosis_deID_2009_chunk170.txt
ecg_diagnosis_input_2022_chunk325.txt,,,2,ecg_diagnosis_deID_2022_chunk325.txt
ecg_diagnosis_input_1999_chunk146.txt,,,2,ecg_diagnosis_deID_1999_chunk146.txt
ecg_diagnosis_input_1988_chunk38.txt,,,2,ecg_diagnosis_deID_1988_chunk38.txt
ecg_diagnosis_input_2020_chunk276.txt,,,2,ecg_diagnosis_deID_2020_chunk276.txt
ecg_diagnosis_input_1985_chunk44.txt,,,2,ecg_diagnosis_deID_1985_chunk44.txt
ecg_diagnosis_input_2019_chunk142.txt,,,2,ecg_diagnosis_deID_2019_chunk142.txt
ecg_diagnosis_input_2000_chunk15.txt,,,2,ecg_diagnosis_deID_2000_chunk15.txt
ecg_diagnosis_input_1999_chunk51.txt,,,2,ecg_diagnosis_deID_1999_chunk51.txt
ecg_diagnosis_input_2015_chunk308.txt,,,2,ecg_diagnosis_deID_2015_chunk308.txt
ecg_diagnosis_input_2007_chunk269.txt,,,2,ecg_diagnosis_deID_2007_chunk269.txt
ecg_diagnosis_input_2020_chunk510.txt,,,2,ecg_diagnosis_deID_2020_chunk510.txt
ecg_diagnosis_input_2018_chunk227.txt,,,2,ecg_diagnosis_deID_2018_chunk227.txt
ecg_diagnosis_input_2021_chunk113.txt,,,2,ecg_diagnosis_deID_2021_chunk113.txt
ecg_diagnosis_input_2018_chunk233.txt,,,2,ecg_diagnosis_deID_2018_chunk233.txt
ecg_diagnosis_input_2021_chunk107.txt,,,2,ecg_diagnosis_deID_2021_chunk107.txt
ecg_diagnosis_input_2020_chunk504.txt,,,2,ecg_diagnosis_deID_2020_chunk504.txt
ecg_diagnosis_input_2020_chunk262.txt,,,2,ecg_diagnosis_deID_2020_chunk262.txt
ecg_diagnosis_input_2011_chunk68.txt,,,2,ecg_diagnosis_deID_2011_chunk68.txt
ecg_diagnosis_input_2019_chunk156.txt,,,2,ecg_diagnosis_deID_2019_chunk156.txt
ecg_diagnosis_input_1994_chunk39.txt,,,2,ecg_diagnosis_deID_1994_chunk39.txt
ecg_diagnosis_input_1999_chunk45.txt,,,2,ecg_diagnosis_deID_1999_chunk45.txt
ecg_diagnosis_input_2021_chunk661.txt,,,2,ecg_diagnosis_deID_2021_chunk661.txt
ecg_diagnosis_input_1999_chunk152.txt,,,2,ecg_diagnosis_deID_1999_chunk152.txt
ecg_diagnosis_input_2006_chunk118.txt,,,2,ecg_diagnosis_deID_2006_chunk118.txt
ecg_diagnosis_input_2011_chunk40.txt,,,2,ecg_diagnosis_deID_2011_chunk40.txt
ecg_diagnosis_input_1994_chunk11.txt,,,2,ecg_diagnosis_deID_1994_chunk11.txt
ecg_diagnosis_input_2000_chunk29.txt,,,2,ecg_diagnosis_deID_2000_chunk29.txt
ecg_diagnosis_input_2013_chunk253.txt,,,2,ecg_diagnosis_deID_2013_chunk253.txt
ecg_diagnosis_input_2021_chunk649.txt,,,2,ecg_diagnosis_deID_2021_chunk649.txt
ecg_diagnosis_input_2006_chunk130.txt,,,2,ecg_diagnosis_deID_2006_chunk130.txt
ecg_diagnosis_input_2012_chunk136.txt,,,2,ecg_diagnosis_deID_2012_chunk136.txt
ecg_diagnosis_input_2015_chunk334.txt,,,2,ecg_diagnosis_deID_2015_chunk334.txt
ecg_diagnosis_input_2007_chunk255.txt,,,2,ecg_diagnosis_deID_2007_chunk255.txt
ecg_diagnosis_input_2015_chunk320.txt,,,2,ecg_diagnosis_deID_2015_chunk320.txt
ecg_diagnosis_input_2007_chunk241.txt,,,2,ecg_diagnosis_deID_2007_chunk241.txt
ecg_diagnosis_input_2020_chunk538.txt,,,2,ecg_diagnosis_deID_2020_chunk538.txt
ecg_diagnosis_input_2017_chunk298.txt,,,2,ecg_diagnosis_deID_2017_chunk298.txt
ecg_diagnosis_input_2012_chunk122.txt,,,2,ecg_diagnosis_deID_2012_chunk122.txt
ecg_diagnosis_input_2006_chunk124.txt,,,2,ecg_diagnosis_deID_2006_chunk124.txt
ecg_diagnosis_input_2011_chunk54.txt,,,2,ecg_diagnosis_deID_2011_chunk54.txt
ecg_diagnosis_input_1988_chunk10.txt,,,2,ecg_diagnosis_deID_1988_chunk10.txt
ecg_diagnosis_input_1999_chunk79.txt,,,2,ecg_diagnosis_deID_1999_chunk79.txt
ecg_diagnosis_input_2013_chunk247.txt,,,2,ecg_diagnosis_deID_2013_chunk247.txt
ecg_diagnosis_input_2010_chunk273.txt,,,2,ecg_diagnosis_deID_2010_chunk273.txt
ecg_diagnosis_input_2003_chunk99.txt,,,2,ecg_diagnosis_deID_2003_chunk99.txt
ecg_diagnosis_input_2021_chunk60.txt,,,2,ecg_diagnosis_deID_2021_chunk60.txt
ecg_diagnosis_input_2018_chunk43.txt,,,2,ecg_diagnosis_deID_2018_chunk43.txt
ecg_diagnosis_input_2005_chunk110.txt,,,2,ecg_diagnosis_deID_2005_chunk110.txt
ecg_diagnosis_input_2004_chunk56.txt,,,2,ecg_diagnosis_deID_2004_chunk56.txt
ecg_diagnosis_input_2011_chunk116.txt,,,2,ecg_diagnosis_deID_2011_chunk116.txt
ecg_diagnosis_input_2019_chunk383.txt,,,2,ecg_diagnosis_deID_2019_chunk383.txt
ecg_diagnosis_input_1991_chunk112.txt,,,2,ecg_diagnosis_deID_1991_chunk112.txt
ecg_diagnosis_input_2016_chunk314.txt,,,2,ecg_diagnosis_deID_2016_chunk314.txt
ecg_diagnosis_input_2019_chunk397.txt,,,2,ecg_diagnosis_deID_2019_chunk397.txt
ecg_diagnosis_input_1991_chunk106.txt,,,2,ecg_diagnosis_deID_1991_chunk106.txt
ecg_diagnosis_input_2016_chunk300.txt,,,2,ecg_diagnosis_deID_2016_chunk300.txt
ecg_diagnosis_input_2011_chunk102.txt,,,2,ecg_diagnosis_deID_2011_chunk102.txt
ecg_diagnosis_input_2018_chunk57.txt,,,2,ecg_diagnosis_deID_2018_chunk57.txt
ecg_diagnosis_input_1981_chunk13.txt,,,2,ecg_diagnosis_deID_1981_chunk13.txt
ecg_diagnosis_input_2004_chunk42.txt,,,2,ecg_diagnosis_deID_2004_chunk42.txt
ecg_diagnosis_input_2005_chunk104.txt,,,2,ecg_diagnosis_deID_2005_chunk104.txt
ecg_diagnosis_input_2010_chunk267.txt,,,2,ecg_diagnosis_deID_2010_chunk267.txt
ecg_diagnosis_input_2021_chunk74.txt,,,2,ecg_diagnosis_deID_2021_chunk74.txt
ecg_diagnosis_input_2009_chunk16.txt,,,2,ecg_diagnosis_deID_2009_chunk16.txt
ecg_diagnosis_input_1990_chunk52.txt,,,2,ecg_diagnosis_deID_1990_chunk52.txt
ecg_diagnosis_input_2004_chunk249.txt,,,2,ecg_diagnosis_deID_2004_chunk249.txt
ecg_diagnosis_input_2016_chunk328.txt,,,2,ecg_diagnosis_deID_2016_chunk328.txt
ecg_diagnosis_input_2022_chunk133.txt,,,2,ecg_diagnosis_deID_2022_chunk133.txt
ecg_diagnosis_input_2021_chunk488.txt,,,2,ecg_diagnosis_deID_2021_chunk488.txt
ecg_diagnosis_input_2014_chunk290.txt,,,2,ecg_diagnosis_deID_2014_chunk290.txt
ecg_diagnosis_input_2022_chunk127.txt,,,2,ecg_diagnosis_deID_2022_chunk127.txt
ecg_diagnosis_input_2014_chunk284.txt,,,2,ecg_diagnosis_deID_2014_chunk284.txt
ecg_diagnosis_input_1997_chunk89.txt,,,2,ecg_diagnosis_deID_1997_chunk89.txt
ecg_diagnosis_input_2021_chunk48.txt,,,2,ecg_diagnosis_deID_2021_chunk48.txt
ecg_diagnosis_input_2015_chunk17.txt,,,2,ecg_diagnosis_deID_2015_chunk17.txt
ecg_diagnosis_input_1990_chunk46.txt,,,2,ecg_diagnosis_deID_1990_chunk46.txt
ecg_diagnosis_input_2005_chunk138.txt,,,2,ecg_diagnosis_deID_2005_chunk138.txt
ecg_diagnosis_input_2021_chunk311.txt,,,2,ecg_diagnosis_deID_2021_chunk311.txt
ecg_diagnosis_input_2018_chunk80.txt,,,2,ecg_diagnosis_deID_2018_chunk80.txt
ecg_diagnosis_input_2012_chunk308.txt,,,2,ecg_diagnosis_deID_2012_chunk308.txt
ecg_diagnosis_input_2004_chunk95.txt,,,2,ecg_diagnosis_deID_2004_chunk95.txt
ecg_diagnosis_input_1997_chunk62.txt,,,2,ecg_diagnosis_deID_1997_chunk62.txt
ecg_diagnosis_input_2012_chunk33.txt,,,2,ecg_diagnosis_deID_2012_chunk33.txt
ecg_diagnosis_input_2019_chunk426.txt,,,2,ecg_diagnosis_deID_2019_chunk426.txt
ecg_diagnosis_input_2019_chunk340.txt,,,2,ecg_diagnosis_deID_2019_chunk340.txt
ecg_diagnosis_input_2021_chunk477.txt,,,2,ecg_diagnosis_deID_2021_chunk477.txt
ecg_diagnosis_input_2021_chunk463.txt,,,2,ecg_diagnosis_deID_2021_chunk463.txt
ecg_diagnosis_input_2001_chunk118.txt,,,2,ecg_diagnosis_deID_2001_chunk118.txt
ecg_diagnosis_input_2019_chunk354.txt,,,2,ecg_diagnosis_deID_2019_chunk354.txt
ecg_diagnosis_input_1997_chunk76.txt,ecg_diagnosis_input_1997_chunk76.txt,1,2,ecg_diagnosis_deID_1997_chunk76.txt
ecg_diagnosis_input_2012_chunk27.txt,,,2,ecg_diagnosis_deID_2012_chunk27.txt
ecg_diagnosis_input_2019_chunk432.txt,,,2,ecg_diagnosis_deID_2019_chunk432.txt
ecg_diagnosis_input_2021_chunk305.txt,,,2,ecg_diagnosis_deID_2021_chunk305.txt
ecg_diagnosis_input_2018_chunk94.txt,,,2,ecg_diagnosis_deID_2018_chunk94.txt
ecg_diagnosis_input_2004_chunk81.txt,,,2,ecg_diagnosis_deID_2004_chunk81.txt
ecg_diagnosis_input_2003_chunk66.txt,,,2,ecg_diagnosis_deID_2003_chunk66.txt
ecg_diagnosis_input_1986_chunk37.txt,,,2,ecg_diagnosis_deID_1986_chunk37.txt
ecg_diagnosis_input_2015_chunk136.txt,,,2,ecg_diagnosis_deID_2015_chunk136.txt
ecg_diagnosis_input_2002_chunk7.txt,,,2,ecg_diagnosis_deID_2002_chunk7.txt
ecg_diagnosis_input_1995_chunk132.txt,,,2,ecg_diagnosis_deID_1995_chunk132.txt
ecg_diagnosis_input_2013_chunk5.txt,,,2,ecg_diagnosis_deID_2013_chunk5.txt
ecg_diagnosis_input_2012_chunk334.txt,,,2,ecg_diagnosis_deID_2012_chunk334.txt
ecg_diagnosis_input_1990_chunk91.txt,,,2,ecg_diagnosis_deID_1990_chunk91.txt
ecg_diagnosis_input_2014_chunk253.txt,,,2,ecg_diagnosis_deID_2014_chunk253.txt
ecg_diagnosis_input_2001_chunk130.txt,,,2,ecg_diagnosis_deID_2001_chunk130.txt
ecg_diagnosis_input_2001_chunk124.txt,,,2,ecg_diagnosis_deID_2001_chunk124.txt
ecg_diagnosis_input_2019_chunk368.txt,,,2,ecg_diagnosis_deID_2019_chunk368.txt
ecg_diagnosis_input_2014_chunk247.txt,,,2,ecg_diagnosis_deID_2014_chunk247.txt
ecg_diagnosis_input_1995_chunk126.txt,,,2,ecg_diagnosis_deID_1995_chunk126.txt
ecg_diagnosis_input_2021_chunk339.txt,,,2,ecg_diagnosis_deID_2021_chunk339.txt
ecg_diagnosis_input_2012_chunk320.txt,,,2,ecg_diagnosis_deID_2012_chunk320.txt
ecg_diagnosis_input_1990_chunk85.txt,,,2,ecg_diagnosis_deID_1990_chunk85.txt
ecg_diagnosis_input_2003_chunk72.txt,,,2,ecg_diagnosis_deID_2003_chunk72.txt
ecg_diagnosis_input_1986_chunk23.txt,,,2,ecg_diagnosis_deID_1986_chunk23.txt
ecg_diagnosis_input_2015_chunk122.txt,,,2,ecg_diagnosis_deID_2015_chunk122.txt
ecg_diagnosis_input_2010_chunk298.txt,,,2,ecg_diagnosis_deID_2010_chunk298.txt
ecg_diagnosis_input_2001_chunk132.txt,,,2,ecg_diagnosis_deID_2001_chunk132.txt
ecg_diagnosis_input_2021_chunk449.txt,,,2,ecg_diagnosis_deID_2021_chunk449.txt
ecg_diagnosis_input_2014_chunk251.txt,,,2,ecg_diagnosis_deID_2014_chunk251.txt
ecg_diagnosis_input_1990_chunk93.txt,,,2,ecg_diagnosis_deID_1990_chunk93.txt
ecg_diagnosis_input_2012_chunk336.txt,,,2,ecg_diagnosis_deID_2012_chunk336.txt
ecg_diagnosis_input_2013_chunk7.txt,,,2,ecg_diagnosis_deID_2013_chunk7.txt
ecg_diagnosis_input_1995_chunk130.txt,,,2,ecg_diagnosis_deID_1995_chunk130.txt
ecg_diagnosis_input_2015_chunk134.txt,,,2,ecg_diagnosis_deID_2015_chunk134.txt
ecg_diagnosis_input_2002_chunk5.txt,,,2,ecg_diagnosis_deID_2002_chunk5.txt
ecg_diagnosis_input_2019_chunk418.txt,,,2,ecg_diagnosis_deID_2019_chunk418.txt
ecg_diagnosis_input_1986_chunk35.txt,,,2,ecg_diagnosis_deID_1986_chunk35.txt
ecg_diagnosis_input_2003_chunk64.txt,,,2,ecg_diagnosis_deID_2003_chunk64.txt
ecg_diagnosis_input_2015_chunk120.txt,,,2,ecg_diagnosis_deID_2015_chunk120.txt
ecg_diagnosis_input_1986_chunk21.txt,,,2,ecg_diagnosis_deID_1986_chunk21.txt
ecg_diagnosis_input_2012_chunk19.txt,,,2,ecg_diagnosis_deID_2012_chunk19.txt
ecg_diagnosis_input_2021_chunk89.txt,,,2,ecg_diagnosis_deID_2021_chunk89.txt
ecg_diagnosis_input_2003_chunk70.txt,,,2,ecg_diagnosis_deID_2003_chunk70.txt
ecg_diagnosis_input_1997_chunk48.txt,,,2,ecg_diagnosis_deID_1997_chunk48.txt
ecg_diagnosis_input_1990_chunk87.txt,,,2,ecg_diagnosis_deID_1990_chunk87.txt
ecg_diagnosis_input_2012_chunk322.txt,,,2,ecg_diagnosis_deID_2012_chunk322.txt
ecg_diagnosis_input_1995_chunk124.txt,,,2,ecg_diagnosis_deID_1995_chunk124.txt
ecg_diagnosis_input_2014_chunk245.txt,,,2,ecg_diagnosis_deID_2014_chunk245.txt
ecg_diagnosis_input_2001_chunk126.txt,,,2,ecg_diagnosis_deID_2001_chunk126.txt
ecg_diagnosis_input_2021_chunk475.txt,,,2,ecg_diagnosis_deID_2021_chunk475.txt
ecg_diagnosis_input_2019_chunk342.txt,,,2,ecg_diagnosis_deID_2019_chunk342.txt
ecg_diagnosis_input_2015_chunk108.txt,,,2,ecg_diagnosis_deID_2015_chunk108.txt
ecg_diagnosis_input_2012_chunk31.txt,,,2,ecg_diagnosis_deID_2012_chunk31.txt
ecg_diagnosis_input_2019_chunk424.txt,,,2,ecg_diagnosis_deID_2019_chunk424.txt
ecg_diagnosis_input_1997_chunk60.txt,,,2,ecg_diagnosis_deID_1997_chunk60.txt
ecg_diagnosis_input_2003_chunk58.txt,,,2,ecg_diagnosis_deID_2003_chunk58.txt
ecg_diagnosis_input_2004_chunk97.txt,,,2,ecg_diagnosis_deID_2004_chunk97.txt
ecg_diagnosis_input_2018_chunk82.txt,,,2,ecg_diagnosis_deID_2018_chunk82.txt
ecg_diagnosis_input_2021_chunk313.txt,,,2,ecg_diagnosis_deID_2021_chunk313.txt
ecg_diagnosis_input_2004_chunk83.txt,,,2,ecg_diagnosis_deID_2004_chunk83.txt
ecg_diagnosis_input_2018_chunk96.txt,,,2,ecg_diagnosis_deID_2018_chunk96.txt
ecg_diagnosis_input_2021_chunk307.txt,,,2,ecg_diagnosis_deID_2021_chunk307.txt
ecg_diagnosis_input_1995_chunk118.txt,,,2,ecg_diagnosis_deID_1995_chunk118.txt
ecg_diagnosis_input_2012_chunk25.txt,,,2,ecg_diagnosis_deID_2012_chunk25.txt
ecg_diagnosis_input_2019_chunk430.txt,,,2,ecg_diagnosis_deID_2019_chunk430.txt
ecg_diagnosis_input_1997_chunk74.txt,,,2,ecg_diagnosis_deID_1997_chunk74.txt
ecg_diagnosis_input_2019_chunk356.txt,,,2,ecg_diagnosis_deID_2019_chunk356.txt
ecg_diagnosis_input_2021_chunk461.txt,,,2,ecg_diagnosis_deID_2021_chunk461.txt
ecg_diagnosis_input_2014_chunk279.txt,,,2,ecg_diagnosis_deID_2014_chunk279.txt
ecg_diagnosis_input_2011_chunk128.txt,,,2,ecg_diagnosis_deID_2011_chunk128.txt
ecg_diagnosis_input_2014_chunk292.txt,,,2,ecg_diagnosis_deID_2014_chunk292.txt
ecg_diagnosis_input_2022_chunk131.txt,,,2,ecg_diagnosis_deID_2022_chunk131.txt
ecg_diagnosis_input_2009_chunk14.txt,,,2,ecg_diagnosis_deID_2009_chunk14.txt
ecg_diagnosis_input_1990_chunk50.txt,,,2,ecg_diagnosis_deID_1990_chunk50.txt
ecg_diagnosis_input_2004_chunk68.txt,,,2,ecg_diagnosis_deID_2004_chunk68.txt
ecg_diagnosis_input_1990_chunk44.txt,,,2,ecg_diagnosis_deID_1990_chunk44.txt
ecg_diagnosis_input_2015_chunk15.txt,,,2,ecg_diagnosis_deID_2015_chunk15.txt
ecg_diagnosis_input_2018_chunk69.txt,,,2,ecg_diagnosis_deID_2018_chunk69.txt
ecg_diagnosis_input_2010_chunk259.txt,,,2,ecg_diagnosis_deID_2010_chunk259.txt
ecg_diagnosis_input_2014_chunk286.txt,,,2,ecg_diagnosis_deID_2014_chunk286.txt
ecg_diagnosis_input_2022_chunk125.txt,,,2,ecg_diagnosis_deID_2022_chunk125.txt
ecg_diagnosis_input_2016_chunk316.txt,,,2,ecg_diagnosis_deID_2016_chunk316.txt
ecg_diagnosis_input_1991_chunk110.txt,,,2,ecg_diagnosis_deID_1991_chunk110.txt
ecg_diagnosis_input_2019_chunk381.txt,,,2,ecg_diagnosis_deID_2019_chunk381.txt
ecg_diagnosis_input_2011_chunk114.txt,,,2,ecg_diagnosis_deID_2011_chunk114.txt
ecg_diagnosis_input_2009_chunk358.txt,,,2,ecg_diagnosis_deID_2009_chunk358.txt
ecg_diagnosis_input_2004_chunk54.txt,,,2,ecg_diagnosis_deID_2004_chunk54.txt
ecg_diagnosis_input_2005_chunk112.txt,,,2,ecg_diagnosis_deID_2005_chunk112.txt
ecg_diagnosis_input_2009_chunk28.txt,,,2,ecg_diagnosis_deID_2009_chunk28.txt
ecg_diagnosis_input_2018_chunk41.txt,,,2,ecg_diagnosis_deID_2018_chunk41.txt
ecg_diagnosis_input_2021_chunk62.txt,,,2,ecg_diagnosis_deID_2021_chunk62.txt
ecg_diagnosis_input_2010_chunk271.txt,,,2,ecg_diagnosis_deID_2010_chunk271.txt
ecg_diagnosis_input_2021_chunk76.txt,,,2,ecg_diagnosis_deID_2021_chunk76.txt
ecg_diagnosis_input_2010_chunk265.txt,,,2,ecg_diagnosis_deID_2010_chunk265.txt
ecg_diagnosis_input_2005_chunk106.txt,,,2,ecg_diagnosis_deID_2005_chunk106.txt
ecg_diagnosis_input_2004_chunk40.txt,,,2,ecg_diagnosis_deID_2004_chunk40.txt
ecg_diagnosis_input_1990_chunk78.txt,,,2,ecg_diagnosis_deID_1990_chunk78.txt
ecg_diagnosis_input_2018_chunk55.txt,,,2,ecg_diagnosis_deID_2018_chunk55.txt
ecg_diagnosis_input_1981_chunk11.txt,,,2,ecg_diagnosis_deID_1981_chunk11.txt
ecg_diagnosis_input_2015_chunk29.txt,,,2,ecg_diagnosis_deID_2015_chunk29.txt
ecg_diagnosis_input_2011_chunk100.txt,,,2,ecg_diagnosis_deID_2011_chunk100.txt
ecg_diagnosis_input_2022_chunk119.txt,,,2,ecg_diagnosis_deID_2022_chunk119.txt
ecg_diagnosis_input_2016_chunk302.txt,,,2,ecg_diagnosis_deID_2016_chunk302.txt
ecg_diagnosis_input_1991_chunk104.txt,,,2,ecg_diagnosis_deID_1991_chunk104.txt
ecg_diagnosis_input_2019_chunk395.txt,,,2,ecg_diagnosis_deID_2019_chunk395.txt
ecg_diagnosis_input_2007_chunk257.txt,,,2,ecg_diagnosis_deID_2007_chunk257.txt
ecg_diagnosis_input_2015_chunk336.txt,,,2,ecg_diagnosis_deID_2015_chunk336.txt
ecg_diagnosis_input_2018_chunk219.txt,,,2,ecg_diagnosis_deID_2018_chunk219.txt
ecg_diagnosis_input_2012_chunk134.txt,,,2,ecg_diagnosis_deID_2012_chunk134.txt
ecg_diagnosis_input_2006_chunk132.txt,,,2,ecg_diagnosis_deID_2006_chunk132.txt
ecg_diagnosis_input_2013_chunk251.txt,,,2,ecg_diagnosis_deID_2013_chunk251.txt
ecg_diagnosis_input_1994_chunk13.txt,,,2,ecg_diagnosis_deID_1994_chunk13.txt
ecg_diagnosis_input_2011_chunk42.txt,,,2,ecg_diagnosis_deID_2011_chunk42.txt
ecg_diagnosis_input_2020_chunk248.txt,,,2,ecg_diagnosis_deID_2020_chunk248.txt
ecg_diagnosis_input_2013_chunk245.txt,,,2,ecg_diagnosis_deID_2013_chunk245.txt
ecg_diagnosis_input_2019_chunk168.txt,,,2,ecg_diagnosis_deID_2019_chunk168.txt
ecg_diagnosis_input_2011_chunk56.txt,,,2,ecg_diagnosis_deID_2011_chunk56.txt
ecg_diagnosis_input_1988_chunk12.txt,,,2,ecg_diagnosis_deID_1988_chunk12.txt
ecg_diagnosis_input_2016_chunk99.txt,,,2,ecg_diagnosis_deID_2016_chunk99.txt
ecg_diagnosis_input_2006_chunk126.txt,,,2,ecg_diagnosis_deID_2006_chunk126.txt
ecg_diagnosis_input_2021_chunk139.txt,,,2,ecg_diagnosis_deID_2021_chunk139.txt
ecg_diagnosis_input_2012_chunk120.txt,,,2,ecg_diagnosis_deID_2012_chunk120.txt
ecg_diagnosis_input_2007_chunk243.txt,,,2,ecg_diagnosis_deID_2007_chunk243.txt
ecg_diagnosis_input_2015_chunk322.txt,,,2,ecg_diagnosis_deID_2015_chunk322.txt
ecg_diagnosis_input_2021_chunk111.txt,,,2,ecg_diagnosis_deID_2021_chunk111.txt
ecg_diagnosis_input_2018_chunk225.txt,,,2,ecg_diagnosis_deID_2018_chunk225.txt
ecg_diagnosis_input_2012_chunk108.txt,,,2,ecg_diagnosis_deID_2012_chunk108.txt
ecg_diagnosis_input_2020_chunk512.txt,,,2,ecg_diagnosis_deID_2020_chunk512.txt
ecg_diagnosis_input_2019_chunk140.txt,,,2,ecg_diagnosis_deID_2019_chunk140.txt
ecg_diagnosis_input_2000_chunk17.txt,,,2,ecg_diagnosis_deID_2000_chunk17.txt
ecg_diagnosis_input_1999_chunk53.txt,,,2,ecg_diagnosis_deID_1999_chunk53.txt
ecg_diagnosis_input_2020_chunk274.txt,,,2,ecg_diagnosis_deID_2020_chunk274.txt
ecg_diagnosis_input_1985_chunk46.txt,,,2,ecg_diagnosis_deID_1985_chunk46.txt
ecg_diagnosis_input_1999_chunk144.txt,,,2,ecg_diagnosis_deID_1999_chunk144.txt
ecg_diagnosis_input_2009_chunk199.txt,,,2,ecg_diagnosis_deID_2009_chunk199.txt
ecg_diagnosis_input_1999_chunk150.txt,,,2,ecg_diagnosis_deID_1999_chunk150.txt
ecg_diagnosis_input_2021_chunk663.txt,,,2,ecg_diagnosis_deID_2021_chunk663.txt
ecg_diagnosis_input_2013_chunk279.txt,,,2,ecg_diagnosis_deID_2013_chunk279.txt
ecg_diagnosis_input_2019_chunk154.txt,,,2,ecg_diagnosis_deID_2019_chunk154.txt
ecg_diagnosis_input_1999_chunk47.txt,,,2,ecg_diagnosis_deID_1999_chunk47.txt
ecg_diagnosis_input_2020_chunk260.txt,,,2,ecg_diagnosis_deID_2020_chunk260.txt
ecg_diagnosis_input_2020_chunk506.txt,,,2,ecg_diagnosis_deID_2020_chunk506.txt
ecg_diagnosis_input_2021_chunk105.txt,,,2,ecg_diagnosis_deID_2021_chunk105.txt
ecg_diagnosis_input_2018_chunk231.txt,,,2,ecg_diagnosis_deID_2018_chunk231.txt
ecg_diagnosis_input_2007_chunk294.txt,,,2,ecg_diagnosis_deID_2007_chunk294.txt
ecg_diagnosis_input_1998_chunk8.txt,,,2,ecg_diagnosis_deID_1998_chunk8.txt
ecg_diagnosis_input_2008_chunk203.txt,,,2,ecg_diagnosis_deID_2008_chunk203.txt
ecg_diagnosis_input_1982_chunk2.txt,,,2,ecg_diagnosis_deID_1982_chunk2.txt
ecg_diagnosis_input_2011_chunk81.txt,,,2,ecg_diagnosis_deID_2011_chunk81.txt
ecg_diagnosis_input_2022_chunk11.txt,,,2,ecg_diagnosis_deID_2022_chunk11.txt
ecg_diagnosis_input_2013_chunk292.txt,,,2,ecg_diagnosis_deID_2013_chunk292.txt
ecg_diagnosis_input_2016_chunk128.txt,,,2,ecg_diagnosis_deID_2016_chunk128.txt
ecg_diagnosis_input_2009_chunk166.txt,,,2,ecg_diagnosis_deID_2009_chunk166.txt
ecg_diagnosis_input_2022_chunk333.txt,,,2,ecg_diagnosis_deID_2022_chunk333.txt
ecg_diagnosis_input_2007_chunk27.txt,,,2,ecg_diagnosis_deID_2007_chunk27.txt
ecg_diagnosis_input_2009_chunk172.txt,,,2,ecg_diagnosis_deID_2009_chunk172.txt
ecg_diagnosis_input_2022_chunk327.txt,,,2,ecg_diagnosis_deID_2022_chunk327.txt
ecg_diagnosis_input_1996_chunk138.txt,,,2,ecg_diagnosis_deID_1996_chunk138.txt
ecg_diagnosis_input_2007_chunk33.txt,,,2,ecg_diagnosis_deID_2007_chunk33.txt
ecg_diagnosis_input_2011_chunk95.txt,,,2,ecg_diagnosis_deID_2011_chunk95.txt
ecg_diagnosis_input_2013_chunk286.txt,,,2,ecg_diagnosis_deID_2013_chunk286.txt
ecg_diagnosis_input_2010_chunk9.txt,,,2,ecg_diagnosis_deID_2010_chunk9.txt
ecg_diagnosis_input_2007_chunk280.txt,,,2,ecg_diagnosis_deID_2007_chunk280.txt
ecg_diagnosis_input_2008_chunk217.txt,,,2,ecg_diagnosis_deID_2008_chunk217.txt
ecg_diagnosis_input_2017_chunk259.txt,,,2,ecg_diagnosis_deID_2017_chunk259.txt
ecg_diagnosis_input_2002_chunk112.txt,,,2,ecg_diagnosis_deID_2002_chunk112.txt
ecg_diagnosis_input_2017_chunk271.txt,,,2,ecg_diagnosis_deID_2017_chunk271.txt
ecg_diagnosis_input_1996_chunk110.txt,,,2,ecg_diagnosis_deID_1996_chunk110.txt
ecg_diagnosis_input_2011_chunk316.txt,,,2,ecg_diagnosis_deID_2011_chunk316.txt
ecg_diagnosis_input_2016_chunk72.txt,,,2,ecg_diagnosis_deID_2016_chunk72.txt
ecg_diagnosis_input_1993_chunk23.txt,,,2,ecg_diagnosis_deID_1993_chunk23.txt
ecg_diagnosis_input_2019_chunk183.txt,,,2,ecg_diagnosis_deID_2019_chunk183.txt
ecg_diagnosis_input_1999_chunk90.txt,,,2,ecg_diagnosis_deID_1999_chunk90.txt
ecg_diagnosis_input_2016_chunk114.txt,,,2,ecg_diagnosis_deID_2016_chunk114.txt
ecg_diagnosis_input_2019_chunk197.txt,,,2,ecg_diagnosis_deID_2019_chunk197.txt
ecg_diagnosis_input_1999_chunk84.txt,,,2,ecg_diagnosis_deID_1999_chunk84.txt
ecg_diagnosis_input_2022_chunk39.txt,,,2,ecg_diagnosis_deID_2022_chunk39.txt
ecg_diagnosis_input_2016_chunk100.txt,,,2,ecg_diagnosis_deID_2016_chunk100.txt
ecg_diagnosis_input_1996_chunk104.txt,,,2,ecg_diagnosis_deID_1996_chunk104.txt
ecg_diagnosis_input_2016_chunk66.txt,,,2,ecg_diagnosis_deID_2016_chunk66.txt
ecg_diagnosis_input_2011_chunk302.txt,,,2,ecg_diagnosis_deID_2011_chunk302.txt
ecg_diagnosis_input_2017_chunk503.txt,,,2,ecg_diagnosis_deID_2017_chunk503.txt
ecg_diagnosis_input_1993_chunk37.txt,,,2,ecg_diagnosis_deID_1993_chunk37.txt
ecg_diagnosis_input_2017_chunk265.txt,,,2,ecg_diagnosis_deID_2017_chunk265.txt
ecg_diagnosis_input_2002_chunk106.txt,,,2,ecg_diagnosis_deID_2002_chunk106.txt
ecg_diagnosis_input_2015_chunk242.txt,,,2,ecg_diagnosis_deID_2015_chunk242.txt
ecg_diagnosis_input_2000_chunk121.txt,,,2,ecg_diagnosis_deID_2000_chunk121.txt
ecg_diagnosis_input_2013_chunk77.txt,,,2,ecg_diagnosis_deID_2013_chunk77.txt
ecg_diagnosis_input_1996_chunk26.txt,,,2,ecg_diagnosis_deID_1996_chunk26.txt
ecg_diagnosis_input_2022_chunk284.txt,,,2,ecg_diagnosis_deID_2022_chunk284.txt
ecg_diagnosis_input_2014_chunk127.txt,,,2,ecg_diagnosis_deID_2014_chunk127.txt
ecg_diagnosis_input_1994_chunk123.txt,,,2,ecg_diagnosis_deID_1994_chunk123.txt
ecg_diagnosis_input_2013_chunk325.txt,,,2,ecg_diagnosis_deID_2013_chunk325.txt
ecg_diagnosis_input_2020_chunk328.txt,,,2,ecg_diagnosis_deID_2020_chunk328.txt
ecg_diagnosis_input_1994_chunk137.txt,,,2,ecg_diagnosis_deID_1994_chunk137.txt
ecg_diagnosis_input_2013_chunk331.txt,,,2,ecg_diagnosis_deID_2013_chunk331.txt
ecg_diagnosis_input_2013_chunk63.txt,,,2,ecg_diagnosis_deID_2013_chunk63.txt
ecg_diagnosis_input_1996_chunk32.txt,,,2,ecg_diagnosis_deID_1996_chunk32.txt
ecg_diagnosis_input_2022_chunk290.txt,,,2,ecg_diagnosis_deID_2022_chunk290.txt
ecg_diagnosis_input_2017_chunk488.txt,,,2,ecg_diagnosis_deID_2017_chunk488.txt
ecg_diagnosis_input_2014_chunk133.txt,,,2,ecg_diagnosis_deID_2014_chunk133.txt
ecg_diagnosis_input_2011_chunk289.txt,,,2,ecg_diagnosis_deID_2011_chunk289.txt
ecg_diagnosis_input_2000_chunk135.txt,,,2,ecg_diagnosis_deID_2000_chunk135.txt
ecg_diagnosis_input_2018_chunk379.txt,,,2,ecg_diagnosis_deID_2018_chunk379.txt
ecg_diagnosis_input_2015_chunk256.txt,,,2,ecg_diagnosis_deID_2015_chunk256.txt
ecg_diagnosis_input_2018_chunk351.txt,,,2,ecg_diagnosis_deID_2018_chunk351.txt
ecg_diagnosis_input_2020_chunk466.txt,,,2,ecg_diagnosis_deID_2020_chunk466.txt
ecg_diagnosis_input_2020_chunk300.txt,,,2,ecg_diagnosis_deID_2020_chunk300.txt
ecg_diagnosis_input_2013_chunk319.txt,,,2,ecg_diagnosis_deID_2013_chunk319.txt
ecg_diagnosis_input_2008_chunk91.txt,,,2,ecg_diagnosis_deID_2008_chunk91.txt
ecg_diagnosis_input_2014_chunk84.txt,,,3,ecg_diagnosis_deID_2014_chunk84.txt
ecg_diagnosis_input_1987_chunk73.txt,,,3,ecg_diagnosis_deID_1987_chunk73.txt
ecg_diagnosis_input_2018_chunk437.txt,,,3,ecg_diagnosis_deID_2018_chunk437.txt
ecg_diagnosis_input_2002_chunk22.txt,,,3,ecg_diagnosis_deID_2002_chunk22.txt
ecg_diagnosis_input_1987_chunk67.txt,,,3,ecg_diagnosis_deID_1987_chunk67.txt
ecg_diagnosis_input_2018_chunk423.txt,,,3,ecg_diagnosis_deID_2018_chunk423.txt
ecg_diagnosis_input_2002_chunk36.txt,,,3,ecg_diagnosis_deID_2002_chunk36.txt
ecg_diagnosis_input_2020_chunk314.txt,,,3,ecg_diagnosis_deID_2020_chunk314.txt
ecg_diagnosis_input_2008_chunk85.txt,,,3,ecg_diagnosis_deID_2008_chunk85.txt
ecg_diagnosis_input_2014_chunk90.txt,,,3,ecg_diagnosis_deID_2014_chunk90.txt
ecg_diagnosis_input_2020_chunk472.txt,,,3,ecg_diagnosis_deID_2020_chunk472.txt
ecg_diagnosis_input_2000_chunk109.txt,,,3,ecg_diagnosis_deID_2000_chunk109.txt
ecg_diagnosis_input_2018_chunk345.txt,,,3,ecg_diagnosis_deID_2018_chunk345.txt
ecg_diagnosis_input_2005_chunk258.txt,,,3,ecg_diagnosis_deID_2005_chunk258.txt
ecg_diagnosis_input_2017_chunk339.txt,,,3,ecg_diagnosis_deID_2017_chunk339.txt
ecg_diagnosis_input_2020_chunk499.txt,,,3,ecg_diagnosis_deID_2020_chunk499.txt
ecg_diagnosis_input_2015_chunk281.txt,,,3,ecg_diagnosis_deID_2015_chunk281.txt
ecg_diagnosis_input_2005_chunk12.txt,,,3,ecg_diagnosis_deID_2005_chunk12.txt
ecg_diagnosis_input_2016_chunk2.txt,,,3,ecg_diagnosis_deID_2016_chunk2.txt
ecg_diagnosis_input_2020_chunk24.txt,,,3,ecg_diagnosis_deID_2020_chunk24.txt
ecg_diagnosis_input_2022_chunk247.txt,,,3,ecg_diagnosis_deID_2022_chunk247.txt
ecg_diagnosis_input_2020_chunk30.txt,,,3,ecg_diagnosis_deID_2020_chunk30.txt
ecg_diagnosis_input_2022_chunk253.txt,,,3,ecg_diagnosis_deID_2022_chunk253.txt
ecg_diagnosis_input_2004_chunk129.txt,,,3,ecg_diagnosis_deID_2004_chunk129.txt
ecg_diagnosis_input_2019_chunk13.txt,,,3,ecg_diagnosis_deID_2019_chunk13.txt
ecg_diagnosis_input_1984_chunk9.txt,,,3,ecg_diagnosis_deID_1984_chunk9.txt
ecg_diagnosis_input_2015_chunk295.txt,,,3,ecg_diagnosis_deID_2015_chunk295.txt
ecg_diagnosis_input_2010_chunk107.txt,,,3,ecg_diagnosis_deID_2010_chunk107.txt
ecg_diagnosis_input_2018_chunk392.txt,,,3,ecg_diagnosis_deID_2018_chunk392.txt
ecg_diagnosis_input_1990_chunk103.txt,,,3,ecg_diagnosis_deID_1990_chunk103.txt
ecg_diagnosis_input_2005_chunk264.txt,,,3,ecg_diagnosis_deID_2005_chunk264.txt
ecg_diagnosis_input_2017_chunk305.txt,,,3,ecg_diagnosis_deID_2017_chunk305.txt
ecg_diagnosis_input_2017_chunk463.txt,,,3,ecg_diagnosis_deID_2017_chunk463.txt
ecg_diagnosis_input_2011_chunk262.txt,,,3,ecg_diagnosis_deID_2011_chunk262.txt
ecg_diagnosis_input_2013_chunk88.txt,,,3,ecg_diagnosis_deID_2013_chunk88.txt
ecg_diagnosis_input_2020_chunk18.txt,,,3,ecg_diagnosis_deID_2020_chunk18.txt
ecg_diagnosis_input_1991_chunk16.txt,,,3,ecg_diagnosis_deID_1991_chunk16.txt
ecg_diagnosis_input_2008_chunk52.txt,,,3,ecg_diagnosis_deID_2008_chunk52.txt
ecg_diagnosis_input_2004_chunk101.txt,,,3,ecg_diagnosis_deID_2004_chunk101.txt
ecg_diagnosis_input_2014_chunk47.txt,,,3,ecg_diagnosis_deID_2014_chunk47.txt
ecg_diagnosis_input_2008_chunk46.txt,,,3,ecg_diagnosis_deID_2008_chunk46.txt
ecg_diagnosis_input_2014_chunk53.txt,,,3,ecg_diagnosis_deID_2014_chunk53.txt
ecg_diagnosis_input_2004_chunk115.txt,,,3,ecg_diagnosis_deID_2004_chunk115.txt
ecg_diagnosis_input_2021_chunk2.txt,,,3,ecg_diagnosis_deID_2021_chunk2.txt
ecg_diagnosis_input_2017_chunk477.txt,,,3,ecg_diagnosis_deID_2017_chunk477.txt
ecg_diagnosis_input_2011_chunk276.txt,,,3,ecg_diagnosis_deID_2011_chunk276.txt
ecg_diagnosis_input_2018_chunk386.txt,,,3,ecg_diagnosis_deID_2018_chunk386.txt
ecg_diagnosis_input_1990_chunk117.txt,,,3,ecg_diagnosis_deID_1990_chunk117.txt
ecg_diagnosis_input_2005_chunk270.txt,,,3,ecg_diagnosis_deID_2005_chunk270.txt
ecg_diagnosis_input_2017_chunk311.txt,,,3,ecg_diagnosis_deID_2017_chunk311.txt
ecg_diagnosis_input_2010_chunk113.txt,,,3,ecg_diagnosis_deID_2010_chunk113.txt
ecg_diagnosis_input_2013_chunk127.txt,,,3,ecg_diagnosis_deID_2013_chunk127.txt
ecg_diagnosis_input_1996_chunk5.txt,,,3,ecg_diagnosis_deID_1996_chunk5.txt
ecg_diagnosis_input_2014_chunk325.txt,,,3,ecg_diagnosis_deID_2014_chunk325.txt
ecg_diagnosis_input_2006_chunk244.txt,,,3,ecg_diagnosis_deID_2006_chunk244.txt
ecg_diagnosis_input_1987_chunk7.txt,,,3,ecg_diagnosis_deID_1987_chunk7.txt
ecg_diagnosis_input_1998_chunk15.txt,,,3,ecg_diagnosis_deID_1998_chunk15.txt
ecg_diagnosis_input_1995_chunk69.txt,,,3,ecg_diagnosis_deID_1995_chunk69.txt
ecg_diagnosis_input_2001_chunk51.txt,,,3,ecg_diagnosis_deID_2001_chunk51.txt
ecg_diagnosis_input_2010_chunk38.txt,,,3,ecg_diagnosis_deID_2010_chunk38.txt
ecg_diagnosis_input_2012_chunk242.txt,,,3,ecg_diagnosis_deID_2012_chunk242.txt
ecg_diagnosis_input_2007_chunk121.txt,,,3,ecg_diagnosis_deID_2007_chunk121.txt
ecg_diagnosis_input_2019_chunk578.txt,,,3,ecg_diagnosis_deID_2019_chunk578.txt
ecg_diagnosis_input_2007_chunk135.txt,,,3,ecg_diagnosis_deID_2007_chunk135.txt
ecg_diagnosis_input_2001_chunk45.txt,,,3,ecg_diagnosis_deID_2001_chunk45.txt
ecg_diagnosis_input_1984_chunk14.txt,,,3,ecg_diagnosis_deID_1984_chunk14.txt
ecg_diagnosis_input_1989_chunk68.txt,,,3,ecg_diagnosis_deID_1989_chunk68.txt
ecg_diagnosis_input_2012_chunk256.txt,,,3,ecg_diagnosis_deID_2012_chunk256.txt
ecg_diagnosis_input_2014_chunk331.txt,,,3,ecg_diagnosis_deID_2014_chunk331.txt
ecg_diagnosis_input_2006_chunk250.txt,,,3,ecg_diagnosis_deID_2006_chunk250.txt
ecg_diagnosis_input_2021_chunk529.txt,,,3,ecg_diagnosis_deID_2021_chunk529.txt
ecg_diagnosis_input_2016_chunk289.txt,,,3,ecg_diagnosis_deID_2016_chunk289.txt
ecg_diagnosis_input_2013_chunk133.txt,,,3,ecg_diagnosis_deID_2013_chunk133.txt
ecg_diagnosis_input_2014_chunk319.txt,,,3,ecg_diagnosis_deID_2014_chunk319.txt
ecg_diagnosis_input_2006_chunk278.txt,,,3,ecg_diagnosis_deID_2006_chunk278.txt
ecg_diagnosis_input_2021_chunk501.txt,,,3,ecg_diagnosis_deID_2021_chunk501.txt
ecg_diagnosis_input_2019_chunk236.txt,,,3,ecg_diagnosis_deID_2019_chunk236.txt
ecg_diagnosis_input_2020_chunk102.txt,,,3,ecg_diagnosis_deID_2020_chunk102.txt
ecg_diagnosis_input_2019_chunk550.txt,,,3,ecg_diagnosis_deID_2019_chunk550.txt
ecg_diagnosis_input_1998_chunk157.txt,,,3,ecg_diagnosis_deID_1998_chunk157.txt
ecg_diagnosis_input_1995_chunk55.txt,,,3,ecg_diagnosis_deID_1995_chunk55.txt
ecg_diagnosis_input_2021_chunk267.txt,,,3,ecg_diagnosis_deID_2021_chunk267.txt
ecg_diagnosis_input_1998_chunk29.txt,,,3,ecg_diagnosis_deID_1998_chunk29.txt
ecg_diagnosis_input_1989_chunk40.txt,,,3,ecg_diagnosis_deID_1989_chunk40.txt
ecg_diagnosis_input_2018_chunk153.txt,,,3,ecg_diagnosis_deID_2018_chunk153.txt
ecg_diagnosis_input_2001_chunk79.txt,,,3,ecg_diagnosis_deID_2001_chunk79.txt
ecg_diagnosis_input_1995_chunk41.txt,,,3,ecg_diagnosis_deID_1995_chunk41.txt
ecg_diagnosis_input_2021_chunk273.txt,,,3,ecg_diagnosis_deID_2021_chunk273.txt
ecg_diagnosis_input_1989_chunk54.txt,,,3,ecg_diagnosis_deID_1989_chunk54.txt
ecg_diagnosis_input_1984_chunk28.txt,,,3,ecg_diagnosis_deID_1984_chunk28.txt
ecg_diagnosis_input_2018_chunk147.txt,,,3,ecg_diagnosis_deID_2018_chunk147.txt
ecg_diagnosis_input_2010_chunk10.txt,,,3,ecg_diagnosis_deID_2010_chunk10.txt
ecg_diagnosis_input_2019_chunk544.txt,,,3,ecg_diagnosis_deID_2019_chunk544.txt
ecg_diagnosis_input_2007_chunk109.txt,,,3,ecg_diagnosis_deID_2007_chunk109.txt
ecg_diagnosis_input_1998_chunk143.txt,,,3,ecg_diagnosis_deID_1998_chunk143.txt
ecg_diagnosis_input_2019_chunk222.txt,,,3,ecg_diagnosis_deID_2019_chunk222.txt
ecg_diagnosis_input_2020_chunk116.txt,,,3,ecg_diagnosis_deID_2020_chunk116.txt
ecg_diagnosis_input_2021_chunk515.txt,,,3,ecg_diagnosis_deID_2021_chunk515.txt
ecg_diagnosis_input_2009_chunk210.txt,,,3,ecg_diagnosis_deID_2009_chunk210.txt
ecg_diagnosis_input_2006_chunk287.txt,,,3,ecg_diagnosis_deID_2006_chunk287.txt
ecg_diagnosis_input_2017_chunk34.txt,,,3,ecg_diagnosis_deID_2017_chunk34.txt
ecg_diagnosis_input_1992_chunk65.txt,,,3,ecg_diagnosis_deID_1992_chunk65.txt
ecg_diagnosis_input_2010_chunk339.txt,,,3,ecg_diagnosis_deID_2010_chunk339.txt
ecg_diagnosis_input_2008_chunk175.txt,,,3,ecg_diagnosis_deID_2008_chunk175.txt
ecg_diagnosis_input_2012_chunk281.txt,,,3,ecg_diagnosis_deID_2012_chunk281.txt
ecg_diagnosis_input_2021_chunk298.txt,,,3,ecg_diagnosis_deID_2021_chunk298.txt
ecg_diagnosis_input_2001_chunk92.txt,,,3,ecg_diagnosis_deID_2001_chunk92.txt
ecg_diagnosis_input_2012_chunk295.txt,,,3,ecg_diagnosis_deID_2012_chunk295.txt
ecg_diagnosis_input_2001_chunk86.txt,,,3,ecg_diagnosis_deID_2001_chunk86.txt
ecg_diagnosis_input_1983_chunk18.txt,,,3,ecg_diagnosis_deID_1983_chunk18.txt
ecg_diagnosis_input_2017_chunk20.txt,,,3,ecg_diagnosis_deID_2017_chunk20.txt
ecg_diagnosis_input_2006_chunk49.txt,,,3,ecg_diagnosis_deID_2006_chunk49.txt
ecg_diagnosis_input_1992_chunk71.txt,,,3,ecg_diagnosis_deID_1992_chunk71.txt
ecg_diagnosis_input_2008_chunk161.txt,,,3,ecg_diagnosis_deID_2008_chunk161.txt
ecg_diagnosis_input_2009_chunk204.txt,,,3,ecg_diagnosis_deID_2009_chunk204.txt
ecg_diagnosis_input_2003_chunk129.txt,,,3,ecg_diagnosis_deID_2003_chunk129.txt
ecg_diagnosis_input_2006_chunk293.txt,,,3,ecg_diagnosis_deID_2006_chunk293.txt
ecg_diagnosis_input_2016_chunk262.txt,,,3,ecg_diagnosis_deID_2016_chunk262.txt
ecg_diagnosis_input_2003_chunk101.txt,,,3,ecg_diagnosis_deID_2003_chunk101.txt
ecg_diagnosis_input_2017_chunk107.txt,,,3,ecg_diagnosis_deID_2017_chunk107.txt
ecg_diagnosis_input_1995_chunk96.txt,,,3,ecg_diagnosis_deID_1995_chunk96.txt
ecg_diagnosis_input_1989_chunk83.txt,,,3,ecg_diagnosis_deID_1989_chunk83.txt
ecg_diagnosis_input_2018_chunk190.txt,,,3,ecg_diagnosis_deID_2018_chunk190.txt
ecg_diagnosis_input_1983_chunk30.txt,,,3,ecg_diagnosis_deID_1983_chunk30.txt
ecg_diagnosis_input_1992_chunk59.txt,,,3,ecg_diagnosis_deID_1992_chunk59.txt
ecg_diagnosis_input_2006_chunk61.txt,,,3,ecg_diagnosis_deID_2006_chunk61.txt
ecg_diagnosis_input_2010_chunk305.txt,,,3,ecg_diagnosis_deID_2010_chunk305.txt
ecg_diagnosis_input_2008_chunk149.txt,,,3,ecg_diagnosis_deID_2008_chunk149.txt
ecg_diagnosis_input_1997_chunk103.txt,,,3,ecg_diagnosis_deID_1997_chunk103.txt
ecg_diagnosis_input_1983_chunk24.txt,,,3,ecg_diagnosis_deID_1983_chunk24.txt
ecg_diagnosis_input_2010_chunk311.txt,,,3,ecg_diagnosis_deID_2010_chunk311.txt
ecg_diagnosis_input_2006_chunk75.txt,,,3,ecg_diagnosis_deID_2006_chunk75.txt
ecg_diagnosis_input_2019_chunk587.txt,,,3,ecg_diagnosis_deID_2019_chunk587.txt
ecg_diagnosis_input_1997_chunk117.txt,,,3,ecg_diagnosis_deID_1997_chunk117.txt
ecg_diagnosis_input_2017_chunk113.txt,,,3,ecg_diagnosis_deID_2017_chunk113.txt
ecg_diagnosis_input_1995_chunk82.txt,,,3,ecg_diagnosis_deID_1995_chunk82.txt
ecg_diagnosis_input_1989_chunk97.txt,,,3,ecg_diagnosis_deID_1989_chunk97.txt
ecg_diagnosis_input_2018_chunk184.txt,,,3,ecg_diagnosis_deID_2018_chunk184.txt
ecg_diagnosis_input_2009_chunk238.txt,,,3,ecg_diagnosis_deID_2009_chunk238.txt
ecg_diagnosis_input_2003_chunk115.txt,,,3,ecg_diagnosis_deID_2003_chunk115.txt
ecg_diagnosis_input_2016_chunk276.txt,,,3,ecg_diagnosis_deID_2016_chunk276.txt
ecg_diagnosis_input_2018_chunk185.txt,,,3,ecg_diagnosis_deID_2018_chunk185.txt
ecg_diagnosis_input_1989_chunk96.txt,,,3,ecg_diagnosis_deID_1989_chunk96.txt
ecg_diagnosis_input_1995_chunk83.txt,,,3,ecg_diagnosis_deID_1995_chunk83.txt
ecg_diagnosis_input_2017_chunk112.txt,,,3,ecg_diagnosis_deID_2017_chunk112.txt
ecg_diagnosis_input_2019_chunk586.txt,,,3,ecg_diagnosis_deID_2019_chunk586.txt
ecg_diagnosis_input_1997_chunk116.txt,,,3,ecg_diagnosis_deID_1997_chunk116.txt
ecg_diagnosis_input_2006_chunk74.txt,,,3,ecg_diagnosis_deID_2006_chunk74.txt
ecg_diagnosis_input_2010_chunk310.txt,,,3,ecg_diagnosis_deID_2010_chunk310.txt
ecg_diagnosis_input_1983_chunk25.txt,,,3,ecg_diagnosis_deID_1983_chunk25.txt
ecg_diagnosis_input_2016_chunk277.txt,,,3,ecg_diagnosis_deID_2016_chunk277.txt
ecg_diagnosis_input_2003_chunk114.txt,,,3,ecg_diagnosis_deID_2003_chunk114.txt
ecg_diagnosis_input_2009_chunk239.txt,,,3,ecg_diagnosis_deID_2009_chunk239.txt
ecg_diagnosis_input_2003_chunk100.txt,,,3,ecg_diagnosis_deID_2003_chunk100.txt
ecg_diagnosis_input_2016_chunk263.txt,,,3,ecg_diagnosis_deID_2016_chunk263.txt
ecg_diagnosis_input_1997_chunk102.txt,,,3,ecg_diagnosis_deID_1997_chunk102.txt
ecg_diagnosis_input_2019_chunk592.txt,,,3,ecg_diagnosis_deID_2019_chunk592.txt
ecg_diagnosis_input_2008_chunk148.txt,,,3,ecg_diagnosis_deID_2008_chunk148.txt
ecg_diagnosis_input_1992_chunk58.txt,,,3,ecg_diagnosis_deID_1992_chunk58.txt
ecg_diagnosis_input_2010_chunk304.txt,,,3,ecg_diagnosis_deID_2010_chunk304.txt
ecg_diagnosis_input_2006_chunk60.txt,,,3,ecg_diagnosis_deID_2006_chunk60.txt
ecg_diagnosis_input_1983_chunk31.txt,,,3,ecg_diagnosis_deID_1983_chunk31.txt
ecg_diagnosis_input_2018_chunk191.txt,,,3,ecg_diagnosis_deID_2018_chunk191.txt
ecg_diagnosis_input_1989_chunk82.txt,,,3,ecg_diagnosis_deID_1989_chunk82.txt
ecg_diagnosis_input_1995_chunk97.txt,,,3,ecg_diagnosis_deID_1995_chunk97.txt
ecg_diagnosis_input_2017_chunk106.txt,,,3,ecg_diagnosis_deID_2017_chunk106.txt
ecg_diagnosis_input_2008_chunk160.txt,,,3,ecg_diagnosis_deID_2008_chunk160.txt
ecg_diagnosis_input_2006_chunk48.txt,,,3,ecg_diagnosis_deID_2006_chunk48.txt
ecg_diagnosis_input_1992_chunk70.txt,,,3,ecg_diagnosis_deID_1992_chunk70.txt
ecg_diagnosis_input_1983_chunk19.txt,,,3,ecg_diagnosis_deID_1983_chunk19.txt
ecg_diagnosis_input_2017_chunk21.txt,,,3,ecg_diagnosis_deID_2017_chunk21.txt
ecg_diagnosis_input_2001_chunk87.txt,,,3,ecg_diagnosis_deID_2001_chunk87.txt
ecg_diagnosis_input_2012_chunk294.txt,,,3,ecg_diagnosis_deID_2012_chunk294.txt
ecg_diagnosis_input_2006_chunk292.txt,,,3,ecg_diagnosis_deID_2006_chunk292.txt
ecg_diagnosis_input_2003_chunk128.txt,,,3,ecg_diagnosis_deID_2003_chunk128.txt
ecg_diagnosis_input_2009_chunk205.txt,,,3,ecg_diagnosis_deID_2009_chunk205.txt
ecg_diagnosis_input_2006_chunk286.txt,,,3,ecg_diagnosis_deID_2006_chunk286.txt
ecg_diagnosis_input_2009_chunk211.txt,,,3,ecg_diagnosis_deID_2009_chunk211.txt
ecg_diagnosis_input_2001_chunk93.txt,,,3,ecg_diagnosis_deID_2001_chunk93.txt
ecg_diagnosis_input_2021_chunk299.txt,,,3,ecg_diagnosis_deID_2021_chunk299.txt
ecg_diagnosis_input_2012_chunk280.txt,,,3,ecg_diagnosis_deID_2012_chunk280.txt
ecg_diagnosis_input_2008_chunk174.txt,,,3,ecg_diagnosis_deID_2008_chunk174.txt
ecg_diagnosis_input_1992_chunk64.txt,,,3,ecg_diagnosis_deID_1992_chunk64.txt
ecg_diagnosis_input_2010_chunk338.txt,,,3,ecg_diagnosis_deID_2010_chunk338.txt
ecg_diagnosis_input_2017_chunk35.txt,,,3,ecg_diagnosis_deID_2017_chunk35.txt
ecg_diagnosis_input_1998_chunk142.txt,,,3,ecg_diagnosis_deID_1998_chunk142.txt
ecg_diagnosis_input_2007_chunk108.txt,,,3,ecg_diagnosis_deID_2007_chunk108.txt
ecg_diagnosis_input_2019_chunk545.txt,,,3,ecg_diagnosis_deID_2019_chunk545.txt
ecg_diagnosis_input_1984_chunk29.txt,,,3,ecg_diagnosis_deID_1984_chunk29.txt
ecg_diagnosis_input_2010_chunk11.txt,,,3,ecg_diagnosis_deID_2010_chunk11.txt
ecg_diagnosis_input_2018_chunk146.txt,,,3,ecg_diagnosis_deID_2018_chunk146.txt
ecg_diagnosis_input_1989_chunk55.txt,,,3,ecg_diagnosis_deID_1989_chunk55.txt
ecg_diagnosis_input_2021_chunk272.txt,,,3,ecg_diagnosis_deID_2021_chunk272.txt
ecg_diagnosis_input_2001_chunk78.txt,,,3,ecg_diagnosis_deID_2001_chunk78.txt
ecg_diagnosis_input_1995_chunk40.txt,,,3,ecg_diagnosis_deID_1995_chunk40.txt
ecg_diagnosis_input_2021_chunk514.txt,,,3,ecg_diagnosis_deID_2021_chunk514.txt
ecg_diagnosis_input_2020_chunk117.txt,,,3,ecg_diagnosis_deID_2020_chunk117.txt
ecg_diagnosis_input_2019_chunk223.txt,,,3,ecg_diagnosis_deID_2019_chunk223.txt
ecg_diagnosis_input_2020_chunk103.txt,,,3,ecg_diagnosis_deID_2020_chunk103.txt
ecg_diagnosis_input_2019_chunk237.txt,,,3,ecg_diagnosis_deID_2019_chunk237.txt
ecg_diagnosis_input_2021_chunk500.txt,,,3,ecg_diagnosis_deID_2021_chunk500.txt
ecg_diagnosis_input_2006_chunk279.txt,,,3,ecg_diagnosis_deID_2006_chunk279.txt
ecg_diagnosis_input_2014_chunk318.txt,,,3,ecg_diagnosis_deID_2014_chunk318.txt
ecg_diagnosis_input_2018_chunk152.txt,,,3,ecg_diagnosis_deID_2018_chunk152.txt
ecg_diagnosis_input_1989_chunk41.txt,,,3,ecg_diagnosis_deID_1989_chunk41.txt
ecg_diagnosis_input_2021_chunk266.txt,,,3,ecg_diagnosis_deID_2021_chunk266.txt
ecg_diagnosis_input_1998_chunk28.txt,,,3,ecg_diagnosis_deID_1998_chunk28.txt
ecg_diagnosis_input_1995_chunk54.txt,,,3,ecg_diagnosis_deID_1995_chunk54.txt
ecg_diagnosis_input_1998_chunk156.txt,,,3,ecg_diagnosis_deID_1998_chunk156.txt
ecg_diagnosis_input_2019_chunk551.txt,,,3,ecg_diagnosis_deID_2019_chunk551.txt
ecg_diagnosis_input_2012_chunk257.txt,,,3,ecg_diagnosis_deID_2012_chunk257.txt
ecg_diagnosis_input_1989_chunk69.txt,,,3,ecg_diagnosis_deID_1989_chunk69.txt
ecg_diagnosis_input_1984_chunk15.txt,,,3,ecg_diagnosis_deID_1984_chunk15.txt
ecg_diagnosis_input_2001_chunk44.txt,,,3,ecg_diagnosis_deID_2001_chunk44.txt
ecg_diagnosis_input_2007_chunk134.txt,,,3,ecg_diagnosis_deID_2007_chunk134.txt
ecg_diagnosis_input_2019_chunk579.txt,,,3,ecg_diagnosis_deID_2019_chunk579.txt
ecg_diagnosis_input_2013_chunk132.txt,,,3,ecg_diagnosis_deID_2013_chunk132.txt
ecg_diagnosis_input_2016_chunk288.txt,,,3,ecg_diagnosis_deID_2016_chunk288.txt
ecg_diagnosis_input_2021_chunk528.txt,,,3,ecg_diagnosis_deID_2021_chunk528.txt
ecg_diagnosis_input_2006_chunk251.txt,,,3,ecg_diagnosis_deID_2006_chunk251.txt
ecg_diagnosis_input_2014_chunk330.txt,,,3,ecg_diagnosis_deID_2014_chunk330.txt
ecg_diagnosis_input_1987_chunk6.txt,,,3,ecg_diagnosis_deID_1987_chunk6.txt
ecg_diagnosis_input_2006_chunk245.txt,,,3,ecg_diagnosis_deID_2006_chunk245.txt
ecg_diagnosis_input_2014_chunk324.txt,,,3,ecg_diagnosis_deID_2014_chunk324.txt
ecg_diagnosis_input_2013_chunk126.txt,,,3,ecg_diagnosis_deID_2013_chunk126.txt
ecg_diagnosis_input_1996_chunk4.txt,,,3,ecg_diagnosis_deID_1996_chunk4.txt
ecg_diagnosis_input_2007_chunk120.txt,,,3,ecg_diagnosis_deID_2007_chunk120.txt
ecg_diagnosis_input_2012_chunk243.txt,,,3,ecg_diagnosis_deID_2012_chunk243.txt
ecg_diagnosis_input_2010_chunk39.txt,,,3,ecg_diagnosis_deID_2010_chunk39.txt
ecg_diagnosis_input_1995_chunk68.txt,,,3,ecg_diagnosis_deID_1995_chunk68.txt
ecg_diagnosis_input_2001_chunk50.txt,,,3,ecg_diagnosis_deID_2001_chunk50.txt
ecg_diagnosis_input_1998_chunk14.txt,,,3,ecg_diagnosis_deID_1998_chunk14.txt
ecg_diagnosis_input_2011_chunk277.txt,,,3,ecg_diagnosis_deID_2011_chunk277.txt
ecg_diagnosis_input_2017_chunk476.txt,,,3,ecg_diagnosis_deID_2017_chunk476.txt
ecg_diagnosis_input_2021_chunk3.txt,,,3,ecg_diagnosis_deID_2021_chunk3.txt
ecg_diagnosis_input_2004_chunk114.txt,,,3,ecg_diagnosis_deID_2004_chunk114.txt
ecg_diagnosis_input_2014_chunk52.txt,,,3,ecg_diagnosis_deID_2014_chunk52.txt
ecg_diagnosis_input_2008_chunk47.txt,,,3,ecg_diagnosis_deID_2008_chunk47.txt
ecg_diagnosis_input_2010_chunk112.txt,,,3,ecg_diagnosis_deID_2010_chunk112.txt
ecg_diagnosis_input_2017_chunk310.txt,,,3,ecg_diagnosis_deID_2017_chunk310.txt
ecg_diagnosis_input_2005_chunk271.txt,,,3,ecg_diagnosis_deID_2005_chunk271.txt
ecg_diagnosis_input_1990_chunk116.txt,,,3,ecg_diagnosis_deID_1990_chunk116.txt
ecg_diagnosis_input_2018_chunk387.txt,,,3,ecg_diagnosis_deID_2018_chunk387.txt
ecg_diagnosis_input_2017_chunk304.txt,,,3,ecg_diagnosis_deID_2017_chunk304.txt
ecg_diagnosis_input_2005_chunk265.txt,,,3,ecg_diagnosis_deID_2005_chunk265.txt
ecg_diagnosis_input_1990_chunk102.txt,,,3,ecg_diagnosis_deID_1990_chunk102.txt
ecg_diagnosis_input_2018_chunk393.txt,,,3,ecg_diagnosis_deID_2018_chunk393.txt
ecg_diagnosis_input_2010_chunk106.txt,,,3,ecg_diagnosis_deID_2010_chunk106.txt
ecg_diagnosis_input_2014_chunk46.txt,,,3,ecg_diagnosis_deID_2014_chunk46.txt
ecg_diagnosis_input_2004_chunk100.txt,,,3,ecg_diagnosis_deID_2004_chunk100.txt
ecg_diagnosis_input_2008_chunk53.txt,,,3,ecg_diagnosis_deID_2008_chunk53.txt
ecg_diagnosis_input_1991_chunk17.txt,,,3,ecg_diagnosis_deID_1991_chunk17.txt
ecg_diagnosis_input_2020_chunk19.txt,,,3,ecg_diagnosis_deID_2020_chunk19.txt
ecg_diagnosis_input_2013_chunk89.txt,,,3,ecg_diagnosis_deID_2013_chunk89.txt
ecg_diagnosis_input_2011_chunk263.txt,,,3,ecg_diagnosis_deID_2011_chunk263.txt
ecg_diagnosis_input_2017_chunk462.txt,,,3,ecg_diagnosis_deID_2017_chunk462.txt
ecg_diagnosis_input_2019_chunk12.txt,,,3,ecg_diagnosis_deID_2019_chunk12.txt
ecg_diagnosis_input_2004_chunk128.txt,,,3,ecg_diagnosis_deID_2004_chunk128.txt
ecg_diagnosis_input_2022_chunk252.txt,,,3,ecg_diagnosis_deID_2022_chunk252.txt
ecg_diagnosis_input_2020_chunk31.txt,,,3,ecg_diagnosis_deID_2020_chunk31.txt
ecg_diagnosis_input_2015_chunk294.txt,,,3,ecg_diagnosis_deID_2015_chunk294.txt
ecg_diagnosis_input_1984_chunk8.txt,,,3,ecg_diagnosis_deID_1984_chunk8.txt
ecg_diagnosis_input_2015_chunk280.txt,,,3,ecg_diagnosis_deID_2015_chunk280.txt
ecg_diagnosis_input_2020_chunk498.txt,,,3,ecg_diagnosis_deID_2020_chunk498.txt
ecg_diagnosis_input_2017_chunk338.txt,,,3,ecg_diagnosis_deID_2017_chunk338.txt
ecg_diagnosis_input_2005_chunk259.txt,,,3,ecg_diagnosis_deID_2005_chunk259.txt
ecg_diagnosis_input_2022_chunk246.txt,,,3,ecg_diagnosis_deID_2022_chunk246.txt
ecg_diagnosis_input_2020_chunk25.txt,,,3,ecg_diagnosis_deID_2020_chunk25.txt
ecg_diagnosis_input_2007_chunk1.txt,,,3,ecg_diagnosis_deID_2007_chunk1.txt
ecg_diagnosis_input_2016_chunk3.txt,,,3,ecg_diagnosis_deID_2016_chunk3.txt
ecg_diagnosis_input_2005_chunk13.txt,,,3,ecg_diagnosis_deID_2005_chunk13.txt
ecg_diagnosis_input_2014_chunk91.txt,,,3,ecg_diagnosis_deID_2014_chunk91.txt
ecg_diagnosis_input_2008_chunk84.txt,,,3,ecg_diagnosis_deID_2008_chunk84.txt
ecg_diagnosis_input_2020_chunk315.txt,,,3,ecg_diagnosis_deID_2020_chunk315.txt
ecg_diagnosis_input_2002_chunk37.txt,,,3,ecg_diagnosis_deID_2002_chunk37.txt
ecg_diagnosis_input_2018_chunk422.txt,,,3,ecg_diagnosis_deID_2018_chunk422.txt
ecg_diagnosis_input_1987_chunk66.txt,,,3,ecg_diagnosis_deID_1987_chunk66.txt
ecg_diagnosis_input_2018_chunk344.txt,,,3,ecg_diagnosis_deID_2018_chunk344.txt
ecg_diagnosis_input_2000_chunk108.txt,,,3,ecg_diagnosis_deID_2000_chunk108.txt
ecg_diagnosis_input_2020_chunk473.txt,,,3,ecg_diagnosis_deID_2020_chunk473.txt
ecg_diagnosis_input_2020_chunk467.txt,,,3,ecg_diagnosis_deID_2020_chunk467.txt
ecg_diagnosis_input_2018_chunk350.txt,,,3,ecg_diagnosis_deID_2018_chunk350.txt
ecg_diagnosis_input_2002_chunk23.txt,,,3,ecg_diagnosis_deID_2002_chunk23.txt
ecg_diagnosis_input_2018_chunk436.txt,,,3,ecg_diagnosis_deID_2018_chunk436.txt
ecg_diagnosis_input_1987_chunk72.txt,,,3,ecg_diagnosis_deID_1987_chunk72.txt
ecg_diagnosis_input_2014_chunk85.txt,,,3,ecg_diagnosis_deID_2014_chunk85.txt
ecg_diagnosis_input_2008_chunk90.txt,,,3,ecg_diagnosis_deID_2008_chunk90.txt
ecg_diagnosis_input_2013_chunk318.txt,,,3,ecg_diagnosis_deID_2013_chunk318.txt
ecg_diagnosis_input_2020_chunk301.txt,,,3,ecg_diagnosis_deID_2020_chunk301.txt
ecg_diagnosis_input_2011_chunk288.txt,,,3,ecg_diagnosis_deID_2011_chunk288.txt
ecg_diagnosis_input_2014_chunk132.txt,,,3,ecg_diagnosis_deID_2014_chunk132.txt
ecg_diagnosis_input_2017_chunk489.txt,,,3,ecg_diagnosis_deID_2017_chunk489.txt
ecg_diagnosis_input_2022_chunk291.txt,,,3,ecg_diagnosis_deID_2022_chunk291.txt
ecg_diagnosis_input_1996_chunk33.txt,,,3,ecg_diagnosis_deID_1996_chunk33.txt
ecg_diagnosis_input_2013_chunk62.txt,,,3,ecg_diagnosis_deID_2013_chunk62.txt
ecg_diagnosis_input_2013_chunk330.txt,,,3,ecg_diagnosis_deID_2013_chunk330.txt
ecg_diagnosis_input_2020_chunk329.txt,,,3,ecg_diagnosis_deID_2020_chunk329.txt
ecg_diagnosis_input_1994_chunk136.txt,,,3,ecg_diagnosis_deID_1994_chunk136.txt
ecg_diagnosis_input_2015_chunk257.txt,,,3,ecg_diagnosis_deID_2015_chunk257.txt
ecg_diagnosis_input_2018_chunk378.txt,,,3,ecg_diagnosis_deID_2018_chunk378.txt
ecg_diagnosis_input_2000_chunk134.txt,,,3,ecg_diagnosis_deID_2000_chunk134.txt
ecg_diagnosis_input_2000_chunk120.txt,,,3,ecg_diagnosis_deID_2000_chunk120.txt
ecg_diagnosis_input_2015_chunk243.txt,,,3,ecg_diagnosis_deID_2015_chunk243.txt
ecg_diagnosis_input_2013_chunk324.txt,,,3,ecg_diagnosis_deID_2013_chunk324.txt
ecg_diagnosis_input_1994_chunk122.txt,,,3,ecg_diagnosis_deID_1994_chunk122.txt
ecg_diagnosis_input_2014_chunk126.txt,,,3,ecg_diagnosis_deID_2014_chunk126.txt
ecg_diagnosis_input_2022_chunk285.txt,,,3,ecg_diagnosis_deID_2022_chunk285.txt
ecg_diagnosis_input_1996_chunk27.txt,,,3,ecg_diagnosis_deID_1996_chunk27.txt
ecg_diagnosis_input_2013_chunk76.txt,,,3,ecg_diagnosis_deID_2013_chunk76.txt
ecg_diagnosis_input_1993_chunk36.txt,,,3,ecg_diagnosis_deID_1993_chunk36.txt
ecg_diagnosis_input_2017_chunk502.txt,,,3,ecg_diagnosis_deID_2017_chunk502.txt
ecg_diagnosis_input_2011_chunk303.txt,,,3,ecg_diagnosis_deID_2011_chunk303.txt
ecg_diagnosis_input_2016_chunk67.txt,,,3,ecg_diagnosis_deID_2016_chunk67.txt
ecg_diagnosis_input_1996_chunk105.txt,,,3,ecg_diagnosis_deID_1996_chunk105.txt
ecg_diagnosis_input_2016_chunk101.txt,,,3,ecg_diagnosis_deID_2016_chunk101.txt
ecg_diagnosis_input_2022_chunk38.txt,,,3,ecg_diagnosis_deID_2022_chunk38.txt
ecg_diagnosis_input_1999_chunk85.txt,,,3,ecg_diagnosis_deID_1999_chunk85.txt
ecg_diagnosis_input_2019_chunk196.txt,,,3,ecg_diagnosis_deID_2019_chunk196.txt
ecg_diagnosis_input_2002_chunk107.txt,,,3,ecg_diagnosis_deID_2002_chunk107.txt
ecg_diagnosis_input_2017_chunk264.txt,,,3,ecg_diagnosis_deID_2017_chunk264.txt
ecg_diagnosis_input_2017_chunk270.txt,,,3,ecg_diagnosis_deID_2017_chunk270.txt
ecg_diagnosis_input_2002_chunk113.txt,,,3,ecg_diagnosis_deID_2002_chunk113.txt
ecg_diagnosis_input_2016_chunk115.txt,,,3,ecg_diagnosis_deID_2016_chunk115.txt
ecg_diagnosis_input_1999_chunk91.txt,,,3,ecg_diagnosis_deID_1999_chunk91.txt
ecg_diagnosis_input_2019_chunk182.txt,,,3,ecg_diagnosis_deID_2019_chunk182.txt
ecg_diagnosis_input_1993_chunk22.txt,,,3,ecg_diagnosis_deID_1993_chunk22.txt
ecg_diagnosis_input_2016_chunk73.txt,,,3,ecg_diagnosis_deID_2016_chunk73.txt
ecg_diagnosis_input_2011_chunk317.txt,,,3,ecg_diagnosis_deID_2011_chunk317.txt
ecg_diagnosis_input_1996_chunk111.txt,,,3,ecg_diagnosis_deID_1996_chunk111.txt
ecg_diagnosis_input_2013_chunk287.txt,,,3,ecg_diagnosis_deID_2013_chunk287.txt
ecg_diagnosis_input_2010_chunk8.txt,,,3,ecg_diagnosis_deID_2010_chunk8.txt
ecg_diagnosis_input_2011_chunk94.txt,,,3,ecg_diagnosis_deID_2011_chunk94.txt
ecg_diagnosis_input_2007_chunk32.txt,,,3,ecg_diagnosis_deID_2007_chunk32.txt
ecg_diagnosis_input_2022_chunk326.txt,,,3,ecg_diagnosis_deID_2022_chunk326.txt
ecg_diagnosis_input_1996_chunk139.txt,,,3,ecg_diagnosis_deID_1996_chunk139.txt
ecg_diagnosis_input_2009_chunk173.txt,,,3,ecg_diagnosis_deID_2009_chunk173.txt
ecg_diagnosis_input_2017_chunk258.txt,,,3,ecg_diagnosis_deID_2017_chunk258.txt
ecg_diagnosis_input_2008_chunk216.txt,,,3,ecg_diagnosis_deID_2008_chunk216.txt
ecg_diagnosis_input_2007_chunk281.txt,,,3,ecg_diagnosis_deID_2007_chunk281.txt
ecg_diagnosis_input_1982_chunk3.txt,,,3,ecg_diagnosis_deID_1982_chunk3.txt
ecg_diagnosis_input_2008_chunk202.txt,,,3,ecg_diagnosis_deID_2008_chunk202.txt
ecg_diagnosis_input_1998_chunk9.txt,,,3,ecg_diagnosis_deID_1998_chunk9.txt
ecg_diagnosis_input_2007_chunk295.txt,,,3,ecg_diagnosis_deID_2007_chunk295.txt
ecg_diagnosis_input_1993_chunk1.txt,,,3,ecg_diagnosis_deID_1993_chunk1.txt
ecg_diagnosis_input_2007_chunk26.txt,,,3,ecg_diagnosis_deID_2007_chunk26.txt
ecg_diagnosis_input_2022_chunk332.txt,,,3,ecg_diagnosis_deID_2022_chunk332.txt
ecg_diagnosis_input_2009_chunk167.txt,,,3,ecg_diagnosis_deID_2009_chunk167.txt
ecg_diagnosis_input_2016_chunk129.txt,,,3,ecg_diagnosis_deID_2016_chunk129.txt
ecg_diagnosis_input_2013_chunk293.txt,,,3,ecg_diagnosis_deID_2013_chunk293.txt
ecg_diagnosis_input_2022_chunk10.txt,,,3,ecg_diagnosis_deID_2022_chunk10.txt
ecg_diagnosis_input_2011_chunk80.txt,,,3,ecg_diagnosis_deID_2011_chunk80.txt
ecg_diagnosis_input_2020_chunk261.txt,,,3,ecg_diagnosis_deID_2020_chunk261.txt
ecg_diagnosis_input_1999_chunk46.txt,,,3,ecg_diagnosis_deID_1999_chunk46.txt
ecg_diagnosis_input_2019_chunk155.txt,,,3,ecg_diagnosis_deID_2019_chunk155.txt
ecg_diagnosis_input_2013_chunk278.txt,,,3,ecg_diagnosis_deID_2013_chunk278.txt
ecg_diagnosis_input_2021_chunk662.txt,,,3,ecg_diagnosis_deID_2021_chunk662.txt
ecg_diagnosis_input_1999_chunk151.txt,,,3,ecg_diagnosis_deID_1999_chunk151.txt
ecg_diagnosis_input_2018_chunk230.txt,,,3,ecg_diagnosis_deID_2018_chunk230.txt
ecg_diagnosis_input_2021_chunk104.txt,,,3,ecg_diagnosis_deID_2021_chunk104.txt
ecg_diagnosis_input_2020_chunk507.txt,,,3,ecg_diagnosis_deID_2020_chunk507.txt
ecg_diagnosis_input_2020_chunk513.txt,,,3,ecg_diagnosis_deID_2020_chunk513.txt
ecg_diagnosis_input_2012_chunk109.txt,,,3,ecg_diagnosis_deID_2012_chunk109.txt
ecg_diagnosis_input_2018_chunk224.txt,,,3,ecg_diagnosis_deID_2018_chunk224.txt
ecg_diagnosis_input_2021_chunk110.txt,,,3,ecg_diagnosis_deID_2021_chunk110.txt
ecg_diagnosis_input_2009_chunk198.txt,,,3,ecg_diagnosis_deID_2009_chunk198.txt
ecg_diagnosis_input_1999_chunk145.txt,,,3,ecg_diagnosis_deID_1999_chunk145.txt
ecg_diagnosis_input_1985_chunk47.txt,,,3,ecg_diagnosis_deID_1985_chunk47.txt
ecg_diagnosis_input_2020_chunk275.txt,,,3,ecg_diagnosis_deID_2020_chunk275.txt
ecg_diagnosis_input_1999_chunk52.txt,,,3,ecg_diagnosis_deID_1999_chunk52.txt
ecg_diagnosis_input_2000_chunk16.txt,,,3,ecg_diagnosis_deID_2000_chunk16.txt
ecg_diagnosis_input_2019_chunk141.txt,,,3,ecg_diagnosis_deID_2019_chunk141.txt
ecg_diagnosis_input_2006_chunk127.txt,,,3,ecg_diagnosis_deID_2006_chunk127.txt
ecg_diagnosis_input_2016_chunk98.txt,,,3,ecg_diagnosis_deID_2016_chunk98.txt
ecg_diagnosis_input_1988_chunk13.txt,,,3,ecg_diagnosis_deID_1988_chunk13.txt
ecg_diagnosis_input_2011_chunk57.txt,,,3,ecg_diagnosis_deID_2011_chunk57.txt
ecg_diagnosis_input_2019_chunk169.txt,,,3,ecg_diagnosis_deID_2019_chunk169.txt
ecg_diagnosis_input_2013_chunk244.txt,,,3,ecg_diagnosis_deID_2013_chunk244.txt
ecg_diagnosis_input_2015_chunk323.txt,,,3,ecg_diagnosis_deID_2015_chunk323.txt
ecg_diagnosis_input_2007_chunk242.txt,,,3,ecg_diagnosis_deID_2007_chunk242.txt
ecg_diagnosis_input_2012_chunk121.txt,,,3,ecg_diagnosis_deID_2012_chunk121.txt
ecg_diagnosis_input_2021_chunk138.txt,,,3,ecg_diagnosis_deID_2021_chunk138.txt
ecg_diagnosis_input_2012_chunk135.txt,,,3,ecg_diagnosis_deID_2012_chunk135.txt
ecg_diagnosis_input_2018_chunk218.txt,,,3,ecg_diagnosis_deID_2018_chunk218.txt
ecg_diagnosis_input_2015_chunk337.txt,,,3,ecg_diagnosis_deID_2015_chunk337.txt
ecg_diagnosis_input_2007_chunk256.txt,,,3,ecg_diagnosis_deID_2007_chunk256.txt
ecg_diagnosis_input_2020_chunk249.txt,,,3,ecg_diagnosis_deID_2020_chunk249.txt
ecg_diagnosis_input_2011_chunk43.txt,,,3,ecg_diagnosis_deID_2011_chunk43.txt
ecg_diagnosis_input_1994_chunk12.txt,,,3,ecg_diagnosis_deID_1994_chunk12.txt
ecg_diagnosis_input_2013_chunk250.txt,,,3,ecg_diagnosis_deID_2013_chunk250.txt
ecg_diagnosis_input_2006_chunk133.txt,,,3,ecg_diagnosis_deID_2006_chunk133.txt
ecg_diagnosis_input_1981_chunk10.txt,,,3,ecg_diagnosis_deID_1981_chunk10.txt
ecg_diagnosis_input_2015_chunk28.txt,,,3,ecg_diagnosis_deID_2015_chunk28.txt
ecg_diagnosis_input_2018_chunk54.txt,,,3,ecg_diagnosis_deID_2018_chunk54.txt
ecg_diagnosis_input_2004_chunk41.txt,,,3,ecg_diagnosis_deID_2004_chunk41.txt
ecg_diagnosis_input_2005_chunk107.txt,,,3,ecg_diagnosis_deID_2005_chunk107.txt
ecg_diagnosis_input_1990_chunk79.txt,,,3,ecg_diagnosis_deID_1990_chunk79.txt
ecg_diagnosis_input_2010_chunk264.txt,,,3,ecg_diagnosis_deID_2010_chunk264.txt
ecg_diagnosis_input_2021_chunk77.txt,,,3,ecg_diagnosis_deID_2021_chunk77.txt
ecg_diagnosis_input_2019_chunk394.txt,,,3,ecg_diagnosis_deID_2019_chunk394.txt
ecg_diagnosis_input_1991_chunk105.txt,,,3,ecg_diagnosis_deID_1991_chunk105.txt
ecg_diagnosis_input_2016_chunk303.txt,,,3,ecg_diagnosis_deID_2016_chunk303.txt
ecg_diagnosis_input_2022_chunk118.txt,,,3,ecg_diagnosis_deID_2022_chunk118.txt
ecg_diagnosis_input_2011_chunk101.txt,,,3,ecg_diagnosis_deID_2011_chunk101.txt
ecg_diagnosis_input_2011_chunk115.txt,,,3,ecg_diagnosis_deID_2011_chunk115.txt
ecg_diagnosis_input_2019_chunk380.txt,,,3,ecg_diagnosis_deID_2019_chunk380.txt
ecg_diagnosis_input_1991_chunk111.txt,,,3,ecg_diagnosis_deID_1991_chunk111.txt
ecg_diagnosis_input_2016_chunk317.txt,,,3,ecg_diagnosis_deID_2016_chunk317.txt
ecg_diagnosis_input_2010_chunk270.txt,,,3,ecg_diagnosis_deID_2010_chunk270.txt
ecg_diagnosis_input_2021_chunk63.txt,,,3,ecg_diagnosis_deID_2021_chunk63.txt
ecg_diagnosis_input_2018_chunk40.txt,,,3,ecg_diagnosis_deID_2018_chunk40.txt
ecg_diagnosis_input_2009_chunk29.txt,,,3,ecg_diagnosis_deID_2009_chunk29.txt
ecg_diagnosis_input_2005_chunk113.txt,,,3,ecg_diagnosis_deID_2005_chunk113.txt
ecg_diagnosis_input_2004_chunk55.txt,,,3,ecg_diagnosis_deID_2004_chunk55.txt
ecg_diagnosis_input_2010_chunk258.txt,,,3,ecg_diagnosis_deID_2010_chunk258.txt
ecg_diagnosis_input_2018_chunk68.txt,,,3,ecg_diagnosis_deID_2018_chunk68.txt
ecg_diagnosis_input_2015_chunk14.txt,,,3,ecg_diagnosis_deID_2015_chunk14.txt
ecg_diagnosis_input_1990_chunk45.txt,,,3,ecg_diagnosis_deID_1990_chunk45.txt
ecg_diagnosis_input_2022_chunk124.txt,,,3,ecg_diagnosis_deID_2022_chunk124.txt
ecg_diagnosis_input_2014_chunk287.txt,,,3,ecg_diagnosis_deID_2014_chunk287.txt
ecg_diagnosis_input_2022_chunk130.txt,,,3,ecg_diagnosis_deID_2022_chunk130.txt
ecg_diagnosis_input_2014_chunk293.txt,,,3,ecg_diagnosis_deID_2014_chunk293.txt
ecg_diagnosis_input_2011_chunk129.txt,,,3,ecg_diagnosis_deID_2011_chunk129.txt
ecg_diagnosis_input_1990_chunk51.txt,,,3,ecg_diagnosis_deID_1990_chunk51.txt
ecg_diagnosis_input_2004_chunk69.txt,,,3,ecg_diagnosis_deID_2004_chunk69.txt
ecg_diagnosis_input_2009_chunk15.txt,,,3,ecg_diagnosis_deID_2009_chunk15.txt
ecg_diagnosis_input_1997_chunk75.txt,,,3,ecg_diagnosis_deID_1997_chunk75.txt
ecg_diagnosis_input_2019_chunk431.txt,,,3,ecg_diagnosis_deID_2019_chunk431.txt
ecg_diagnosis_input_2012_chunk24.txt,,,3,ecg_diagnosis_deID_2012_chunk24.txt
ecg_diagnosis_input_2021_chunk306.txt,,,3,ecg_diagnosis_deID_2021_chunk306.txt
ecg_diagnosis_input_1995_chunk119.txt,,,3,ecg_diagnosis_deID_1995_chunk119.txt
ecg_diagnosis_input_2018_chunk97.txt,,,3,ecg_diagnosis_deID_2018_chunk97.txt
ecg_diagnosis_input_2004_chunk82.txt,,,3,ecg_diagnosis_deID_2004_chunk82.txt
ecg_diagnosis_input_2014_chunk278.txt,,,3,ecg_diagnosis_deID_2014_chunk278.txt
ecg_diagnosis_input_2021_chunk460.txt,,,3,ecg_diagnosis_deID_2021_chunk460.txt
ecg_diagnosis_input_2019_chunk357.txt,,,3,ecg_diagnosis_deID_2019_chunk357.txt
ecg_diagnosis_input_2019_chunk343.txt,,,3,ecg_diagnosis_deID_2019_chunk343.txt
ecg_diagnosis_input_2021_chunk474.txt,,,3,ecg_diagnosis_deID_2021_chunk474.txt
ecg_diagnosis_input_2021_chunk312.txt,,,3,ecg_diagnosis_deID_2021_chunk312.txt
ecg_diagnosis_input_2018_chunk83.txt,,,3,ecg_diagnosis_deID_2018_chunk83.txt
ecg_diagnosis_input_2004_chunk96.txt,,,3,ecg_diagnosis_deID_2004_chunk96.txt
ecg_diagnosis_input_1997_chunk61.txt,,,3,ecg_diagnosis_deID_1997_chunk61.txt
ecg_diagnosis_input_2003_chunk59.txt,,,3,ecg_diagnosis_deID_2003_chunk59.txt
ecg_diagnosis_input_2019_chunk425.txt,,,3,ecg_diagnosis_deID_2019_chunk425.txt
ecg_diagnosis_input_2012_chunk30.txt,,,3,ecg_diagnosis_deID_2012_chunk30.txt
ecg_diagnosis_input_2015_chunk109.txt,,,3,ecg_diagnosis_deID_2015_chunk109.txt
ecg_diagnosis_input_1995_chunk125.txt,,,3,ecg_diagnosis_deID_1995_chunk125.txt
ecg_diagnosis_input_2012_chunk323.txt,,,3,ecg_diagnosis_deID_2012_chunk323.txt
ecg_diagnosis_input_1990_chunk86.txt,,,3,ecg_diagnosis_deID_1990_chunk86.txt
ecg_diagnosis_input_2003_chunk71.txt,,,3,ecg_diagnosis_deID_2003_chunk71.txt
ecg_diagnosis_input_1997_chunk49.txt,,,3,ecg_diagnosis_deID_1997_chunk49.txt
ecg_diagnosis_input_1986_chunk20.txt,,,3,ecg_diagnosis_deID_1986_chunk20.txt
ecg_diagnosis_input_2021_chunk88.txt,,,3,ecg_diagnosis_deID_2021_chunk88.txt
ecg_diagnosis_input_2012_chunk18.txt,,,3,ecg_diagnosis_deID_2012_chunk18.txt
ecg_diagnosis_input_2015_chunk121.txt,,,3,ecg_diagnosis_deID_2015_chunk121.txt
ecg_diagnosis_input_2001_chunk127.txt,,,3,ecg_diagnosis_deID_2001_chunk127.txt
ecg_diagnosis_input_2014_chunk244.txt,,,3,ecg_diagnosis_deID_2014_chunk244.txt
ecg_diagnosis_input_2014_chunk250.txt,,,3,ecg_diagnosis_deID_2014_chunk250.txt
ecg_diagnosis_input_2021_chunk448.txt,,,3,ecg_diagnosis_deID_2021_chunk448.txt
ecg_diagnosis_input_2001_chunk133.txt,,,3,ecg_diagnosis_deID_2001_chunk133.txt
ecg_diagnosis_input_2003_chunk65.txt,,,3,ecg_diagnosis_deID_2003_chunk65.txt
ecg_diagnosis_input_1986_chunk34.txt,,,3,ecg_diagnosis_deID_1986_chunk34.txt
ecg_diagnosis_input_2019_chunk419.txt,,,3,ecg_diagnosis_deID_2019_chunk419.txt
ecg_diagnosis_input_2002_chunk4.txt,,,3,ecg_diagnosis_deID_2002_chunk4.txt
ecg_diagnosis_input_2015_chunk135.txt,,,3,ecg_diagnosis_deID_2015_chunk135.txt
ecg_diagnosis_input_1995_chunk131.txt,,,3,ecg_diagnosis_deID_1995_chunk131.txt
ecg_diagnosis_input_2013_chunk6.txt,,,3,ecg_diagnosis_deID_2013_chunk6.txt
ecg_diagnosis_input_2012_chunk337.txt,,,3,ecg_diagnosis_deID_2012_chunk337.txt
ecg_diagnosis_input_1990_chunk92.txt,,,3,ecg_diagnosis_deID_1990_chunk92.txt
ecg_diagnosis_input_2019_chunk324.txt,,,3,ecg_diagnosis_deID_2019_chunk324.txt
ecg_diagnosis_input_2021_chunk413.txt,,,3,ecg_diagnosis_deID_2021_chunk413.txt
ecg_diagnosis_input_2015_chunk98.txt,,,3,ecg_diagnosis_deID_2015_chunk98.txt
ecg_diagnosis_input_2021_chunk375.txt,,,3,ecg_diagnosis_deID_2021_chunk375.txt
ecg_diagnosis_input_2019_chunk442.txt,,,3,ecg_diagnosis_deID_2019_chunk442.txt
ecg_diagnosis_input_2012_chunk57.txt,,,3,ecg_diagnosis_deID_2012_chunk57.txt
ecg_diagnosis_input_1997_chunk12.txt,,,3,ecg_diagnosis_deID_1997_chunk12.txt
ecg_diagnosis_input_2019_chunk456.txt,,,3,ecg_diagnosis_deID_2019_chunk456.txt
ecg_diagnosis_input_2012_chunk43.txt,,,3,ecg_diagnosis_deID_2012_chunk43.txt
ecg_diagnosis_input_2012_chunk378.txt,,,3,ecg_diagnosis_deID_2012_chunk378.txt
ecg_diagnosis_input_2009_chunk99.txt,,,3,ecg_diagnosis_deID_2009_chunk99.txt
ecg_diagnosis_input_2021_chunk361.txt,,,3,ecg_diagnosis_deID_2021_chunk361.txt
ecg_diagnosis_input_2021_chunk407.txt,,,3,ecg_diagnosis_deID_2021_chunk407.txt
ecg_diagnosis_input_2019_chunk330.txt,,,3,ecg_diagnosis_deID_2019_chunk330.txt
ecg_diagnosis_input_2022_chunk194.txt,,,3,ecg_diagnosis_deID_2022_chunk194.txt
ecg_diagnosis_input_2014_chunk237.txt,,,3,ecg_diagnosis_deID_2014_chunk237.txt
ecg_diagnosis_input_2019_chunk318.txt,,,3,ecg_diagnosis_deID_2019_chunk318.txt
ecg_diagnosis_input_2001_chunk154.txt,,,3,ecg_diagnosis_deID_2001_chunk154.txt
ecg_diagnosis_input_2015_chunk152.txt,,,3,ecg_diagnosis_deID_2015_chunk152.txt
ecg_diagnosis_input_1986_chunk53.txt,,,3,ecg_diagnosis_deID_1986_chunk53.txt
ecg_diagnosis_input_2012_chunk350.txt,,,3,ecg_diagnosis_deID_2012_chunk350.txt
ecg_diagnosis_input_2021_chunk349.txt,,,3,ecg_diagnosis_deID_2021_chunk349.txt
ecg_diagnosis_input_2012_chunk344.txt,,,3,ecg_diagnosis_deID_2012_chunk344.txt
ecg_diagnosis_input_1995_chunk142.txt,,,3,ecg_diagnosis_deID_1995_chunk142.txt
ecg_diagnosis_input_2015_chunk146.txt,,,3,ecg_diagnosis_deID_2015_chunk146.txt
ecg_diagnosis_input_2003_chunk16.txt,,,3,ecg_diagnosis_deID_2003_chunk16.txt
ecg_diagnosis_input_1986_chunk47.txt,,,3,ecg_diagnosis_deID_1986_chunk47.txt
ecg_diagnosis_input_2001_chunk140.txt,,,3,ecg_diagnosis_deID_2001_chunk140.txt
ecg_diagnosis_input_2022_chunk180.txt,,,3,ecg_diagnosis_deID_2022_chunk180.txt
ecg_diagnosis_input_2014_chunk223.txt,,,3,ecg_diagnosis_deID_2014_chunk223.txt
ecg_diagnosis_input_2011_chunk199.txt,,,3,ecg_diagnosis_deID_2011_chunk199.txt
ecg_diagnosis_input_2011_chunk172.txt,,,3,ecg_diagnosis_deID_2011_chunk172.txt
ecg_diagnosis_input_2004_chunk211.txt,,,3,ecg_diagnosis_deID_2004_chunk211.txt
ecg_diagnosis_input_2016_chunk370.txt,,,3,ecg_diagnosis_deID_2016_chunk370.txt
ecg_diagnosis_input_2019_chunk481.txt,,,3,ecg_diagnosis_deID_2019_chunk481.txt
ecg_diagnosis_input_2012_chunk94.txt,,,3,ecg_diagnosis_deID_2012_chunk94.txt
ecg_diagnosis_input_2016_chunk416.txt,,,3,ecg_diagnosis_deID_2016_chunk416.txt
ecg_diagnosis_input_2010_chunk217.txt,,,3,ecg_diagnosis_deID_2010_chunk217.txt
ecg_diagnosis_input_2020_chunk8.txt,,,3,ecg_diagnosis_deID_2020_chunk8.txt
ecg_diagnosis_input_2018_chunk27.txt,,,3,ecg_diagnosis_deID_2018_chunk27.txt
ecg_diagnosis_input_2005_chunk174.txt,,,3,ecg_diagnosis_deID_2005_chunk174.txt
ecg_diagnosis_input_2004_chunk32.txt,,,3,ecg_diagnosis_deID_2004_chunk32.txt
ecg_diagnosis_input_2018_chunk33.txt,,,3,ecg_diagnosis_deID_2018_chunk33.txt
ecg_diagnosis_input_2004_chunk26.txt,,,3,ecg_diagnosis_deID_2004_chunk26.txt
ecg_diagnosis_input_2005_chunk160.txt,,,3,ecg_diagnosis_deID_2005_chunk160.txt
ecg_diagnosis_input_2019_chunk495.txt,,,3,ecg_diagnosis_deID_2019_chunk495.txt
ecg_diagnosis_input_2021_chunk10.txt,,,3,ecg_diagnosis_deID_2021_chunk10.txt
ecg_diagnosis_input_2012_chunk80.txt,,,3,ecg_diagnosis_deID_2012_chunk80.txt
ecg_diagnosis_input_2016_chunk402.txt,,,3,ecg_diagnosis_deID_2016_chunk402.txt
ecg_diagnosis_input_2010_chunk203.txt,,,3,ecg_diagnosis_deID_2010_chunk203.txt
ecg_diagnosis_input_2004_chunk205.txt,,,3,ecg_diagnosis_deID_2004_chunk205.txt
ecg_diagnosis_input_2016_chunk364.txt,,,3,ecg_diagnosis_deID_2016_chunk364.txt
ecg_diagnosis_input_2011_chunk166.txt,,,3,ecg_diagnosis_deID_2011_chunk166.txt
ecg_diagnosis_input_1985_chunk3.txt,,,3,ecg_diagnosis_deID_1985_chunk3.txt
ecg_diagnosis_input_1994_chunk1.txt,,,3,ecg_diagnosis_deID_1994_chunk1.txt
ecg_diagnosis_input_2009_chunk302.txt,,,3,ecg_diagnosis_deID_2009_chunk302.txt
ecg_diagnosis_input_2022_chunk157.txt,,,3,ecg_diagnosis_deID_2022_chunk157.txt
ecg_diagnosis_input_2015_chunk67.txt,,,3,ecg_diagnosis_deID_2015_chunk67.txt
ecg_diagnosis_input_2012_chunk393.txt,,,3,ecg_diagnosis_deID_2012_chunk393.txt
ecg_diagnosis_input_1990_chunk36.txt,,,3,ecg_diagnosis_deID_1990_chunk36.txt
ecg_diagnosis_input_2005_chunk148.txt,,,3,ecg_diagnosis_deID_2005_chunk148.txt
ecg_diagnosis_input_2009_chunk72.txt,,,3,ecg_diagnosis_deID_2009_chunk72.txt
ecg_diagnosis_input_2021_chunk38.txt,,,3,ecg_diagnosis_deID_2021_chunk38.txt
ecg_diagnosis_input_2015_chunk191.txt,,,3,ecg_diagnosis_deID_2015_chunk191.txt
ecg_diagnosis_input_2017_chunk8.txt,,,3,ecg_diagnosis_deID_2017_chunk8.txt
ecg_diagnosis_input_2015_chunk185.txt,,,3,ecg_diagnosis_deID_2015_chunk185.txt
ecg_diagnosis_input_2012_chunk387.txt,,,3,ecg_diagnosis_deID_2012_chunk387.txt
ecg_diagnosis_input_2015_chunk73.txt,,,3,ecg_diagnosis_deID_2015_chunk73.txt
ecg_diagnosis_input_1990_chunk22.txt,,,3,ecg_diagnosis_deID_1990_chunk22.txt
ecg_diagnosis_input_2009_chunk66.txt,,,3,ecg_diagnosis_deID_2009_chunk66.txt
ecg_diagnosis_input_2009_chunk316.txt,,,3,ecg_diagnosis_deID_2009_chunk316.txt
ecg_diagnosis_input_2022_chunk143.txt,,,3,ecg_diagnosis_deID_2022_chunk143.txt
ecg_diagnosis_input_2004_chunk239.txt,,,3,ecg_diagnosis_deID_2004_chunk239.txt
ecg_diagnosis_input_2016_chunk358.txt,,,3,ecg_diagnosis_deID_2016_chunk358.txt
ecg_diagnosis_input_2020_chunk574.txt,,,3,ecg_diagnosis_deID_2020_chunk574.txt
ecg_diagnosis_input_2018_chunk243.txt,,,3,ecg_diagnosis_deID_2018_chunk243.txt
ecg_diagnosis_input_2021_chunk177.txt,,,3,ecg_diagnosis_deID_2021_chunk177.txt
ecg_diagnosis_input_1993_chunk86.txt,,,3,ecg_diagnosis_deID_1993_chunk86.txt
ecg_diagnosis_input_2006_chunk168.txt,,,3,ecg_diagnosis_deID_2006_chunk168.txt
ecg_diagnosis_input_1999_chunk122.txt,,,3,ecg_diagnosis_deID_1999_chunk122.txt
ecg_diagnosis_input_2021_chunk611.txt,,,3,ecg_diagnosis_deID_2021_chunk611.txt
ecg_diagnosis_input_1985_chunk20.txt,,,3,ecg_diagnosis_deID_1985_chunk20.txt
ecg_diagnosis_input_2022_chunk88.txt,,,3,ecg_diagnosis_deID_2022_chunk88.txt
ecg_diagnosis_input_2011_chunk18.txt,,,3,ecg_diagnosis_deID_2011_chunk18.txt
ecg_diagnosis_input_2020_chunk212.txt,,,3,ecg_diagnosis_deID_2020_chunk212.txt
ecg_diagnosis_input_1999_chunk35.txt,,,3,ecg_diagnosis_deID_1999_chunk35.txt
ecg_diagnosis_input_2019_chunk126.txt,,,3,ecg_diagnosis_deID_2019_chunk126.txt
ecg_diagnosis_input_2000_chunk71.txt,,,3,ecg_diagnosis_deID_2000_chunk71.txt
ecg_diagnosis_input_1994_chunk49.txt,,,3,ecg_diagnosis_deID_1994_chunk49.txt
ecg_diagnosis_input_1985_chunk34.txt,,,3,ecg_diagnosis_deID_1985_chunk34.txt
ecg_diagnosis_input_1988_chunk48.txt,,,3,ecg_diagnosis_deID_1988_chunk48.txt
ecg_diagnosis_input_2020_chunk206.txt,,,3,ecg_diagnosis_deID_2020_chunk206.txt
ecg_diagnosis_input_1999_chunk21.txt,,,3,ecg_diagnosis_deID_1999_chunk21.txt
ecg_diagnosis_input_2019_chunk132.txt,,,3,ecg_diagnosis_deID_2019_chunk132.txt
ecg_diagnosis_input_2000_chunk65.txt,,,3,ecg_diagnosis_deID_2000_chunk65.txt
ecg_diagnosis_input_1993_chunk92.txt,,,3,ecg_diagnosis_deID_1993_chunk92.txt
ecg_diagnosis_input_1999_chunk136.txt,,,3,ecg_diagnosis_deID_1999_chunk136.txt
ecg_diagnosis_input_2021_chunk605.txt,,,3,ecg_diagnosis_deID_2021_chunk605.txt
ecg_diagnosis_input_2018_chunk257.txt,,,3,ecg_diagnosis_deID_2018_chunk257.txt
ecg_diagnosis_input_2021_chunk163.txt,,,3,ecg_diagnosis_deID_2021_chunk163.txt
ecg_diagnosis_input_2020_chunk560.txt,,,3,ecg_diagnosis_deID_2020_chunk560.txt
ecg_diagnosis_input_2015_chunk378.txt,,,3,ecg_diagnosis_deID_2015_chunk378.txt
ecg_diagnosis_input_2007_chunk219.txt,,,3,ecg_diagnosis_deID_2007_chunk219.txt
ecg_diagnosis_input_2012_chunk152.txt,,,3,ecg_diagnosis_deID_2012_chunk152.txt
ecg_diagnosis_input_2020_chunk548.txt,,,3,ecg_diagnosis_deID_2020_chunk548.txt
ecg_diagnosis_input_2015_chunk350.txt,,,3,ecg_diagnosis_deID_2015_chunk350.txt
ecg_diagnosis_input_2007_chunk231.txt,,,3,ecg_diagnosis_deID_2007_chunk231.txt
ecg_diagnosis_input_2005_chunk4.txt,,,3,ecg_diagnosis_deID_2005_chunk4.txt
ecg_diagnosis_input_2013_chunk237.txt,,,3,ecg_diagnosis_deID_2013_chunk237.txt
ecg_diagnosis_input_1988_chunk60.txt,,,3,ecg_diagnosis_deID_1988_chunk60.txt
ecg_diagnosis_input_2011_chunk24.txt,,,3,ecg_diagnosis_deID_2011_chunk24.txt
ecg_diagnosis_input_1994_chunk75.txt,,,3,ecg_diagnosis_deID_1994_chunk75.txt
ecg_diagnosis_input_2007_chunk82.txt,,,3,ecg_diagnosis_deID_2007_chunk82.txt
ecg_diagnosis_input_2006_chunk154.txt,,,3,ecg_diagnosis_deID_2006_chunk154.txt
ecg_diagnosis_input_2014_chunk6.txt,,,3,ecg_diagnosis_deID_2014_chunk6.txt
ecg_diagnosis_input_2018_chunk519.txt,,,3,ecg_diagnosis_deID_2018_chunk519.txt
ecg_diagnosis_input_2006_chunk140.txt,,,3,ecg_diagnosis_deID_2006_chunk140.txt
ecg_diagnosis_input_2007_chunk96.txt,,,3,ecg_diagnosis_deID_2007_chunk96.txt
ecg_diagnosis_input_2021_chunk639.txt,,,3,ecg_diagnosis_deID_2021_chunk639.txt
ecg_diagnosis_input_2022_chunk382.txt,,,3,ecg_diagnosis_deID_2022_chunk382.txt
ecg_diagnosis_input_2016_chunk199.txt,,,3,ecg_diagnosis_deID_2016_chunk199.txt
ecg_diagnosis_input_2013_chunk223.txt,,,3,ecg_diagnosis_deID_2013_chunk223.txt
ecg_diagnosis_input_2015_chunk422.txt,,,3,ecg_diagnosis_deID_2015_chunk422.txt
ecg_diagnosis_input_1988_chunk74.txt,,,3,ecg_diagnosis_deID_1988_chunk74.txt
ecg_diagnosis_input_2011_chunk30.txt,,,3,ecg_diagnosis_deID_2011_chunk30.txt
ecg_diagnosis_input_1994_chunk61.txt,,,3,ecg_diagnosis_deID_1994_chunk61.txt
ecg_diagnosis_input_2000_chunk59.txt,,,3,ecg_diagnosis_deID_2000_chunk59.txt
ecg_diagnosis_input_2015_chunk344.txt,,,3,ecg_diagnosis_deID_2015_chunk344.txt
ecg_diagnosis_input_2007_chunk225.txt,,,3,ecg_diagnosis_deID_2007_chunk225.txt
ecg_diagnosis_input_2012_chunk146.txt,,,3,ecg_diagnosis_deID_2012_chunk146.txt
ecg_diagnosis_input_2017_chunk217.txt,,,3,ecg_diagnosis_deID_2017_chunk217.txt
ecg_diagnosis_input_2018_chunk280.txt,,,3,ecg_diagnosis_deID_2018_chunk280.txt
ecg_diagnosis_input_2002_chunk174.txt,,,3,ecg_diagnosis_deID_2002_chunk174.txt
ecg_diagnosis_input_2008_chunk259.txt,,,3,ecg_diagnosis_deID_2008_chunk259.txt
ecg_diagnosis_input_2016_chunk172.txt,,,3,ecg_diagnosis_deID_2016_chunk172.txt
ecg_diagnosis_input_2022_chunk369.txt,,,3,ecg_diagnosis_deID_2022_chunk369.txt
ecg_diagnosis_input_2003_chunk211.txt,,,3,ecg_diagnosis_deID_2003_chunk211.txt
ecg_diagnosis_input_1993_chunk45.txt,,,3,ecg_diagnosis_deID_1993_chunk45.txt
ecg_diagnosis_input_2016_chunk14.txt,,,3,ecg_diagnosis_deID_2016_chunk14.txt
ecg_diagnosis_input_2011_chunk370.txt,,,3,ecg_diagnosis_deID_2011_chunk370.txt
ecg_diagnosis_input_2009_chunk128.txt,,,3,ecg_diagnosis_deID_2009_chunk128.txt
ecg_diagnosis_input_1993_chunk51.txt,,,3,ecg_diagnosis_deID_1993_chunk51.txt
ecg_diagnosis_input_2007_chunk69.txt,,,3,ecg_diagnosis_deID_2007_chunk69.txt
ecg_diagnosis_input_2003_chunk205.txt,,,3,ecg_diagnosis_deID_2003_chunk205.txt
ecg_diagnosis_input_2011_chunk364.txt,,,3,ecg_diagnosis_deID_2011_chunk364.txt
ecg_diagnosis_input_1982_chunk38.txt,,,3,ecg_diagnosis_deID_1982_chunk38.txt
ecg_diagnosis_input_2016_chunk166.txt,,,3,ecg_diagnosis_deID_2016_chunk166.txt
ecg_diagnosis_input_2002_chunk160.txt,,,3,ecg_diagnosis_deID_2002_chunk160.txt
ecg_diagnosis_input_2017_chunk203.txt,,,3,ecg_diagnosis_deID_2017_chunk203.txt
ecg_diagnosis_input_2018_chunk294.txt,,,3,ecg_diagnosis_deID_2018_chunk294.txt
ecg_diagnosis_input_2015_chunk393.txt,,,3,ecg_diagnosis_deID_2015_chunk393.txt
ecg_diagnosis_input_2002_chunk148.txt,,,3,ecg_diagnosis_deID_2002_chunk148.txt
ecg_diagnosis_input_2008_chunk265.txt,,,3,ecg_diagnosis_deID_2008_chunk265.txt
ecg_diagnosis_input_2012_chunk191.txt,,,3,ecg_diagnosis_deID_2012_chunk191.txt
ecg_diagnosis_input_2021_chunk188.txt,,,3,ecg_diagnosis_deID_2021_chunk188.txt
ecg_diagnosis_input_2022_chunk355.txt,,,3,ecg_diagnosis_deID_2022_chunk355.txt
ecg_diagnosis_input_2009_chunk100.txt,,,3,ecg_diagnosis_deID_2009_chunk100.txt
ecg_diagnosis_input_2006_chunk197.txt,,,3,ecg_diagnosis_deID_2006_chunk197.txt
ecg_diagnosis_input_2007_chunk41.txt,,,3,ecg_diagnosis_deID_2007_chunk41.txt
ecg_diagnosis_input_1993_chunk79.txt,,,3,ecg_diagnosis_deID_1993_chunk79.txt
ecg_diagnosis_input_1982_chunk10.txt,,,3,ecg_diagnosis_deID_1982_chunk10.txt
ecg_diagnosis_input_2016_chunk28.txt,,,3,ecg_diagnosis_deID_2016_chunk28.txt
ecg_diagnosis_input_2022_chunk77.txt,,,3,ecg_diagnosis_deID_2022_chunk77.txt
ecg_diagnosis_input_2022_chunk63.txt,,,3,ecg_diagnosis_deID_2022_chunk63.txt
ecg_diagnosis_input_2022_chunk341.txt,,,3,ecg_diagnosis_deID_2022_chunk341.txt
ecg_diagnosis_input_2009_chunk114.txt,,,3,ecg_diagnosis_deID_2009_chunk114.txt
ecg_diagnosis_input_2007_chunk55.txt,,,3,ecg_diagnosis_deID_2007_chunk55.txt
ecg_diagnosis_input_2006_chunk183.txt,,,3,ecg_diagnosis_deID_2006_chunk183.txt
ecg_diagnosis_input_2011_chunk358.txt,,,3,ecg_diagnosis_deID_2011_chunk358.txt
ecg_diagnosis_input_2012_chunk185.txt,,,3,ecg_diagnosis_deID_2012_chunk185.txt
ecg_diagnosis_input_2015_chunk387.txt,,,3,ecg_diagnosis_deID_2015_chunk387.txt
ecg_diagnosis_input_2008_chunk271.txt,,,3,ecg_diagnosis_deID_2008_chunk271.txt
ecg_diagnosis_input_2015_chunk218.txt,,,3,ecg_diagnosis_deID_2015_chunk218.txt
ecg_diagnosis_input_2020_chunk400.txt,,,3,ecg_diagnosis_deID_2020_chunk400.txt
ecg_diagnosis_input_2018_chunk337.txt,,,3,ecg_diagnosis_deID_2018_chunk337.txt
ecg_diagnosis_input_2002_chunk44.txt,,,3,ecg_diagnosis_deID_2002_chunk44.txt
ecg_diagnosis_input_2018_chunk451.txt,,,3,ecg_diagnosis_deID_2018_chunk451.txt
ecg_diagnosis_input_1987_chunk15.txt,,,3,ecg_diagnosis_deID_1987_chunk15.txt
ecg_diagnosis_input_2020_chunk366.txt,,,3,ecg_diagnosis_deID_2020_chunk366.txt
ecg_diagnosis_input_2020_chunk372.txt,,,3,ecg_diagnosis_deID_2020_chunk372.txt
ecg_diagnosis_input_1996_chunk68.txt,,,3,ecg_diagnosis_deID_1996_chunk68.txt
ecg_diagnosis_input_2002_chunk50.txt,,,3,ecg_diagnosis_deID_2002_chunk50.txt
ecg_diagnosis_input_2018_chunk445.txt,,,3,ecg_diagnosis_deID_2018_chunk445.txt
ecg_diagnosis_input_2013_chunk39.txt,,,3,ecg_diagnosis_deID_2013_chunk39.txt
ecg_diagnosis_input_2014_chunk169.txt,,,3,ecg_diagnosis_deID_2014_chunk169.txt
ecg_diagnosis_input_2018_chunk323.txt,,,3,ecg_diagnosis_deID_2018_chunk323.txt
ecg_diagnosis_input_2020_chunk414.txt,,,3,ecg_diagnosis_deID_2020_chunk414.txt
ecg_diagnosis_input_2000_chunk147.txt,,,3,ecg_diagnosis_deID_2000_chunk147.txt
ecg_diagnosis_input_2015_chunk224.txt,,,3,ecg_diagnosis_deID_2015_chunk224.txt
ecg_diagnosis_input_1991_chunk4.txt,,,3,ecg_diagnosis_deID_1991_chunk4.txt
ecg_diagnosis_input_2004_chunk198.txt,,,3,ecg_diagnosis_deID_2004_chunk198.txt
ecg_diagnosis_input_2013_chunk343.txt,,,3,ecg_diagnosis_deID_2013_chunk343.txt
ecg_diagnosis_input_2002_chunk78.txt,,,3,ecg_diagnosis_deID_2002_chunk78.txt
ecg_diagnosis_input_1996_chunk40.txt,,,3,ecg_diagnosis_deID_1996_chunk40.txt
ecg_diagnosis_input_1987_chunk29.txt,,,3,ecg_diagnosis_deID_1987_chunk29.txt
ecg_diagnosis_input_2020_chunk81.txt,,,3,ecg_diagnosis_deID_2020_chunk81.txt
ecg_diagnosis_input_2013_chunk11.txt,,,3,ecg_diagnosis_deID_2013_chunk11.txt
ecg_diagnosis_input_2014_chunk141.txt,,,3,ecg_diagnosis_deID_2014_chunk141.txt
ecg_diagnosis_input_2018_chunk479.txt,,,3,ecg_diagnosis_deID_2018_chunk479.txt
ecg_diagnosis_input_1996_chunk54.txt,,,3,ecg_diagnosis_deID_1996_chunk54.txt
ecg_diagnosis_input_2020_chunk95.txt,,,3,ecg_diagnosis_deID_2020_chunk95.txt
ecg_diagnosis_input_2008_chunk7.txt,,,3,ecg_diagnosis_deID_2008_chunk7.txt
ecg_diagnosis_input_2014_chunk155.txt,,,3,ecg_diagnosis_deID_2014_chunk155.txt
ecg_diagnosis_input_2013_chunk357.txt,,,3,ecg_diagnosis_deID_2013_chunk357.txt
ecg_diagnosis_input_2019_chunk5.txt,,,3,ecg_diagnosis_deID_2019_chunk5.txt
ecg_diagnosis_input_2015_chunk230.txt,,,3,ecg_diagnosis_deID_2015_chunk230.txt
ecg_diagnosis_input_2020_chunk428.txt,,,3,ecg_diagnosis_deID_2020_chunk428.txt
ecg_diagnosis_input_2017_chunk388.txt,,,3,ecg_diagnosis_deID_2017_chunk388.txt
ecg_diagnosis_input_2000_chunk153.txt,,,3,ecg_diagnosis_deID_2000_chunk153.txt
ecg_diagnosis_input_2017_chunk363.txt,,,3,ecg_diagnosis_deID_2017_chunk363.txt
ecg_diagnosis_input_2005_chunk202.txt,,,3,ecg_diagnosis_deID_2005_chunk202.txt
ecg_diagnosis_input_2010_chunk161.txt,,,3,ecg_diagnosis_deID_2010_chunk161.txt
ecg_diagnosis_input_2014_chunk21.txt,,,3,ecg_diagnosis_deID_2014_chunk21.txt
ecg_diagnosis_input_2004_chunk167.txt,,,3,ecg_diagnosis_deID_2004_chunk167.txt
ecg_diagnosis_input_2008_chunk34.txt,,,3,ecg_diagnosis_deID_2008_chunk34.txt
ecg_diagnosis_input_2005_chunk48.txt,,,3,ecg_diagnosis_deID_2005_chunk48.txt
ecg_diagnosis_input_1991_chunk70.txt,,,3,ecg_diagnosis_deID_1991_chunk70.txt
ecg_diagnosis_input_2011_chunk204.txt,,,3,ecg_diagnosis_deID_2011_chunk204.txt
ecg_diagnosis_input_2017_chunk405.txt,,,3,ecg_diagnosis_deID_2017_chunk405.txt
ecg_diagnosis_input_2002_chunk87.txt,,,3,ecg_diagnosis_deID_2002_chunk87.txt
ecg_diagnosis_input_2018_chunk492.txt,,,3,ecg_diagnosis_deID_2018_chunk492.txt
ecg_diagnosis_input_2011_chunk210.txt,,,3,ecg_diagnosis_deID_2011_chunk210.txt
ecg_diagnosis_input_2017_chunk411.txt,,,3,ecg_diagnosis_deID_2017_chunk411.txt
ecg_diagnosis_input_2002_chunk93.txt,,,3,ecg_diagnosis_deID_2002_chunk93.txt
ecg_diagnosis_input_2022_chunk209.txt,,,3,ecg_diagnosis_deID_2022_chunk209.txt
ecg_diagnosis_input_2018_chunk486.txt,,,3,ecg_diagnosis_deID_2018_chunk486.txt
ecg_diagnosis_input_2004_chunk173.txt,,,3,ecg_diagnosis_deID_2004_chunk173.txt
ecg_diagnosis_input_2014_chunk35.txt,,,3,ecg_diagnosis_deID_2014_chunk35.txt
ecg_diagnosis_input_2019_chunk49.txt,,,3,ecg_diagnosis_deID_2019_chunk49.txt
ecg_diagnosis_input_2008_chunk20.txt,,,3,ecg_diagnosis_deID_2008_chunk20.txt
ecg_diagnosis_input_1991_chunk64.txt,,,3,ecg_diagnosis_deID_1991_chunk64.txt
ecg_diagnosis_input_2010_chunk175.txt,,,3,ecg_diagnosis_deID_2010_chunk175.txt
ecg_diagnosis_input_2017_chunk377.txt,,,3,ecg_diagnosis_deID_2017_chunk377.txt
ecg_diagnosis_input_2005_chunk216.txt,,,3,ecg_diagnosis_deID_2005_chunk216.txt
ecg_diagnosis_input_2008_chunk311.txt,,,3,ecg_diagnosis_deID_2008_chunk311.txt
ecg_diagnosis_input_2011_chunk238.txt,,,3,ecg_diagnosis_deID_2011_chunk238.txt
ecg_diagnosis_input_2014_chunk182.txt,,,3,ecg_diagnosis_deID_2014_chunk182.txt
ecg_diagnosis_input_2017_chunk439.txt,,,3,ecg_diagnosis_deID_2017_chunk439.txt
ecg_diagnosis_input_2022_chunk221.txt,,,3,ecg_diagnosis_deID_2022_chunk221.txt
ecg_diagnosis_input_1996_chunk83.txt,,,3,ecg_diagnosis_deID_1996_chunk83.txt
ecg_diagnosis_input_2020_chunk42.txt,,,3,ecg_diagnosis_deID_2020_chunk42.txt
ecg_diagnosis_input_2019_chunk61.txt,,,3,ecg_diagnosis_deID_2019_chunk61.txt
ecg_diagnosis_input_2013_chunk380.txt,,,3,ecg_diagnosis_deID_2013_chunk380.txt
ecg_diagnosis_input_2005_chunk74.txt,,,3,ecg_diagnosis_deID_2005_chunk74.txt
ecg_diagnosis_input_2020_chunk399.txt,,,3,ecg_diagnosis_deID_2020_chunk399.txt
ecg_diagnosis_input_2019_chunk75.txt,,,3,ecg_diagnosis_deID_2019_chunk75.txt
ecg_diagnosis_input_1991_chunk58.txt,,,3,ecg_diagnosis_deID_1991_chunk58.txt
ecg_diagnosis_input_2005_chunk60.txt,,,3,ecg_diagnosis_deID_2005_chunk60.txt
ecg_diagnosis_input_2013_chunk394.txt,,,3,ecg_diagnosis_deID_2013_chunk394.txt
ecg_diagnosis_input_2014_chunk196.txt,,,3,ecg_diagnosis_deID_2014_chunk196.txt
ecg_diagnosis_input_2022_chunk235.txt,,,3,ecg_diagnosis_deID_2022_chunk235.txt
ecg_diagnosis_input_1996_chunk97.txt,,,3,ecg_diagnosis_deID_1996_chunk97.txt
ecg_diagnosis_input_2020_chunk56.txt,,,3,ecg_diagnosis_deID_2020_chunk56.txt
ecg_diagnosis_input_2008_chunk305.txt,,,3,ecg_diagnosis_deID_2008_chunk305.txt
ecg_diagnosis_input_2010_chunk149.txt,,,3,ecg_diagnosis_deID_2010_chunk149.txt
ecg_diagnosis_input_2020_chunk164.txt,,,3,ecg_diagnosis_deID_2020_chunk164.txt
ecg_diagnosis_input_2019_chunk250.txt,,,3,ecg_diagnosis_deID_2019_chunk250.txt
ecg_diagnosis_input_2021_chunk567.txt,,,3,ecg_diagnosis_deID_2021_chunk567.txt
ecg_diagnosis_input_2009_chunk289.txt,,,3,ecg_diagnosis_deID_2009_chunk289.txt
ecg_diagnosis_input_2018_chunk135.txt,,,3,ecg_diagnosis_deID_2018_chunk135.txt
ecg_diagnosis_input_2010_chunk62.txt,,,3,ecg_diagnosis_deID_2010_chunk62.txt
ecg_diagnosis_input_1989_chunk26.txt,,,3,ecg_diagnosis_deID_1989_chunk26.txt
ecg_diagnosis_input_2021_chunk201.txt,,,3,ecg_diagnosis_deID_2021_chunk201.txt
ecg_diagnosis_input_1995_chunk33.txt,,,3,ecg_diagnosis_deID_1995_chunk33.txt
ecg_diagnosis_input_2014_chunk419.txt,,,3,ecg_diagnosis_deID_2014_chunk419.txt
ecg_diagnosis_input_2012_chunk218.txt,,,3,ecg_diagnosis_deID_2012_chunk218.txt
ecg_diagnosis_input_2019_chunk536.txt,,,3,ecg_diagnosis_deID_2019_chunk536.txt
ecg_diagnosis_input_1998_chunk131.txt,,,3,ecg_diagnosis_deID_1998_chunk131.txt
ecg_diagnosis_input_2019_chunk522.txt,,,3,ecg_diagnosis_deID_2019_chunk522.txt
ecg_diagnosis_input_1998_chunk125.txt,,,3,ecg_diagnosis_deID_1998_chunk125.txt
ecg_diagnosis_input_2018_chunk121.txt,,,3,ecg_diagnosis_deID_2018_chunk121.txt
ecg_diagnosis_input_2010_chunk76.txt,,,3,ecg_diagnosis_deID_2010_chunk76.txt
ecg_diagnosis_input_1989_chunk32.txt,,,3,ecg_diagnosis_deID_1989_chunk32.txt
ecg_diagnosis_input_2021_chunk215.txt,,,3,ecg_diagnosis_deID_2021_chunk215.txt
ecg_diagnosis_input_1995_chunk27.txt,,,3,ecg_diagnosis_deID_1995_chunk27.txt
ecg_diagnosis_input_2021_chunk573.txt,,,3,ecg_diagnosis_deID_2021_chunk573.txt
ecg_diagnosis_input_2013_chunk169.txt,,,3,ecg_diagnosis_deID_2013_chunk169.txt
ecg_diagnosis_input_2020_chunk170.txt,,,3,ecg_diagnosis_deID_2020_chunk170.txt
ecg_diagnosis_input_2019_chunk244.txt,,,3,ecg_diagnosis_deID_2019_chunk244.txt
ecg_diagnosis_input_2006_chunk222.txt,,,3,ecg_diagnosis_deID_2006_chunk222.txt
ecg_diagnosis_input_2003_chunk198.txt,,,3,ecg_diagnosis_deID_2003_chunk198.txt
ecg_diagnosis_input_2014_chunk343.txt,,,3,ecg_diagnosis_deID_2014_chunk343.txt
ecg_diagnosis_input_2013_chunk141.txt,,,3,ecg_diagnosis_deID_2013_chunk141.txt
ecg_diagnosis_input_2020_chunk158.txt,,,3,ecg_diagnosis_deID_2020_chunk158.txt
ecg_diagnosis_input_2007_chunk147.txt,,,3,ecg_diagnosis_deID_2007_chunk147.txt
ecg_diagnosis_input_2017_chunk91.txt,,,3,ecg_diagnosis_deID_2017_chunk91.txt
ecg_diagnosis_input_2018_chunk109.txt,,,3,ecg_diagnosis_deID_2018_chunk109.txt
ecg_diagnosis_input_2001_chunk37.txt,,,3,ecg_diagnosis_deID_2001_chunk37.txt
ecg_diagnosis_input_1998_chunk73.txt,,,3,ecg_diagnosis_deID_1998_chunk73.txt
ecg_diagnosis_input_2014_chunk425.txt,,,3,ecg_diagnosis_deID_2014_chunk425.txt
ecg_diagnosis_input_2012_chunk224.txt,,,3,ecg_diagnosis_deID_2012_chunk224.txt
ecg_diagnosis_input_2001_chunk23.txt,,,3,ecg_diagnosis_deID_2001_chunk23.txt
ecg_diagnosis_input_1998_chunk67.txt,,,3,ecg_diagnosis_deID_1998_chunk67.txt
ecg_diagnosis_input_2021_chunk229.txt,,,3,ecg_diagnosis_deID_2021_chunk229.txt
ecg_diagnosis_input_2014_chunk431.txt,,,3,ecg_diagnosis_deID_2014_chunk431.txt
ecg_diagnosis_input_2012_chunk230.txt,,,3,ecg_diagnosis_deID_2012_chunk230.txt
ecg_diagnosis_input_2017_chunk85.txt,,,3,ecg_diagnosis_deID_2017_chunk85.txt
ecg_diagnosis_input_2007_chunk153.txt,,,3,ecg_diagnosis_deID_2007_chunk153.txt
ecg_diagnosis_input_1998_chunk119.txt,,,3,ecg_diagnosis_deID_1998_chunk119.txt
ecg_diagnosis_input_2013_chunk155.txt,,,3,ecg_diagnosis_deID_2013_chunk155.txt
ecg_diagnosis_input_2019_chunk278.txt,,,3,ecg_diagnosis_deID_2019_chunk278.txt
ecg_diagnosis_input_2006_chunk236.txt,,,3,ecg_diagnosis_deID_2006_chunk236.txt
ecg_diagnosis_input_2014_chunk357.txt,,,3,ecg_diagnosis_deID_2014_chunk357.txt
ecg_diagnosis_input_2003_chunk167.txt,,,3,ecg_diagnosis_deID_2003_chunk167.txt
ecg_diagnosis_input_2019_chunk293.txt,,,3,ecg_diagnosis_deID_2019_chunk293.txt
ecg_diagnosis_input_2016_chunk204.txt,,,3,ecg_diagnosis_deID_2016_chunk204.txt
ecg_diagnosis_input_2010_chunk363.txt,,,3,ecg_diagnosis_deID_2010_chunk363.txt
ecg_diagnosis_input_2017_chunk161.txt,,,3,ecg_diagnosis_deID_2017_chunk161.txt
ecg_diagnosis_input_2017_chunk175.txt,,,3,ecg_diagnosis_deID_2017_chunk175.txt
ecg_diagnosis_input_1998_chunk98.txt,,,3,ecg_diagnosis_deID_1998_chunk98.txt
ecg_diagnosis_input_2006_chunk13.txt,,,3,ecg_diagnosis_deID_2006_chunk13.txt
ecg_diagnosis_input_1983_chunk42.txt,,,3,ecg_diagnosis_deID_1983_chunk42.txt
ecg_diagnosis_input_2019_chunk287.txt,,,3,ecg_diagnosis_deID_2019_chunk287.txt
ecg_diagnosis_input_2016_chunk210.txt,,,3,ecg_diagnosis_deID_2016_chunk210.txt
ecg_diagnosis_input_2003_chunk173.txt,,,3,ecg_diagnosis_deID_2003_chunk173.txt
ecg_diagnosis_input_2013_chunk182.txt,,,3,ecg_diagnosis_deID_2013_chunk182.txt
ecg_diagnosis_input_2016_chunk238.txt,,,3,ecg_diagnosis_deID_2016_chunk238.txt
ecg_diagnosis_input_2021_chunk598.txt,,,3,ecg_diagnosis_deID_2021_chunk598.txt
ecg_diagnosis_input_2009_chunk276.txt,,,3,ecg_diagnosis_deID_2009_chunk276.txt
ecg_diagnosis_input_2014_chunk380.txt,,,3,ecg_diagnosis_deID_2014_chunk380.txt
ecg_diagnosis_input_2000_chunk1.txt,,,3,ecg_diagnosis_deID_2000_chunk1.txt
ecg_diagnosis_input_2017_chunk52.txt,,,3,ecg_diagnosis_deID_2017_chunk52.txt
ecg_diagnosis_input_2007_chunk184.txt,,,3,ecg_diagnosis_deID_2007_chunk184.txt
ecg_diagnosis_input_2008_chunk113.txt,,,3,ecg_diagnosis_deID_2008_chunk113.txt
ecg_diagnosis_input_2011_chunk3.txt,,,3,ecg_diagnosis_deID_2011_chunk3.txt
ecg_diagnosis_input_1992_chunk17.txt,,,3,ecg_diagnosis_deID_1992_chunk17.txt
ecg_diagnosis_input_2007_chunk190.txt,,,3,ecg_diagnosis_deID_2007_chunk190.txt
ecg_diagnosis_input_2017_chunk46.txt,,,3,ecg_diagnosis_deID_2017_chunk46.txt
ecg_diagnosis_input_2008_chunk107.txt,,,3,ecg_diagnosis_deID_2008_chunk107.txt
ecg_diagnosis_input_2017_chunk149.txt,,,3,ecg_diagnosis_deID_2017_chunk149.txt
ecg_diagnosis_input_2010_chunk89.txt,,,3,ecg_diagnosis_deID_2010_chunk89.txt
ecg_diagnosis_input_2009_chunk262.txt,,,3,ecg_diagnosis_deID_2009_chunk262.txt
ecg_diagnosis_input_2014_chunk394.txt,,,3,ecg_diagnosis_deID_2014_chunk394.txt
ecg_diagnosis_input_1999_chunk2.txt,,,3,ecg_diagnosis_deID_1999_chunk2.txt
ecg_diagnosis_input_2013_chunk196.txt,,,3,ecg_diagnosis_deID_2013_chunk196.txt
ecg_diagnosis_input_1983_chunk8.txt,,,3,ecg_diagnosis_deID_1983_chunk8.txt
ecg_diagnosis_input_2010_chunk88.txt,,,3,ecg_diagnosis_deID_2010_chunk88.txt
ecg_diagnosis_input_2017_chunk148.txt,,,3,ecg_diagnosis_deID_2017_chunk148.txt
ecg_diagnosis_input_2008_chunk106.txt,,,3,ecg_diagnosis_deID_2008_chunk106.txt
ecg_diagnosis_input_2017_chunk47.txt,,,3,ecg_diagnosis_deID_2017_chunk47.txt
ecg_diagnosis_input_2007_chunk191.txt,,,3,ecg_diagnosis_deID_2007_chunk191.txt
ecg_diagnosis_input_1992_chunk16.txt,,,3,ecg_diagnosis_deID_1992_chunk16.txt
ecg_diagnosis_input_2013_chunk197.txt,,,3,ecg_diagnosis_deID_2013_chunk197.txt
ecg_diagnosis_input_1983_chunk9.txt,,,3,ecg_diagnosis_deID_1983_chunk9.txt
ecg_diagnosis_input_1999_chunk3.txt,,,3,ecg_diagnosis_deID_1999_chunk3.txt
ecg_diagnosis_input_2014_chunk395.txt,,,3,ecg_diagnosis_deID_2014_chunk395.txt
ecg_diagnosis_input_1988_chunk1.txt,,,3,ecg_diagnosis_deID_1988_chunk1.txt
ecg_diagnosis_input_2009_chunk263.txt,,,3,ecg_diagnosis_deID_2009_chunk263.txt
ecg_diagnosis_input_2014_chunk381.txt,,,3,ecg_diagnosis_deID_2014_chunk381.txt
ecg_diagnosis_input_2009_chunk277.txt,,,3,ecg_diagnosis_deID_2009_chunk277.txt
ecg_diagnosis_input_2021_chunk599.txt,,,3,ecg_diagnosis_deID_2021_chunk599.txt
ecg_diagnosis_input_2016_chunk239.txt,,,3,ecg_diagnosis_deID_2016_chunk239.txt
ecg_diagnosis_input_2013_chunk183.txt,,,3,ecg_diagnosis_deID_2013_chunk183.txt
ecg_diagnosis_input_2011_chunk2.txt,,,3,ecg_diagnosis_deID_2011_chunk2.txt
ecg_diagnosis_input_2008_chunk112.txt,,,3,ecg_diagnosis_deID_2008_chunk112.txt
ecg_diagnosis_input_2007_chunk185.txt,,,3,ecg_diagnosis_deID_2007_chunk185.txt
ecg_diagnosis_input_2017_chunk53.txt,,,3,ecg_diagnosis_deID_2017_chunk53.txt
ecg_diagnosis_input_1983_chunk43.txt,,,3,ecg_diagnosis_deID_1983_chunk43.txt
ecg_diagnosis_input_2006_chunk12.txt,,,3,ecg_diagnosis_deID_2006_chunk12.txt
ecg_diagnosis_input_1998_chunk99.txt,,,3,ecg_diagnosis_deID_1998_chunk99.txt
ecg_diagnosis_input_2017_chunk174.txt,,,3,ecg_diagnosis_deID_2017_chunk174.txt
ecg_diagnosis_input_2003_chunk172.txt,,,3,ecg_diagnosis_deID_2003_chunk172.txt
ecg_diagnosis_input_2016_chunk211.txt,,,3,ecg_diagnosis_deID_2016_chunk211.txt
ecg_diagnosis_input_2019_chunk286.txt,,,3,ecg_diagnosis_deID_2019_chunk286.txt
ecg_diagnosis_input_2016_chunk205.txt,,,3,ecg_diagnosis_deID_2016_chunk205.txt
ecg_diagnosis_input_2019_chunk292.txt,,,3,ecg_diagnosis_deID_2019_chunk292.txt
ecg_diagnosis_input_2003_chunk166.txt,,,3,ecg_diagnosis_deID_2003_chunk166.txt
ecg_diagnosis_input_2017_chunk160.txt,,,3,ecg_diagnosis_deID_2017_chunk160.txt
ecg_diagnosis_input_2010_chunk362.txt,,,3,ecg_diagnosis_deID_2010_chunk362.txt
ecg_diagnosis_input_1998_chunk118.txt,,,3,ecg_diagnosis_deID_1998_chunk118.txt
ecg_diagnosis_input_2007_chunk152.txt,,,3,ecg_diagnosis_deID_2007_chunk152.txt
ecg_diagnosis_input_2017_chunk84.txt,,,3,ecg_diagnosis_deID_2017_chunk84.txt
ecg_diagnosis_input_2012_chunk231.txt,,,3,ecg_diagnosis_deID_2012_chunk231.txt
ecg_diagnosis_input_2014_chunk430.txt,,,3,ecg_diagnosis_deID_2014_chunk430.txt
ecg_diagnosis_input_1998_chunk66.txt,,,3,ecg_diagnosis_deID_1998_chunk66.txt
ecg_diagnosis_input_2021_chunk228.txt,,,3,ecg_diagnosis_deID_2021_chunk228.txt
ecg_diagnosis_input_2001_chunk22.txt,,,3,ecg_diagnosis_deID_2001_chunk22.txt
ecg_diagnosis_input_2014_chunk356.txt,,,3,ecg_diagnosis_deID_2014_chunk356.txt
ecg_diagnosis_input_2006_chunk237.txt,,,3,ecg_diagnosis_deID_2006_chunk237.txt
ecg_diagnosis_input_2019_chunk279.txt,,,3,ecg_diagnosis_deID_2019_chunk279.txt
ecg_diagnosis_input_2013_chunk154.txt,,,3,ecg_diagnosis_deID_2013_chunk154.txt
ecg_diagnosis_input_2020_chunk159.txt,,,3,ecg_diagnosis_deID_2020_chunk159.txt
ecg_diagnosis_input_2013_chunk140.txt,,,3,ecg_diagnosis_deID_2013_chunk140.txt
ecg_diagnosis_input_2014_chunk342.txt,,,3,ecg_diagnosis_deID_2014_chunk342.txt
ecg_diagnosis_input_2003_chunk199.txt,,,3,ecg_diagnosis_deID_2003_chunk199.txt
ecg_diagnosis_input_2006_chunk223.txt,,,3,ecg_diagnosis_deID_2006_chunk223.txt
ecg_diagnosis_input_2012_chunk225.txt,,,3,ecg_diagnosis_deID_2012_chunk225.txt
ecg_diagnosis_input_2014_chunk424.txt,,,3,ecg_diagnosis_deID_2014_chunk424.txt
ecg_diagnosis_input_1998_chunk72.txt,,,3,ecg_diagnosis_deID_1998_chunk72.txt
ecg_diagnosis_input_2001_chunk36.txt,,,3,ecg_diagnosis_deID_2001_chunk36.txt
ecg_diagnosis_input_2018_chunk108.txt,,,3,ecg_diagnosis_deID_2018_chunk108.txt
ecg_diagnosis_input_2017_chunk90.txt,,,3,ecg_diagnosis_deID_2017_chunk90.txt
ecg_diagnosis_input_2007_chunk146.txt,,,3,ecg_diagnosis_deID_2007_chunk146.txt
ecg_diagnosis_input_1995_chunk26.txt,,,3,ecg_diagnosis_deID_1995_chunk26.txt
ecg_diagnosis_input_2021_chunk214.txt,,,3,ecg_diagnosis_deID_2021_chunk214.txt
ecg_diagnosis_input_1989_chunk33.txt,,,3,ecg_diagnosis_deID_1989_chunk33.txt
ecg_diagnosis_input_2010_chunk77.txt,,,3,ecg_diagnosis_deID_2010_chunk77.txt
ecg_diagnosis_input_2018_chunk120.txt,,,3,ecg_diagnosis_deID_2018_chunk120.txt
ecg_diagnosis_input_1998_chunk124.txt,,,3,ecg_diagnosis_deID_1998_chunk124.txt
ecg_diagnosis_input_2019_chunk523.txt,,,3,ecg_diagnosis_deID_2019_chunk523.txt
ecg_diagnosis_input_2019_chunk245.txt,,,3,ecg_diagnosis_deID_2019_chunk245.txt
ecg_diagnosis_input_2020_chunk171.txt,,,3,ecg_diagnosis_deID_2020_chunk171.txt
ecg_diagnosis_input_2013_chunk168.txt,,,3,ecg_diagnosis_deID_2013_chunk168.txt
ecg_diagnosis_input_2021_chunk572.txt,,,3,ecg_diagnosis_deID_2021_chunk572.txt
ecg_diagnosis_input_2009_chunk288.txt,,,3,ecg_diagnosis_deID_2009_chunk288.txt
ecg_diagnosis_input_2021_chunk566.txt,,,3,ecg_diagnosis_deID_2021_chunk566.txt
ecg_diagnosis_input_2019_chunk251.txt,,,3,ecg_diagnosis_deID_2019_chunk251.txt
ecg_diagnosis_input_2020_chunk165.txt,,,3,ecg_diagnosis_deID_2020_chunk165.txt
ecg_diagnosis_input_1998_chunk130.txt,,,3,ecg_diagnosis_deID_1998_chunk130.txt
ecg_diagnosis_input_2019_chunk537.txt,,,3,ecg_diagnosis_deID_2019_chunk537.txt
ecg_diagnosis_input_2012_chunk219.txt,,,3,ecg_diagnosis_deID_2012_chunk219.txt
ecg_diagnosis_input_2014_chunk418.txt,,,3,ecg_diagnosis_deID_2014_chunk418.txt
ecg_diagnosis_input_1995_chunk32.txt,,,3,ecg_diagnosis_deID_1995_chunk32.txt
ecg_diagnosis_input_2021_chunk200.txt,,,3,ecg_diagnosis_deID_2021_chunk200.txt
ecg_diagnosis_input_1989_chunk27.txt,,,3,ecg_diagnosis_deID_1989_chunk27.txt
ecg_diagnosis_input_2010_chunk63.txt,,,3,ecg_diagnosis_deID_2010_chunk63.txt
ecg_diagnosis_input_2018_chunk134.txt,,,3,ecg_diagnosis_deID_2018_chunk134.txt
ecg_diagnosis_input_2020_chunk57.txt,,,3,ecg_diagnosis_deID_2020_chunk57.txt
ecg_diagnosis_input_1996_chunk96.txt,,,3,ecg_diagnosis_deID_1996_chunk96.txt
ecg_diagnosis_input_2022_chunk234.txt,,,3,ecg_diagnosis_deID_2022_chunk234.txt
ecg_diagnosis_input_2014_chunk197.txt,,,3,ecg_diagnosis_deID_2014_chunk197.txt
ecg_diagnosis_input_1991_chunk59.txt,,,3,ecg_diagnosis_deID_1991_chunk59.txt
ecg_diagnosis_input_2013_chunk395.txt,,,3,ecg_diagnosis_deID_2013_chunk395.txt
ecg_diagnosis_input_2005_chunk61.txt,,,3,ecg_diagnosis_deID_2005_chunk61.txt
ecg_diagnosis_input_2019_chunk74.txt,,,3,ecg_diagnosis_deID_2019_chunk74.txt
ecg_diagnosis_input_2010_chunk148.txt,,,3,ecg_diagnosis_deID_2010_chunk148.txt
ecg_diagnosis_input_2008_chunk304.txt,,,3,ecg_diagnosis_deID_2008_chunk304.txt
ecg_diagnosis_input_2008_chunk310.txt,,,3,ecg_diagnosis_deID_2008_chunk310.txt
ecg_diagnosis_input_2020_chunk398.txt,,,3,ecg_diagnosis_deID_2020_chunk398.txt
ecg_diagnosis_input_2005_chunk75.txt,,,3,ecg_diagnosis_deID_2005_chunk75.txt
ecg_diagnosis_input_2013_chunk381.txt,,,3,ecg_diagnosis_deID_2013_chunk381.txt
ecg_diagnosis_input_2019_chunk60.txt,,,3,ecg_diagnosis_deID_2019_chunk60.txt
ecg_diagnosis_input_2020_chunk43.txt,,,3,ecg_diagnosis_deID_2020_chunk43.txt
ecg_diagnosis_input_1996_chunk82.txt,,,3,ecg_diagnosis_deID_1996_chunk82.txt
ecg_diagnosis_input_2022_chunk220.txt,,,3,ecg_diagnosis_deID_2022_chunk220.txt
ecg_diagnosis_input_2017_chunk438.txt,,,3,ecg_diagnosis_deID_2017_chunk438.txt
ecg_diagnosis_input_2014_chunk183.txt,,,3,ecg_diagnosis_deID_2014_chunk183.txt
ecg_diagnosis_input_2011_chunk239.txt,,,3,ecg_diagnosis_deID_2011_chunk239.txt
ecg_diagnosis_input_1991_chunk65.txt,,,3,ecg_diagnosis_deID_1991_chunk65.txt
ecg_diagnosis_input_2008_chunk21.txt,,,3,ecg_diagnosis_deID_2008_chunk21.txt
ecg_diagnosis_input_2019_chunk48.txt,,,3,ecg_diagnosis_deID_2019_chunk48.txt
ecg_diagnosis_input_2014_chunk34.txt,,,3,ecg_diagnosis_deID_2014_chunk34.txt
ecg_diagnosis_input_2004_chunk172.txt,,,3,ecg_diagnosis_deID_2004_chunk172.txt
ecg_diagnosis_input_2018_chunk487.txt,,,3,ecg_diagnosis_deID_2018_chunk487.txt
ecg_diagnosis_input_2022_chunk208.txt,,,3,ecg_diagnosis_deID_2022_chunk208.txt
ecg_diagnosis_input_2002_chunk92.txt,,,3,ecg_diagnosis_deID_2002_chunk92.txt
ecg_diagnosis_input_2017_chunk410.txt,,,3,ecg_diagnosis_deID_2017_chunk410.txt
ecg_diagnosis_input_2011_chunk211.txt,,,3,ecg_diagnosis_deID_2011_chunk211.txt
ecg_diagnosis_input_2005_chunk217.txt,,,3,ecg_diagnosis_deID_2005_chunk217.txt
ecg_diagnosis_input_2017_chunk376.txt,,,3,ecg_diagnosis_deID_2017_chunk376.txt
ecg_diagnosis_input_2010_chunk174.txt,,,3,ecg_diagnosis_deID_2010_chunk174.txt
ecg_diagnosis_input_2010_chunk160.txt,,,3,ecg_diagnosis_deID_2010_chunk160.txt
ecg_diagnosis_input_2005_chunk203.txt,,,3,ecg_diagnosis_deID_2005_chunk203.txt
ecg_diagnosis_input_2017_chunk362.txt,,,3,ecg_diagnosis_deID_2017_chunk362.txt
ecg_diagnosis_input_2018_chunk493.txt,,,3,ecg_diagnosis_deID_2018_chunk493.txt
ecg_diagnosis_input_2002_chunk86.txt,,,3,ecg_diagnosis_deID_2002_chunk86.txt
ecg_diagnosis_input_2017_chunk404.txt,,,3,ecg_diagnosis_deID_2017_chunk404.txt
ecg_diagnosis_input_2011_chunk205.txt,,,3,ecg_diagnosis_deID_2011_chunk205.txt
ecg_diagnosis_input_2005_chunk49.txt,,,3,ecg_diagnosis_deID_2005_chunk49.txt
ecg_diagnosis_input_1991_chunk71.txt,,,3,ecg_diagnosis_deID_1991_chunk71.txt
ecg_diagnosis_input_2008_chunk35.txt,,,3,ecg_diagnosis_deID_2008_chunk35.txt
ecg_diagnosis_input_2004_chunk166.txt,,,3,ecg_diagnosis_deID_2004_chunk166.txt
ecg_diagnosis_input_2014_chunk20.txt,,,3,ecg_diagnosis_deID_2014_chunk20.txt
ecg_diagnosis_input_2019_chunk4.txt,,,3,ecg_diagnosis_deID_2019_chunk4.txt
ecg_diagnosis_input_2013_chunk356.txt,,,3,ecg_diagnosis_deID_2013_chunk356.txt
ecg_diagnosis_input_2014_chunk154.txt,,,3,ecg_diagnosis_deID_2014_chunk154.txt
ecg_diagnosis_input_2008_chunk6.txt,,,3,ecg_diagnosis_deID_2008_chunk6.txt
ecg_diagnosis_input_2020_chunk94.txt,,,3,ecg_diagnosis_deID_2020_chunk94.txt
ecg_diagnosis_input_1996_chunk55.txt,,,3,ecg_diagnosis_deID_1996_chunk55.txt
ecg_diagnosis_input_2018_chunk478.txt,,,3,ecg_diagnosis_deID_2018_chunk478.txt
ecg_diagnosis_input_2000_chunk152.txt,,,3,ecg_diagnosis_deID_2000_chunk152.txt
ecg_diagnosis_input_2017_chunk389.txt,,,3,ecg_diagnosis_deID_2017_chunk389.txt
ecg_diagnosis_input_2020_chunk429.txt,,,3,ecg_diagnosis_deID_2020_chunk429.txt
ecg_diagnosis_input_2015_chunk231.txt,,,3,ecg_diagnosis_deID_2015_chunk231.txt
ecg_diagnosis_input_1991_chunk5.txt,,,3,ecg_diagnosis_deID_1991_chunk5.txt
ecg_diagnosis_input_2015_chunk225.txt,,,3,ecg_diagnosis_deID_2015_chunk225.txt
ecg_diagnosis_input_2000_chunk146.txt,,,3,ecg_diagnosis_deID_2000_chunk146.txt
ecg_diagnosis_input_2014_chunk140.txt,,,3,ecg_diagnosis_deID_2014_chunk140.txt
ecg_diagnosis_input_1987_chunk28.txt,,,3,ecg_diagnosis_deID_1987_chunk28.txt
ecg_diagnosis_input_2013_chunk10.txt,,,3,ecg_diagnosis_deID_2013_chunk10.txt
ecg_diagnosis_input_2020_chunk80.txt,,,3,ecg_diagnosis_deID_2020_chunk80.txt
ecg_diagnosis_input_2002_chunk79.txt,,,3,ecg_diagnosis_deID_2002_chunk79.txt
ecg_diagnosis_input_1996_chunk41.txt,,,3,ecg_diagnosis_deID_1996_chunk41.txt
ecg_diagnosis_input_2013_chunk342.txt,,,3,ecg_diagnosis_deID_2013_chunk342.txt
ecg_diagnosis_input_2004_chunk199.txt,,,3,ecg_diagnosis_deID_2004_chunk199.txt
ecg_diagnosis_input_1994_chunk144.txt,,,3,ecg_diagnosis_deID_1994_chunk144.txt
ecg_diagnosis_input_2014_chunk168.txt,,,3,ecg_diagnosis_deID_2014_chunk168.txt
ecg_diagnosis_input_2013_chunk38.txt,,,3,ecg_diagnosis_deID_2013_chunk38.txt
ecg_diagnosis_input_2018_chunk444.txt,,,3,ecg_diagnosis_deID_2018_chunk444.txt
ecg_diagnosis_input_1996_chunk69.txt,,,3,ecg_diagnosis_deID_1996_chunk69.txt
ecg_diagnosis_input_2002_chunk51.txt,,,3,ecg_diagnosis_deID_2002_chunk51.txt
ecg_diagnosis_input_2020_chunk373.txt,,,3,ecg_diagnosis_deID_2020_chunk373.txt
ecg_diagnosis_input_2020_chunk415.txt,,,3,ecg_diagnosis_deID_2020_chunk415.txt
ecg_diagnosis_input_2018_chunk322.txt,,,3,ecg_diagnosis_deID_2018_chunk322.txt
ecg_diagnosis_input_2018_chunk336.txt,,,3,ecg_diagnosis_deID_2018_chunk336.txt
ecg_diagnosis_input_2020_chunk401.txt,,,3,ecg_diagnosis_deID_2020_chunk401.txt
ecg_diagnosis_input_2015_chunk219.txt,,,3,ecg_diagnosis_deID_2015_chunk219.txt
ecg_diagnosis_input_2020_chunk367.txt,,,3,ecg_diagnosis_deID_2020_chunk367.txt
ecg_diagnosis_input_1987_chunk14.txt,,,3,ecg_diagnosis_deID_1987_chunk14.txt
ecg_diagnosis_input_2018_chunk450.txt,,,3,ecg_diagnosis_deID_2018_chunk450.txt
ecg_diagnosis_input_2002_chunk45.txt,,,3,ecg_diagnosis_deID_2002_chunk45.txt
ecg_diagnosis_input_2011_chunk359.txt,,,3,ecg_diagnosis_deID_2011_chunk359.txt
ecg_diagnosis_input_2006_chunk182.txt,,,3,ecg_diagnosis_deID_2006_chunk182.txt
ecg_diagnosis_input_2007_chunk54.txt,,,3,ecg_diagnosis_deID_2007_chunk54.txt
ecg_diagnosis_input_2009_chunk115.txt,,,3,ecg_diagnosis_deID_2009_chunk115.txt
ecg_diagnosis_input_2022_chunk340.txt,,,3,ecg_diagnosis_deID_2022_chunk340.txt
ecg_diagnosis_input_2022_chunk62.txt,,,3,ecg_diagnosis_deID_2022_chunk62.txt
ecg_diagnosis_input_2008_chunk270.txt,,,3,ecg_diagnosis_deID_2008_chunk270.txt
ecg_diagnosis_input_2015_chunk386.txt,,,3,ecg_diagnosis_deID_2015_chunk386.txt
ecg_diagnosis_input_2012_chunk184.txt,,,3,ecg_diagnosis_deID_2012_chunk184.txt
ecg_diagnosis_input_2021_chunk189.txt,,,3,ecg_diagnosis_deID_2021_chunk189.txt
ecg_diagnosis_input_2012_chunk190.txt,,,3,ecg_diagnosis_deID_2012_chunk190.txt
ecg_diagnosis_input_2008_chunk264.txt,,,3,ecg_diagnosis_deID_2008_chunk264.txt
ecg_diagnosis_input_2002_chunk149.txt,,,3,ecg_diagnosis_deID_2002_chunk149.txt
ecg_diagnosis_input_2015_chunk392.txt,,,3,ecg_diagnosis_deID_2015_chunk392.txt
ecg_diagnosis_input_2022_chunk76.txt,,,3,ecg_diagnosis_deID_2022_chunk76.txt
ecg_diagnosis_input_1982_chunk11.txt,,,3,ecg_diagnosis_deID_1982_chunk11.txt
ecg_diagnosis_input_2016_chunk29.txt,,,3,ecg_diagnosis_deID_2016_chunk29.txt
ecg_diagnosis_input_2007_chunk40.txt,,,3,ecg_diagnosis_deID_2007_chunk40.txt
ecg_diagnosis_input_2006_chunk196.txt,,,3,ecg_diagnosis_deID_2006_chunk196.txt
ecg_diagnosis_input_1993_chunk78.txt,,,3,ecg_diagnosis_deID_1993_chunk78.txt
ecg_diagnosis_input_2009_chunk101.txt,,,3,ecg_diagnosis_deID_2009_chunk101.txt
ecg_diagnosis_input_2022_chunk354.txt,,,3,ecg_diagnosis_deID_2022_chunk354.txt
ecg_diagnosis_input_2016_chunk167.txt,,,3,ecg_diagnosis_deID_2016_chunk167.txt
ecg_diagnosis_input_2011_chunk365.txt,,,3,ecg_diagnosis_deID_2011_chunk365.txt
ecg_diagnosis_input_1982_chunk39.txt,,,3,ecg_diagnosis_deID_1982_chunk39.txt
ecg_diagnosis_input_1993_chunk50.txt,,,3,ecg_diagnosis_deID_1993_chunk50.txt
ecg_diagnosis_input_2003_chunk204.txt,,,3,ecg_diagnosis_deID_2003_chunk204.txt
ecg_diagnosis_input_2007_chunk68.txt,,,3,ecg_diagnosis_deID_2007_chunk68.txt
ecg_diagnosis_input_2009_chunk129.txt,,,3,ecg_diagnosis_deID_2009_chunk129.txt
ecg_diagnosis_input_2018_chunk295.txt,,,3,ecg_diagnosis_deID_2018_chunk295.txt
ecg_diagnosis_input_2017_chunk202.txt,,,3,ecg_diagnosis_deID_2017_chunk202.txt
ecg_diagnosis_input_2002_chunk161.txt,,,3,ecg_diagnosis_deID_2002_chunk161.txt
ecg_diagnosis_input_2008_chunk258.txt,,,3,ecg_diagnosis_deID_2008_chunk258.txt
ecg_diagnosis_input_2002_chunk175.txt,,,3,ecg_diagnosis_deID_2002_chunk175.txt
ecg_diagnosis_input_2018_chunk281.txt,,,3,ecg_diagnosis_deID_2018_chunk281.txt
ecg_diagnosis_input_2017_chunk216.txt,,,3,ecg_diagnosis_deID_2017_chunk216.txt
ecg_diagnosis_input_2011_chunk371.txt,,,3,ecg_diagnosis_deID_2011_chunk371.txt
ecg_diagnosis_input_2016_chunk15.txt,,,3,ecg_diagnosis_deID_2016_chunk15.txt
ecg_diagnosis_input_2003_chunk210.txt,,,3,ecg_diagnosis_deID_2003_chunk210.txt
ecg_diagnosis_input_1993_chunk44.txt,,,3,ecg_diagnosis_deID_1993_chunk44.txt
ecg_diagnosis_input_2022_chunk368.txt,,,3,ecg_diagnosis_deID_2022_chunk368.txt
ecg_diagnosis_input_2016_chunk173.txt,,,3,ecg_diagnosis_deID_2016_chunk173.txt
ecg_diagnosis_input_1994_chunk60.txt,,,3,ecg_diagnosis_deID_1994_chunk60.txt
ecg_diagnosis_input_2000_chunk58.txt,,,3,ecg_diagnosis_deID_2000_chunk58.txt
ecg_diagnosis_input_2011_chunk31.txt,,,3,ecg_diagnosis_deID_2011_chunk31.txt
ecg_diagnosis_input_1988_chunk75.txt,,,3,ecg_diagnosis_deID_1988_chunk75.txt
ecg_diagnosis_input_2015_chunk423.txt,,,3,ecg_diagnosis_deID_2015_chunk423.txt
ecg_diagnosis_input_2013_chunk222.txt,,,3,ecg_diagnosis_deID_2013_chunk222.txt
ecg_diagnosis_input_2016_chunk198.txt,,,3,ecg_diagnosis_deID_2016_chunk198.txt
ecg_diagnosis_input_2022_chunk383.txt,,,3,ecg_diagnosis_deID_2022_chunk383.txt
ecg_diagnosis_input_2021_chunk638.txt,,,3,ecg_diagnosis_deID_2021_chunk638.txt
ecg_diagnosis_input_2007_chunk97.txt,,,3,ecg_diagnosis_deID_2007_chunk97.txt
ecg_diagnosis_input_2006_chunk141.txt,,,3,ecg_diagnosis_deID_2006_chunk141.txt
ecg_diagnosis_input_2012_chunk147.txt,,,3,ecg_diagnosis_deID_2012_chunk147.txt
ecg_diagnosis_input_2007_chunk224.txt,,,3,ecg_diagnosis_deID_2007_chunk224.txt
ecg_diagnosis_input_2015_chunk345.txt,,,3,ecg_diagnosis_deID_2015_chunk345.txt
ecg_diagnosis_input_2007_chunk230.txt,,,3,ecg_diagnosis_deID_2007_chunk230.txt
ecg_diagnosis_input_2015_chunk351.txt,,,3,ecg_diagnosis_deID_2015_chunk351.txt
ecg_diagnosis_input_2020_chunk549.txt,,,3,ecg_diagnosis_deID_2020_chunk549.txt
ecg_diagnosis_input_2012_chunk153.txt,,,3,ecg_diagnosis_deID_2012_chunk153.txt
ecg_diagnosis_input_2018_chunk518.txt,,,3,ecg_diagnosis_deID_2018_chunk518.txt
ecg_diagnosis_input_2014_chunk7.txt,,,3,ecg_diagnosis_deID_2014_chunk7.txt
ecg_diagnosis_input_2006_chunk155.txt,,,3,ecg_diagnosis_deID_2006_chunk155.txt
ecg_diagnosis_input_2007_chunk83.txt,,,3,ecg_diagnosis_deID_2007_chunk83.txt
ecg_diagnosis_input_1994_chunk74.txt,,,3,ecg_diagnosis_deID_1994_chunk74.txt
ecg_diagnosis_input_2011_chunk25.txt,,,3,ecg_diagnosis_deID_2011_chunk25.txt
ecg_diagnosis_input_1988_chunk61.txt,,,3,ecg_diagnosis_deID_1988_chunk61.txt
ecg_diagnosis_input_2013_chunk236.txt,,,3,ecg_diagnosis_deID_2013_chunk236.txt
ecg_diagnosis_input_2005_chunk5.txt,,,3,ecg_diagnosis_deID_2005_chunk5.txt
ecg_diagnosis_input_2021_chunk604.txt,,,3,ecg_diagnosis_deID_2021_chunk604.txt
ecg_diagnosis_input_1999_chunk137.txt,,,3,ecg_diagnosis_deID_1999_chunk137.txt
ecg_diagnosis_input_1993_chunk93.txt,,,3,ecg_diagnosis_deID_1993_chunk93.txt
ecg_diagnosis_input_2000_chunk64.txt,,,3,ecg_diagnosis_deID_2000_chunk64.txt
ecg_diagnosis_input_2019_chunk133.txt,,,3,ecg_diagnosis_deID_2019_chunk133.txt
ecg_diagnosis_input_1999_chunk20.txt,,,3,ecg_diagnosis_deID_1999_chunk20.txt
ecg_diagnosis_input_1988_chunk49.txt,,,3,ecg_diagnosis_deID_1988_chunk49.txt
ecg_diagnosis_input_2020_chunk207.txt,,,3,ecg_diagnosis_deID_2020_chunk207.txt
ecg_diagnosis_input_1985_chunk35.txt,,,3,ecg_diagnosis_deID_1985_chunk35.txt
ecg_diagnosis_input_2007_chunk218.txt,,,3,ecg_diagnosis_deID_2007_chunk218.txt
ecg_diagnosis_input_2015_chunk379.txt,,,3,ecg_diagnosis_deID_2015_chunk379.txt
ecg_diagnosis_input_2020_chunk561.txt,,,3,ecg_diagnosis_deID_2020_chunk561.txt
ecg_diagnosis_input_2021_chunk162.txt,,,3,ecg_diagnosis_deID_2021_chunk162.txt
ecg_diagnosis_input_2018_chunk256.txt,,,3,ecg_diagnosis_deID_2018_chunk256.txt
ecg_diagnosis_input_2021_chunk176.txt,,,3,ecg_diagnosis_deID_2021_chunk176.txt
ecg_diagnosis_input_2018_chunk242.txt,,,3,ecg_diagnosis_deID_2018_chunk242.txt
ecg_diagnosis_input_2020_chunk575.txt,,,3,ecg_diagnosis_deID_2020_chunk575.txt
ecg_diagnosis_input_2000_chunk70.txt,,,3,ecg_diagnosis_deID_2000_chunk70.txt
ecg_diagnosis_input_2019_chunk127.txt,,,3,ecg_diagnosis_deID_2019_chunk127.txt
ecg_diagnosis_input_1994_chunk48.txt,,,3,ecg_diagnosis_deID_1994_chunk48.txt
ecg_diagnosis_input_1999_chunk34.txt,,,3,ecg_diagnosis_deID_1999_chunk34.txt
ecg_diagnosis_input_2020_chunk213.txt,,,3,ecg_diagnosis_deID_2020_chunk213.txt
ecg_diagnosis_input_1985_chunk21.txt,,,3,ecg_diagnosis_deID_1985_chunk21.txt
ecg_diagnosis_input_2011_chunk19.txt,,,3,ecg_diagnosis_deID_2011_chunk19.txt
ecg_diagnosis_input_2022_chunk89.txt,,,4,ecg_diagnosis_deID_2022_chunk89.txt
ecg_diagnosis_input_2021_chunk610.txt,,,4,ecg_diagnosis_deID_2021_chunk610.txt
ecg_diagnosis_input_1999_chunk123.txt,,,4,ecg_diagnosis_deID_1999_chunk123.txt
ecg_diagnosis_input_1993_chunk87.txt,,,4,ecg_diagnosis_deID_1993_chunk87.txt
ecg_diagnosis_input_2006_chunk169.txt,,,4,ecg_diagnosis_deID_2006_chunk169.txt
ecg_diagnosis_input_2009_chunk67.txt,,,4,ecg_diagnosis_deID_2009_chunk67.txt
ecg_diagnosis_input_1990_chunk23.txt,,,4,ecg_diagnosis_deID_1990_chunk23.txt
ecg_diagnosis_input_2015_chunk72.txt,,,4,ecg_diagnosis_deID_2015_chunk72.txt
ecg_diagnosis_input_2012_chunk386.txt,,,4,ecg_diagnosis_deID_2012_chunk386.txt
ecg_diagnosis_input_2015_chunk184.txt,,,4,ecg_diagnosis_deID_2015_chunk184.txt
ecg_diagnosis_input_2017_chunk9.txt,,,4,ecg_diagnosis_deID_2017_chunk9.txt
ecg_diagnosis_input_2016_chunk359.txt,,,4,ecg_diagnosis_deID_2016_chunk359.txt
ecg_diagnosis_input_2004_chunk238.txt,,,4,ecg_diagnosis_deID_2004_chunk238.txt
ecg_diagnosis_input_2022_chunk142.txt,,,4,ecg_diagnosis_deID_2022_chunk142.txt
ecg_diagnosis_input_2009_chunk317.txt,,,4,ecg_diagnosis_deID_2009_chunk317.txt
ecg_diagnosis_input_2022_chunk156.txt,,,4,ecg_diagnosis_deID_2022_chunk156.txt
ecg_diagnosis_input_2009_chunk303.txt,,,4,ecg_diagnosis_deID_2009_chunk303.txt
ecg_diagnosis_input_1985_chunk2.txt,,,4,ecg_diagnosis_deID_1985_chunk2.txt
ecg_diagnosis_input_2015_chunk190.txt,,,4,ecg_diagnosis_deID_2015_chunk190.txt
ecg_diagnosis_input_2021_chunk39.txt,,,4,ecg_diagnosis_deID_2021_chunk39.txt
ecg_diagnosis_input_2009_chunk73.txt,,,4,ecg_diagnosis_deID_2009_chunk73.txt
ecg_diagnosis_input_1990_chunk37.txt,,,4,ecg_diagnosis_deID_1990_chunk37.txt
ecg_diagnosis_input_2005_chunk149.txt,,,4,ecg_diagnosis_deID_2005_chunk149.txt
ecg_diagnosis_input_2012_chunk392.txt,,,4,ecg_diagnosis_deID_2012_chunk392.txt
ecg_diagnosis_input_2015_chunk66.txt,,,4,ecg_diagnosis_deID_2015_chunk66.txt
ecg_diagnosis_input_2010_chunk202.txt,,,4,ecg_diagnosis_deID_2010_chunk202.txt
ecg_diagnosis_input_2016_chunk403.txt,,,4,ecg_diagnosis_deID_2016_chunk403.txt
ecg_diagnosis_input_2012_chunk81.txt,,,4,ecg_diagnosis_deID_2012_chunk81.txt
ecg_diagnosis_input_2021_chunk11.txt,,,4,ecg_diagnosis_deID_2021_chunk11.txt
ecg_diagnosis_input_2019_chunk494.txt,,,4,ecg_diagnosis_deID_2019_chunk494.txt
ecg_diagnosis_input_2005_chunk161.txt,,,4,ecg_diagnosis_deID_2005_chunk161.txt
ecg_diagnosis_input_2004_chunk27.txt,,,4,ecg_diagnosis_deID_2004_chunk27.txt
ecg_diagnosis_input_2018_chunk32.txt,,,4,ecg_diagnosis_deID_2018_chunk32.txt
ecg_diagnosis_input_2011_chunk167.txt,,,4,ecg_diagnosis_deID_2011_chunk167.txt
ecg_diagnosis_input_2016_chunk365.txt,,,4,ecg_diagnosis_deID_2016_chunk365.txt
ecg_diagnosis_input_2004_chunk204.txt,,,4,ecg_diagnosis_deID_2004_chunk204.txt
ecg_diagnosis_input_2016_chunk371.txt,,,4,ecg_diagnosis_deID_2016_chunk371.txt
ecg_diagnosis_input_2004_chunk210.txt,,,4,ecg_diagnosis_deID_2004_chunk210.txt
ecg_diagnosis_input_2011_chunk173.txt,,,4,ecg_diagnosis_deID_2011_chunk173.txt
ecg_diagnosis_input_2004_chunk33.txt,,,4,ecg_diagnosis_deID_2004_chunk33.txt
ecg_diagnosis_input_2005_chunk175.txt,,,4,ecg_diagnosis_deID_2005_chunk175.txt
ecg_diagnosis_input_2018_chunk26.txt,,,4,ecg_diagnosis_deID_2018_chunk26.txt
ecg_diagnosis_input_2010_chunk216.txt,,,4,ecg_diagnosis_deID_2010_chunk216.txt
ecg_diagnosis_input_2020_chunk9.txt,,,4,ecg_diagnosis_deID_2020_chunk9.txt
ecg_diagnosis_input_2016_chunk417.txt,,,4,ecg_diagnosis_deID_2016_chunk417.txt
ecg_diagnosis_input_2012_chunk95.txt,,,4,ecg_diagnosis_deID_2012_chunk95.txt
ecg_diagnosis_input_2019_chunk480.txt,,,4,ecg_diagnosis_deID_2019_chunk480.txt
ecg_diagnosis_input_1986_chunk46.txt,,,4,ecg_diagnosis_deID_1986_chunk46.txt
ecg_diagnosis_input_2003_chunk17.txt,,,4,ecg_diagnosis_deID_2003_chunk17.txt
ecg_diagnosis_input_2015_chunk147.txt,,,4,ecg_diagnosis_deID_2015_chunk147.txt
ecg_diagnosis_input_1995_chunk143.txt,,,4,ecg_diagnosis_deID_1995_chunk143.txt
ecg_diagnosis_input_2012_chunk345.txt,,,4,ecg_diagnosis_deID_2012_chunk345.txt
ecg_diagnosis_input_2011_chunk198.txt,,,4,ecg_diagnosis_deID_2011_chunk198.txt
ecg_diagnosis_input_2014_chunk222.txt,,,4,ecg_diagnosis_deID_2014_chunk222.txt
ecg_diagnosis_input_2022_chunk181.txt,,,4,ecg_diagnosis_deID_2022_chunk181.txt
ecg_diagnosis_input_2001_chunk141.txt,,,4,ecg_diagnosis_deID_2001_chunk141.txt
ecg_diagnosis_input_2001_chunk155.txt,,,4,ecg_diagnosis_deID_2001_chunk155.txt
ecg_diagnosis_input_2019_chunk319.txt,,,4,ecg_diagnosis_deID_2019_chunk319.txt
ecg_diagnosis_input_2014_chunk236.txt,,,4,ecg_diagnosis_deID_2014_chunk236.txt
ecg_diagnosis_input_2022_chunk195.txt,,,4,ecg_diagnosis_deID_2022_chunk195.txt
ecg_diagnosis_input_2021_chunk348.txt,,,4,ecg_diagnosis_deID_2021_chunk348.txt
ecg_diagnosis_input_2012_chunk351.txt,,,4,ecg_diagnosis_deID_2012_chunk351.txt
ecg_diagnosis_input_1986_chunk52.txt,,,4,ecg_diagnosis_deID_1986_chunk52.txt
ecg_diagnosis_input_2015_chunk153.txt,,,4,ecg_diagnosis_deID_2015_chunk153.txt
ecg_diagnosis_input_2021_chunk360.txt,,,4,ecg_diagnosis_deID_2021_chunk360.txt
ecg_diagnosis_input_2009_chunk98.txt,,,4,ecg_diagnosis_deID_2009_chunk98.txt
ecg_diagnosis_input_2012_chunk379.txt,,,4,ecg_diagnosis_deID_2012_chunk379.txt
ecg_diagnosis_input_2012_chunk42.txt,,,4,ecg_diagnosis_deID_2012_chunk42.txt
ecg_diagnosis_input_2019_chunk457.txt,,,4,ecg_diagnosis_deID_2019_chunk457.txt
ecg_diagnosis_input_1997_chunk13.txt,,,4,ecg_diagnosis_deID_1997_chunk13.txt
ecg_diagnosis_input_2019_chunk331.txt,,,4,ecg_diagnosis_deID_2019_chunk331.txt
ecg_diagnosis_input_2021_chunk406.txt,,,4,ecg_diagnosis_deID_2021_chunk406.txt
ecg_diagnosis_input_2021_chunk412.txt,,,4,ecg_diagnosis_deID_2021_chunk412.txt
ecg_diagnosis_input_2019_chunk325.txt,,,4,ecg_diagnosis_deID_2019_chunk325.txt
ecg_diagnosis_input_2012_chunk56.txt,,,4,ecg_diagnosis_deID_2012_chunk56.txt
ecg_diagnosis_input_2019_chunk443.txt,,,4,ecg_diagnosis_deID_2019_chunk443.txt
ecg_diagnosis_input_2021_chunk374.txt,,,4,ecg_diagnosis_deID_2021_chunk374.txt
ecg_diagnosis_input_2015_chunk99.txt,,,4,ecg_diagnosis_deID_2015_chunk99.txt
ecg_diagnosis_input_2021_chunk404.txt,,,4,ecg_diagnosis_deID_2021_chunk404.txt
ecg_diagnosis_input_2019_chunk333.txt,,,4,ecg_diagnosis_deID_2019_chunk333.txt
ecg_diagnosis_input_2015_chunk179.txt,,,4,ecg_diagnosis_deID_2015_chunk179.txt
ecg_diagnosis_input_1997_chunk11.txt,,,4,ecg_diagnosis_deID_1997_chunk11.txt
ecg_diagnosis_input_2003_chunk29.txt,,,4,ecg_diagnosis_deID_2003_chunk29.txt
ecg_diagnosis_input_2012_chunk40.txt,,,4,ecg_diagnosis_deID_2012_chunk40.txt
ecg_diagnosis_input_2019_chunk455.txt,,,4,ecg_diagnosis_deID_2019_chunk455.txt
ecg_diagnosis_input_2021_chunk362.txt,,,4,ecg_diagnosis_deID_2021_chunk362.txt
ecg_diagnosis_input_2021_chunk376.txt,,,4,ecg_diagnosis_deID_2021_chunk376.txt
ecg_diagnosis_input_2012_chunk54.txt,,,4,ecg_diagnosis_deID_2012_chunk54.txt
ecg_diagnosis_input_2019_chunk441.txt,,,4,ecg_diagnosis_deID_2019_chunk441.txt
ecg_diagnosis_input_2019_chunk327.txt,,,4,ecg_diagnosis_deID_2019_chunk327.txt
ecg_diagnosis_input_2021_chunk410.txt,,,4,ecg_diagnosis_deID_2021_chunk410.txt
ecg_diagnosis_input_2014_chunk208.txt,,,4,ecg_diagnosis_deID_2014_chunk208.txt
ecg_diagnosis_input_2012_chunk409.txt,,,4,ecg_diagnosis_deID_2012_chunk409.txt
ecg_diagnosis_input_2001_chunk143.txt,,,4,ecg_diagnosis_deID_2001_chunk143.txt
ecg_diagnosis_input_2016_chunk398.txt,,,4,ecg_diagnosis_deID_2016_chunk398.txt
ecg_diagnosis_input_2022_chunk183.txt,,,4,ecg_diagnosis_deID_2022_chunk183.txt
ecg_diagnosis_input_2021_chunk438.txt,,,4,ecg_diagnosis_deID_2021_chunk438.txt
ecg_diagnosis_input_2014_chunk220.txt,,,4,ecg_diagnosis_deID_2014_chunk220.txt
ecg_diagnosis_input_2012_chunk347.txt,,,4,ecg_diagnosis_deID_2012_chunk347.txt
ecg_diagnosis_input_1995_chunk141.txt,,,4,ecg_diagnosis_deID_1995_chunk141.txt
ecg_diagnosis_input_2015_chunk145.txt,,,4,ecg_diagnosis_deID_2015_chunk145.txt
ecg_diagnosis_input_2003_chunk15.txt,,,4,ecg_diagnosis_deID_2003_chunk15.txt
ecg_diagnosis_input_2019_chunk469.txt,,,4,ecg_diagnosis_deID_2019_chunk469.txt
ecg_diagnosis_input_1986_chunk44.txt,,,4,ecg_diagnosis_deID_1986_chunk44.txt
ecg_diagnosis_input_2015_chunk151.txt,,,4,ecg_diagnosis_deID_2015_chunk151.txt
ecg_diagnosis_input_1997_chunk39.txt,,,4,ecg_diagnosis_deID_1997_chunk39.txt
ecg_diagnosis_input_1986_chunk50.txt,,,4,ecg_diagnosis_deID_1986_chunk50.txt
ecg_diagnosis_input_2012_chunk68.txt,,,4,ecg_diagnosis_deID_2012_chunk68.txt
ecg_diagnosis_input_2012_chunk353.txt,,,4,ecg_diagnosis_deID_2012_chunk353.txt
ecg_diagnosis_input_2005_chunk188.txt,,,4,ecg_diagnosis_deID_2005_chunk188.txt
ecg_diagnosis_input_2022_chunk197.txt,,,4,ecg_diagnosis_deID_2022_chunk197.txt
ecg_diagnosis_input_2014_chunk234.txt,,,4,ecg_diagnosis_deID_2014_chunk234.txt
ecg_diagnosis_input_2001_chunk157.txt,,,4,ecg_diagnosis_deID_2001_chunk157.txt
ecg_diagnosis_input_2004_chunk206.txt,,,4,ecg_diagnosis_deID_2004_chunk206.txt
ecg_diagnosis_input_2016_chunk367.txt,,,4,ecg_diagnosis_deID_2016_chunk367.txt
ecg_diagnosis_input_2011_chunk165.txt,,,4,ecg_diagnosis_deID_2011_chunk165.txt
ecg_diagnosis_input_2009_chunk329.txt,,,4,ecg_diagnosis_deID_2009_chunk329.txt
ecg_diagnosis_input_2018_chunk30.txt,,,4,ecg_diagnosis_deID_2018_chunk30.txt
ecg_diagnosis_input_2004_chunk25.txt,,,4,ecg_diagnosis_deID_2004_chunk25.txt
ecg_diagnosis_input_2005_chunk163.txt,,,4,ecg_diagnosis_deID_2005_chunk163.txt
ecg_diagnosis_input_2009_chunk59.txt,,,4,ecg_diagnosis_deID_2009_chunk59.txt
ecg_diagnosis_input_2021_chunk13.txt,,,4,ecg_diagnosis_deID_2021_chunk13.txt
ecg_diagnosis_input_2012_chunk83.txt,,,4,ecg_diagnosis_deID_2012_chunk83.txt
ecg_diagnosis_input_2019_chunk496.txt,,,4,ecg_diagnosis_deID_2019_chunk496.txt
ecg_diagnosis_input_2016_chunk401.txt,,,4,ecg_diagnosis_deID_2016_chunk401.txt
ecg_diagnosis_input_2010_chunk200.txt,,,4,ecg_diagnosis_deID_2010_chunk200.txt
ecg_diagnosis_input_2012_chunk97.txt,,,4,ecg_diagnosis_deID_2012_chunk97.txt
ecg_diagnosis_input_2019_chunk482.txt,,,4,ecg_diagnosis_deID_2019_chunk482.txt
ecg_diagnosis_input_2016_chunk415.txt,,,4,ecg_diagnosis_deID_2016_chunk415.txt
ecg_diagnosis_input_2010_chunk214.txt,,,4,ecg_diagnosis_deID_2010_chunk214.txt
ecg_diagnosis_input_2018_chunk24.txt,,,4,ecg_diagnosis_deID_2018_chunk24.txt
ecg_diagnosis_input_2015_chunk58.txt,,,4,ecg_diagnosis_deID_2015_chunk58.txt
ecg_diagnosis_input_2005_chunk177.txt,,,4,ecg_diagnosis_deID_2005_chunk177.txt
ecg_diagnosis_input_2004_chunk31.txt,,,4,ecg_diagnosis_deID_2004_chunk31.txt
ecg_diagnosis_input_2011_chunk171.txt,,,4,ecg_diagnosis_deID_2011_chunk171.txt
ecg_diagnosis_input_2022_chunk168.txt,,,4,ecg_diagnosis_deID_2022_chunk168.txt
ecg_diagnosis_input_2004_chunk212.txt,,,4,ecg_diagnosis_deID_2004_chunk212.txt
ecg_diagnosis_input_2016_chunk373.txt,,,4,ecg_diagnosis_deID_2016_chunk373.txt
ecg_diagnosis_input_2011_chunk159.txt,,,4,ecg_diagnosis_deID_2011_chunk159.txt
ecg_diagnosis_input_2022_chunk140.txt,,,4,ecg_diagnosis_deID_2022_chunk140.txt
ecg_diagnosis_input_2009_chunk315.txt,,,4,ecg_diagnosis_deID_2009_chunk315.txt
ecg_diagnosis_input_2015_chunk186.txt,,,4,ecg_diagnosis_deID_2015_chunk186.txt
ecg_diagnosis_input_2006_chunk9.txt,,,4,ecg_diagnosis_deID_2006_chunk9.txt
ecg_diagnosis_input_2012_chunk384.txt,,,4,ecg_diagnosis_deID_2012_chunk384.txt
ecg_diagnosis_input_2015_chunk70.txt,,,4,ecg_diagnosis_deID_2015_chunk70.txt
ecg_diagnosis_input_2009_chunk65.txt,,,4,ecg_diagnosis_deID_2009_chunk65.txt
ecg_diagnosis_input_1990_chunk21.txt,,,4,ecg_diagnosis_deID_1990_chunk21.txt
ecg_diagnosis_input_2004_chunk19.txt,,,4,ecg_diagnosis_deID_2004_chunk19.txt
ecg_diagnosis_input_2021_chunk389.txt,,,4,ecg_diagnosis_deID_2021_chunk389.txt
ecg_diagnosis_input_2015_chunk64.txt,,,4,ecg_diagnosis_deID_2015_chunk64.txt
ecg_diagnosis_input_2012_chunk390.txt,,,4,ecg_diagnosis_deID_2012_chunk390.txt
ecg_diagnosis_input_2018_chunk18.txt,,,4,ecg_diagnosis_deID_2018_chunk18.txt
ecg_diagnosis_input_2009_chunk71.txt,,,4,ecg_diagnosis_deID_2009_chunk71.txt
ecg_diagnosis_input_1990_chunk35.txt,,,4,ecg_diagnosis_deID_1990_chunk35.txt
ecg_diagnosis_input_2016_chunk429.txt,,,4,ecg_diagnosis_deID_2016_chunk429.txt
ecg_diagnosis_input_2015_chunk192.txt,,,4,ecg_diagnosis_deID_2015_chunk192.txt
ecg_diagnosis_input_2010_chunk228.txt,,,4,ecg_diagnosis_deID_2010_chunk228.txt
ecg_diagnosis_input_1994_chunk2.txt,,,4,ecg_diagnosis_deID_1994_chunk2.txt
ecg_diagnosis_input_2022_chunk154.txt,,,4,ecg_diagnosis_deID_2022_chunk154.txt
ecg_diagnosis_input_2009_chunk301.txt,,,4,ecg_diagnosis_deID_2009_chunk301.txt
ecg_diagnosis_input_2018_chunk254.txt,,,4,ecg_diagnosis_deID_2018_chunk254.txt
ecg_diagnosis_input_2021_chunk160.txt,,,4,ecg_diagnosis_deID_2021_chunk160.txt
ecg_diagnosis_input_2012_chunk179.txt,,,4,ecg_diagnosis_deID_2012_chunk179.txt
ecg_diagnosis_input_2020_chunk563.txt,,,4,ecg_diagnosis_deID_2020_chunk563.txt
ecg_diagnosis_input_2020_chunk205.txt,,,4,ecg_diagnosis_deID_2020_chunk205.txt
ecg_diagnosis_input_1985_chunk37.txt,,,4,ecg_diagnosis_deID_1985_chunk37.txt
ecg_diagnosis_input_2000_chunk66.txt,,,4,ecg_diagnosis_deID_2000_chunk66.txt
ecg_diagnosis_input_2019_chunk131.txt,,,4,ecg_diagnosis_deID_2019_chunk131.txt
ecg_diagnosis_input_1999_chunk22.txt,,,4,ecg_diagnosis_deID_1999_chunk22.txt
ecg_diagnosis_input_1999_chunk135.txt,,,4,ecg_diagnosis_deID_1999_chunk135.txt
ecg_diagnosis_input_1993_chunk91.txt,,,4,ecg_diagnosis_deID_1993_chunk91.txt
ecg_diagnosis_input_2021_chunk606.txt,,,4,ecg_diagnosis_deID_2021_chunk606.txt
ecg_diagnosis_input_1999_chunk121.txt,,,4,ecg_diagnosis_deID_1999_chunk121.txt
ecg_diagnosis_input_1993_chunk85.txt,,,4,ecg_diagnosis_deID_1993_chunk85.txt
ecg_diagnosis_input_2021_chunk612.txt,,,4,ecg_diagnosis_deID_2021_chunk612.txt
ecg_diagnosis_input_2013_chunk208.txt,,,4,ecg_diagnosis_deID_2013_chunk208.txt
ecg_diagnosis_input_2015_chunk409.txt,,,4,ecg_diagnosis_deID_2015_chunk409.txt
ecg_diagnosis_input_2020_chunk211.txt,,,4,ecg_diagnosis_deID_2020_chunk211.txt
ecg_diagnosis_input_1985_chunk23.txt,,,4,ecg_diagnosis_deID_1985_chunk23.txt
ecg_diagnosis_input_2000_chunk72.txt,,,4,ecg_diagnosis_deID_2000_chunk72.txt
ecg_diagnosis_input_2019_chunk125.txt,,,4,ecg_diagnosis_deID_2019_chunk125.txt
ecg_diagnosis_input_1999_chunk36.txt,,,4,ecg_diagnosis_deID_1999_chunk36.txt
ecg_diagnosis_input_2008_chunk299.txt,,,4,ecg_diagnosis_deID_2008_chunk299.txt
ecg_diagnosis_input_2020_chunk577.txt,,,4,ecg_diagnosis_deID_2020_chunk577.txt
ecg_diagnosis_input_2018_chunk240.txt,,,4,ecg_diagnosis_deID_2018_chunk240.txt
ecg_diagnosis_input_2021_chunk174.txt,,,4,ecg_diagnosis_deID_2021_chunk174.txt
ecg_diagnosis_input_2015_chunk347.txt,,,4,ecg_diagnosis_deID_2015_chunk347.txt
ecg_diagnosis_input_2007_chunk226.txt,,,4,ecg_diagnosis_deID_2007_chunk226.txt
ecg_diagnosis_input_2018_chunk268.txt,,,4,ecg_diagnosis_deID_2018_chunk268.txt
ecg_diagnosis_input_2012_chunk145.txt,,,4,ecg_diagnosis_deID_2012_chunk145.txt
ecg_diagnosis_input_2006_chunk143.txt,,,4,ecg_diagnosis_deID_2006_chunk143.txt
ecg_diagnosis_input_2007_chunk95.txt,,,4,ecg_diagnosis_deID_2007_chunk95.txt
ecg_diagnosis_input_1999_chunk109.txt,,,4,ecg_diagnosis_deID_1999_chunk109.txt
ecg_diagnosis_input_2022_chunk381.txt,,,4,ecg_diagnosis_deID_2022_chunk381.txt
ecg_diagnosis_input_2013_chunk220.txt,,,4,ecg_diagnosis_deID_2013_chunk220.txt
ecg_diagnosis_input_2015_chunk421.txt,,,4,ecg_diagnosis_deID_2015_chunk421.txt
ecg_diagnosis_input_2011_chunk33.txt,,,4,ecg_diagnosis_deID_2011_chunk33.txt
ecg_diagnosis_input_2020_chunk239.txt,,,4,ecg_diagnosis_deID_2020_chunk239.txt
ecg_diagnosis_input_1988_chunk77.txt,,,4,ecg_diagnosis_deID_1988_chunk77.txt
ecg_diagnosis_input_1994_chunk62.txt,,,4,ecg_diagnosis_deID_1994_chunk62.txt
ecg_diagnosis_input_2005_chunk7.txt,,,4,ecg_diagnosis_deID_2005_chunk7.txt
ecg_diagnosis_input_2013_chunk234.txt,,,4,ecg_diagnosis_deID_2013_chunk234.txt
ecg_diagnosis_input_2011_chunk27.txt,,,4,ecg_diagnosis_deID_2011_chunk27.txt
ecg_diagnosis_input_1988_chunk63.txt,,,4,ecg_diagnosis_deID_1988_chunk63.txt
ecg_diagnosis_input_1994_chunk76.txt,,,4,ecg_diagnosis_deID_1994_chunk76.txt
ecg_diagnosis_input_2019_chunk119.txt,,,4,ecg_diagnosis_deID_2019_chunk119.txt
ecg_diagnosis_input_2007_chunk81.txt,,,4,ecg_diagnosis_deID_2007_chunk81.txt
ecg_diagnosis_input_2006_chunk157.txt,,,4,ecg_diagnosis_deID_2006_chunk157.txt
ecg_diagnosis_input_2014_chunk5.txt,,,4,ecg_diagnosis_deID_2014_chunk5.txt
ecg_diagnosis_input_2021_chunk148.txt,,,4,ecg_diagnosis_deID_2021_chunk148.txt
ecg_diagnosis_input_2012_chunk151.txt,,,4,ecg_diagnosis_deID_2012_chunk151.txt
ecg_diagnosis_input_2015_chunk353.txt,,,4,ecg_diagnosis_deID_2015_chunk353.txt
ecg_diagnosis_input_2002_chunk188.txt,,,4,ecg_diagnosis_deID_2002_chunk188.txt
ecg_diagnosis_input_2007_chunk232.txt,,,4,ecg_diagnosis_deID_2007_chunk232.txt
ecg_diagnosis_input_2002_chunk163.txt,,,4,ecg_diagnosis_deID_2002_chunk163.txt
ecg_diagnosis_input_2017_chunk200.txt,,,4,ecg_diagnosis_deID_2017_chunk200.txt
ecg_diagnosis_input_2018_chunk297.txt,,,4,ecg_diagnosis_deID_2018_chunk297.txt
ecg_diagnosis_input_2003_chunk206.txt,,,4,ecg_diagnosis_deID_2003_chunk206.txt
ecg_diagnosis_input_1993_chunk52.txt,,,4,ecg_diagnosis_deID_1993_chunk52.txt
ecg_diagnosis_input_2011_chunk367.txt,,,4,ecg_diagnosis_deID_2011_chunk367.txt
ecg_diagnosis_input_2016_chunk165.txt,,,4,ecg_diagnosis_deID_2016_chunk165.txt
ecg_diagnosis_input_2022_chunk48.txt,,,4,ecg_diagnosis_deID_2022_chunk48.txt
ecg_diagnosis_input_1994_chunk89.txt,,,4,ecg_diagnosis_deID_1994_chunk89.txt
ecg_diagnosis_input_2016_chunk171.txt,,,4,ecg_diagnosis_deID_2016_chunk171.txt
ecg_diagnosis_input_1993_chunk46.txt,,,4,ecg_diagnosis_deID_1993_chunk46.txt
ecg_diagnosis_input_2003_chunk212.txt,,,4,ecg_diagnosis_deID_2003_chunk212.txt
ecg_diagnosis_input_2016_chunk17.txt,,,4,ecg_diagnosis_deID_2016_chunk17.txt
ecg_diagnosis_input_2011_chunk373.txt,,,4,ecg_diagnosis_deID_2011_chunk373.txt
ecg_diagnosis_input_2017_chunk214.txt,,,4,ecg_diagnosis_deID_2017_chunk214.txt
ecg_diagnosis_input_2018_chunk283.txt,,,4,ecg_diagnosis_deID_2018_chunk283.txt
ecg_diagnosis_input_2002_chunk177.txt,,,4,ecg_diagnosis_deID_2002_chunk177.txt
ecg_diagnosis_input_2012_chunk186.txt,,,4,ecg_diagnosis_deID_2012_chunk186.txt
ecg_diagnosis_input_2015_chunk384.txt,,,4,ecg_diagnosis_deID_2015_chunk384.txt
ecg_diagnosis_input_2008_chunk272.txt,,,4,ecg_diagnosis_deID_2008_chunk272.txt
ecg_diagnosis_input_2022_chunk60.txt,,,4,ecg_diagnosis_deID_2022_chunk60.txt
ecg_diagnosis_input_2000_chunk99.txt,,,4,ecg_diagnosis_deID_2000_chunk99.txt
ecg_diagnosis_input_2016_chunk159.txt,,,4,ecg_diagnosis_deID_2016_chunk159.txt
ecg_diagnosis_input_2009_chunk117.txt,,,4,ecg_diagnosis_deID_2009_chunk117.txt
ecg_diagnosis_input_2022_chunk342.txt,,,4,ecg_diagnosis_deID_2022_chunk342.txt
ecg_diagnosis_input_2007_chunk56.txt,,,4,ecg_diagnosis_deID_2007_chunk56.txt
ecg_diagnosis_input_2006_chunk180.txt,,,4,ecg_diagnosis_deID_2006_chunk180.txt
ecg_diagnosis_input_2009_chunk103.txt,,,4,ecg_diagnosis_deID_2009_chunk103.txt
ecg_diagnosis_input_2022_chunk356.txt,,,4,ecg_diagnosis_deID_2022_chunk356.txt
ecg_diagnosis_input_1996_chunk149.txt,,,4,ecg_diagnosis_deID_1996_chunk149.txt
ecg_diagnosis_input_2006_chunk194.txt,,,4,ecg_diagnosis_deID_2006_chunk194.txt
ecg_diagnosis_input_2007_chunk42.txt,,,4,ecg_diagnosis_deID_2007_chunk42.txt
ecg_diagnosis_input_1982_chunk13.txt,,,4,ecg_diagnosis_deID_1982_chunk13.txt
ecg_diagnosis_input_2022_chunk74.txt,,,4,ecg_diagnosis_deID_2022_chunk74.txt
ecg_diagnosis_input_2015_chunk390.txt,,,4,ecg_diagnosis_deID_2015_chunk390.txt
ecg_diagnosis_input_2008_chunk266.txt,,,4,ecg_diagnosis_deID_2008_chunk266.txt
ecg_diagnosis_input_2017_chunk228.txt,,,4,ecg_diagnosis_deID_2017_chunk228.txt
ecg_diagnosis_input_2012_chunk192.txt,,,4,ecg_diagnosis_deID_2012_chunk192.txt
ecg_diagnosis_input_2018_chunk320.txt,,,4,ecg_diagnosis_deID_2018_chunk320.txt
ecg_diagnosis_input_2020_chunk417.txt,,,4,ecg_diagnosis_deID_2020_chunk417.txt
ecg_diagnosis_input_2020_chunk371.txt,,,4,ecg_diagnosis_deID_2020_chunk371.txt
ecg_diagnosis_input_2019_chunk89.txt,,,4,ecg_diagnosis_deID_2019_chunk89.txt
ecg_diagnosis_input_2013_chunk368.txt,,,4,ecg_diagnosis_deID_2013_chunk368.txt
ecg_diagnosis_input_2018_chunk446.txt,,,4,ecg_diagnosis_deID_2018_chunk446.txt
ecg_diagnosis_input_2002_chunk53.txt,,,4,ecg_diagnosis_deID_2002_chunk53.txt
ecg_diagnosis_input_2018_chunk452.txt,,,4,ecg_diagnosis_deID_2018_chunk452.txt
ecg_diagnosis_input_2002_chunk47.txt,,,4,ecg_diagnosis_deID_2002_chunk47.txt
ecg_diagnosis_input_1987_chunk16.txt,,,4,ecg_diagnosis_deID_1987_chunk16.txt
ecg_diagnosis_input_2020_chunk365.txt,,,4,ecg_diagnosis_deID_2020_chunk365.txt
ecg_diagnosis_input_2005_chunk88.txt,,,4,ecg_diagnosis_deID_2005_chunk88.txt
ecg_diagnosis_input_2020_chunk403.txt,,,4,ecg_diagnosis_deID_2020_chunk403.txt
ecg_diagnosis_input_2018_chunk334.txt,,,4,ecg_diagnosis_deID_2018_chunk334.txt
ecg_diagnosis_input_2010_chunk189.txt,,,4,ecg_diagnosis_deID_2010_chunk189.txt
ecg_diagnosis_input_2015_chunk233.txt,,,4,ecg_diagnosis_deID_2015_chunk233.txt
ecg_diagnosis_input_2000_chunk150.txt,,,4,ecg_diagnosis_deID_2000_chunk150.txt
ecg_diagnosis_input_1996_chunk57.txt,,,4,ecg_diagnosis_deID_1996_chunk57.txt
ecg_diagnosis_input_2008_chunk4.txt,,,4,ecg_diagnosis_deID_2008_chunk4.txt
ecg_diagnosis_input_2020_chunk96.txt,,,4,ecg_diagnosis_deID_2020_chunk96.txt
ecg_diagnosis_input_2014_chunk156.txt,,,4,ecg_diagnosis_deID_2014_chunk156.txt
ecg_diagnosis_input_1991_chunk98.txt,,,4,ecg_diagnosis_deID_1991_chunk98.txt
ecg_diagnosis_input_2013_chunk354.txt,,,4,ecg_diagnosis_deID_2013_chunk354.txt
ecg_diagnosis_input_2019_chunk6.txt,,,4,ecg_diagnosis_deID_2019_chunk6.txt
ecg_diagnosis_input_2020_chunk359.txt,,,4,ecg_diagnosis_deID_2020_chunk359.txt
ecg_diagnosis_input_2013_chunk340.txt,,,4,ecg_diagnosis_deID_2013_chunk340.txt
ecg_diagnosis_input_1996_chunk43.txt,,,4,ecg_diagnosis_deID_1996_chunk43.txt
ecg_diagnosis_input_2020_chunk82.txt,,,4,ecg_diagnosis_deID_2020_chunk82.txt
ecg_diagnosis_input_2013_chunk12.txt,,,4,ecg_diagnosis_deID_2013_chunk12.txt
ecg_diagnosis_input_2014_chunk142.txt,,,4,ecg_diagnosis_deID_2014_chunk142.txt
ecg_diagnosis_input_2000_chunk144.txt,,,4,ecg_diagnosis_deID_2000_chunk144.txt
ecg_diagnosis_input_2018_chunk308.txt,,,4,ecg_diagnosis_deID_2018_chunk308.txt
ecg_diagnosis_input_1991_chunk7.txt,,,4,ecg_diagnosis_deID_1991_chunk7.txt
ecg_diagnosis_input_2015_chunk227.txt,,,4,ecg_diagnosis_deID_2015_chunk227.txt
ecg_diagnosis_input_2010_chunk176.txt,,,4,ecg_diagnosis_deID_2010_chunk176.txt
ecg_diagnosis_input_2017_chunk374.txt,,,4,ecg_diagnosis_deID_2017_chunk374.txt
ecg_diagnosis_input_2005_chunk215.txt,,,4,ecg_diagnosis_deID_2005_chunk215.txt
ecg_diagnosis_input_2011_chunk213.txt,,,4,ecg_diagnosis_deID_2011_chunk213.txt
ecg_diagnosis_input_2017_chunk412.txt,,,4,ecg_diagnosis_deID_2017_chunk412.txt
ecg_diagnosis_input_2018_chunk485.txt,,,4,ecg_diagnosis_deID_2018_chunk485.txt
ecg_diagnosis_input_2002_chunk90.txt,,,4,ecg_diagnosis_deID_2002_chunk90.txt
ecg_diagnosis_input_2020_chunk69.txt,,,4,ecg_diagnosis_deID_2020_chunk69.txt
ecg_diagnosis_input_2004_chunk170.txt,,,4,ecg_diagnosis_deID_2004_chunk170.txt
ecg_diagnosis_input_2014_chunk36.txt,,,4,ecg_diagnosis_deID_2014_chunk36.txt
ecg_diagnosis_input_1991_chunk67.txt,,,4,ecg_diagnosis_deID_1991_chunk67.txt
ecg_diagnosis_input_2008_chunk23.txt,,,4,ecg_diagnosis_deID_2008_chunk23.txt
ecg_diagnosis_input_2014_chunk22.txt,,,4,ecg_diagnosis_deID_2014_chunk22.txt
ecg_diagnosis_input_2004_chunk164.txt,,,4,ecg_diagnosis_deID_2004_chunk164.txt
ecg_diagnosis_input_1991_chunk73.txt,,,4,ecg_diagnosis_deID_1991_chunk73.txt
ecg_diagnosis_input_2008_chunk37.txt,,,4,ecg_diagnosis_deID_2008_chunk37.txt
ecg_diagnosis_input_2011_chunk207.txt,,,4,ecg_diagnosis_deID_2011_chunk207.txt
ecg_diagnosis_input_2017_chunk406.txt,,,4,ecg_diagnosis_deID_2017_chunk406.txt
ecg_diagnosis_input_2018_chunk491.txt,,,4,ecg_diagnosis_deID_2018_chunk491.txt
ecg_diagnosis_input_2002_chunk84.txt,,,4,ecg_diagnosis_deID_2002_chunk84.txt
ecg_diagnosis_input_2017_chunk360.txt,,,4,ecg_diagnosis_deID_2017_chunk360.txt
ecg_diagnosis_input_2005_chunk201.txt,,,4,ecg_diagnosis_deID_2005_chunk201.txt
ecg_diagnosis_input_2010_chunk162.txt,,,4,ecg_diagnosis_deID_2010_chunk162.txt
ecg_diagnosis_input_2017_chunk348.txt,,,4,ecg_diagnosis_deID_2017_chunk348.txt
ecg_diagnosis_input_2005_chunk229.txt,,,4,ecg_diagnosis_deID_2005_chunk229.txt
ecg_diagnosis_input_2008_chunk306.txt,,,4,ecg_diagnosis_deID_2008_chunk306.txt
ecg_diagnosis_input_2019_chunk76.txt,,,4,ecg_diagnosis_deID_2019_chunk76.txt
ecg_diagnosis_input_2005_chunk63.txt,,,4,ecg_diagnosis_deID_2005_chunk63.txt
ecg_diagnosis_input_2013_chunk397.txt,,,4,ecg_diagnosis_deID_2013_chunk397.txt
ecg_diagnosis_input_2014_chunk195.txt,,,4,ecg_diagnosis_deID_2014_chunk195.txt
ecg_diagnosis_input_1996_chunk94.txt,,,4,ecg_diagnosis_deID_1996_chunk94.txt
ecg_diagnosis_input_2022_chunk236.txt,,,4,ecg_diagnosis_deID_2022_chunk236.txt
ecg_diagnosis_input_2020_chunk55.txt,,,4,ecg_diagnosis_deID_2020_chunk55.txt
ecg_diagnosis_input_2014_chunk181.txt,,,4,ecg_diagnosis_deID_2014_chunk181.txt
ecg_diagnosis_input_1996_chunk80.txt,,,4,ecg_diagnosis_deID_1996_chunk80.txt
ecg_diagnosis_input_2022_chunk222.txt,,,4,ecg_diagnosis_deID_2022_chunk222.txt
ecg_diagnosis_input_2020_chunk41.txt,,,4,ecg_diagnosis_deID_2020_chunk41.txt
ecg_diagnosis_input_2004_chunk158.txt,,,4,ecg_diagnosis_deID_2004_chunk158.txt
ecg_diagnosis_input_2019_chunk62.txt,,,4,ecg_diagnosis_deID_2019_chunk62.txt
ecg_diagnosis_input_2013_chunk383.txt,,,4,ecg_diagnosis_deID_2013_chunk383.txt
ecg_diagnosis_input_2005_chunk77.txt,,,4,ecg_diagnosis_deID_2005_chunk77.txt
ecg_diagnosis_input_2008_chunk312.txt,,,4,ecg_diagnosis_deID_2008_chunk312.txt
ecg_diagnosis_input_2006_chunk209.txt,,,4,ecg_diagnosis_deID_2006_chunk209.txt
ecg_diagnosis_input_2014_chunk368.txt,,,4,ecg_diagnosis_deID_2014_chunk368.txt
ecg_diagnosis_input_2021_chunk570.txt,,,4,ecg_diagnosis_deID_2021_chunk570.txt
ecg_diagnosis_input_2020_chunk173.txt,,,4,ecg_diagnosis_deID_2020_chunk173.txt
ecg_diagnosis_input_2019_chunk247.txt,,,4,ecg_diagnosis_deID_2019_chunk247.txt
ecg_diagnosis_input_2019_chunk521.txt,,,4,ecg_diagnosis_deID_2019_chunk521.txt
ecg_diagnosis_input_1998_chunk126.txt,,,4,ecg_diagnosis_deID_1998_chunk126.txt
ecg_diagnosis_input_1989_chunk31.txt,,,4,ecg_diagnosis_deID_1989_chunk31.txt
ecg_diagnosis_input_2010_chunk75.txt,,,4,ecg_diagnosis_deID_2010_chunk75.txt
ecg_diagnosis_input_2018_chunk122.txt,,,4,ecg_diagnosis_deID_2018_chunk122.txt
ecg_diagnosis_input_1995_chunk24.txt,,,4,ecg_diagnosis_deID_1995_chunk24.txt
ecg_diagnosis_input_2021_chunk216.txt,,,4,ecg_diagnosis_deID_2021_chunk216.txt
ecg_diagnosis_input_1998_chunk58.txt,,,4,ecg_diagnosis_deID_1998_chunk58.txt
ecg_diagnosis_input_1989_chunk25.txt,,,4,ecg_diagnosis_deID_1989_chunk25.txt
ecg_diagnosis_input_2010_chunk61.txt,,,4,ecg_diagnosis_deID_2010_chunk61.txt
ecg_diagnosis_input_2018_chunk136.txt,,,4,ecg_diagnosis_deID_2018_chunk136.txt
ecg_diagnosis_input_1995_chunk30.txt,,,4,ecg_diagnosis_deID_1995_chunk30.txt
ecg_diagnosis_input_2021_chunk202.txt,,,4,ecg_diagnosis_deID_2021_chunk202.txt
ecg_diagnosis_input_2019_chunk535.txt,,,4,ecg_diagnosis_deID_2019_chunk535.txt
ecg_diagnosis_input_2007_chunk178.txt,,,4,ecg_diagnosis_deID_2007_chunk178.txt
ecg_diagnosis_input_1998_chunk132.txt,,,4,ecg_diagnosis_deID_1998_chunk132.txt
ecg_diagnosis_input_2020_chunk167.txt,,,4,ecg_diagnosis_deID_2020_chunk167.txt
ecg_diagnosis_input_2019_chunk253.txt,,,4,ecg_diagnosis_deID_2019_chunk253.txt
ecg_diagnosis_input_2021_chunk564.txt,,,4,ecg_diagnosis_deID_2021_chunk564.txt
ecg_diagnosis_input_2013_chunk156.txt,,,4,ecg_diagnosis_deID_2013_chunk156.txt
ecg_diagnosis_input_2006_chunk235.txt,,,4,ecg_diagnosis_deID_2006_chunk235.txt
ecg_diagnosis_input_2014_chunk354.txt,,,4,ecg_diagnosis_deID_2014_chunk354.txt
ecg_diagnosis_input_2010_chunk49.txt,,,4,ecg_diagnosis_deID_2010_chunk49.txt
ecg_diagnosis_input_1998_chunk64.txt,,,4,ecg_diagnosis_deID_1998_chunk64.txt
ecg_diagnosis_input_1995_chunk18.txt,,,4,ecg_diagnosis_deID_1995_chunk18.txt
ecg_diagnosis_input_2001_chunk20.txt,,,4,ecg_diagnosis_deID_2001_chunk20.txt
ecg_diagnosis_input_2014_chunk432.txt,,,4,ecg_diagnosis_deID_2014_chunk432.txt
ecg_diagnosis_input_2012_chunk233.txt,,,4,ecg_diagnosis_deID_2012_chunk233.txt
ecg_diagnosis_input_2017_chunk189.txt,,,4,ecg_diagnosis_deID_2017_chunk189.txt
ecg_diagnosis_input_2017_chunk86.txt,,,4,ecg_diagnosis_deID_2017_chunk86.txt
ecg_diagnosis_input_2007_chunk150.txt,,,4,ecg_diagnosis_deID_2007_chunk150.txt
ecg_diagnosis_input_2019_chunk509.txt,,,4,ecg_diagnosis_deID_2019_chunk509.txt
ecg_diagnosis_input_2007_chunk144.txt,,,4,ecg_diagnosis_deID_2007_chunk144.txt
ecg_diagnosis_input_2017_chunk92.txt,,,4,ecg_diagnosis_deID_2017_chunk92.txt
ecg_diagnosis_input_1989_chunk19.txt,,,4,ecg_diagnosis_deID_1989_chunk19.txt
ecg_diagnosis_input_1998_chunk70.txt,,,4,ecg_diagnosis_deID_1998_chunk70.txt
ecg_diagnosis_input_2001_chunk34.txt,,,4,ecg_diagnosis_deID_2001_chunk34.txt
ecg_diagnosis_input_2014_chunk426.txt,,,4,ecg_diagnosis_deID_2014_chunk426.txt
ecg_diagnosis_input_2012_chunk227.txt,,,4,ecg_diagnosis_deID_2012_chunk227.txt
ecg_diagnosis_input_2006_chunk221.txt,,,4,ecg_diagnosis_deID_2006_chunk221.txt
ecg_diagnosis_input_2014_chunk340.txt,,,4,ecg_diagnosis_deID_2014_chunk340.txt
ecg_diagnosis_input_2021_chunk558.txt,,,4,ecg_diagnosis_deID_2021_chunk558.txt
ecg_diagnosis_input_2013_chunk142.txt,,,4,ecg_diagnosis_deID_2013_chunk142.txt
ecg_diagnosis_input_2019_chunk284.txt,,,4,ecg_diagnosis_deID_2019_chunk284.txt
ecg_diagnosis_input_2016_chunk213.txt,,,4,ecg_diagnosis_deID_2016_chunk213.txt
ecg_diagnosis_input_2003_chunk170.txt,,,4,ecg_diagnosis_deID_2003_chunk170.txt
ecg_diagnosis_input_2017_chunk176.txt,,,4,ecg_diagnosis_deID_2017_chunk176.txt
ecg_diagnosis_input_1992_chunk28.txt,,,4,ecg_diagnosis_deID_1992_chunk28.txt
ecg_diagnosis_input_2006_chunk10.txt,,,4,ecg_diagnosis_deID_2006_chunk10.txt
ecg_diagnosis_input_2017_chunk79.txt,,,4,ecg_diagnosis_deID_2017_chunk79.txt
ecg_diagnosis_input_1983_chunk41.txt,,,4,ecg_diagnosis_deID_1983_chunk41.txt
ecg_diagnosis_input_2008_chunk138.txt,,,4,ecg_diagnosis_deID_2008_chunk138.txt
ecg_diagnosis_input_2010_chunk360.txt,,,4,ecg_diagnosis_deID_2010_chunk360.txt
ecg_diagnosis_input_2017_chunk162.txt,,,4,ecg_diagnosis_deID_2017_chunk162.txt
ecg_diagnosis_input_2009_chunk249.txt,,,4,ecg_diagnosis_deID_2009_chunk249.txt
ecg_diagnosis_input_2003_chunk164.txt,,,4,ecg_diagnosis_deID_2003_chunk164.txt
ecg_diagnosis_input_2019_chunk290.txt,,,4,ecg_diagnosis_deID_2019_chunk290.txt
ecg_diagnosis_input_2016_chunk207.txt,,,4,ecg_diagnosis_deID_2016_chunk207.txt
ecg_diagnosis_input_1992_chunk9.txt,,,4,ecg_diagnosis_deID_1992_chunk9.txt
ecg_diagnosis_input_2009_chunk261.txt,,,4,ecg_diagnosis_deID_2009_chunk261.txt
ecg_diagnosis_input_1988_chunk3.txt,,,4,ecg_diagnosis_deID_1988_chunk3.txt
ecg_diagnosis_input_2014_chunk397.txt,,,4,ecg_diagnosis_deID_2014_chunk397.txt
ecg_diagnosis_input_1999_chunk1.txt,,,4,ecg_diagnosis_deID_1999_chunk1.txt
ecg_diagnosis_input_2013_chunk195.txt,,,4,ecg_diagnosis_deID_2013_chunk195.txt
ecg_diagnosis_input_1992_chunk14.txt,,,4,ecg_diagnosis_deID_1992_chunk14.txt
ecg_diagnosis_input_2010_chunk348.txt,,,4,ecg_diagnosis_deID_2010_chunk348.txt
ecg_diagnosis_input_2007_chunk193.txt,,,4,ecg_diagnosis_deID_2007_chunk193.txt
ecg_diagnosis_input_2017_chunk45.txt,,,4,ecg_diagnosis_deID_2017_chunk45.txt
ecg_diagnosis_input_2008_chunk104.txt,,,4,ecg_diagnosis_deID_2008_chunk104.txt
ecg_diagnosis_input_2000_chunk2.txt,,,4,ecg_diagnosis_deID_2000_chunk2.txt
ecg_diagnosis_input_2006_chunk38.txt,,,4,ecg_diagnosis_deID_2006_chunk38.txt
ecg_diagnosis_input_2017_chunk51.txt,,,4,ecg_diagnosis_deID_2017_chunk51.txt
ecg_diagnosis_input_2007_chunk187.txt,,,4,ecg_diagnosis_deID_2007_chunk187.txt
ecg_diagnosis_input_2008_chunk110.txt,,,4,ecg_diagnosis_deID_2008_chunk110.txt
ecg_diagnosis_input_2020_chunk198.txt,,,4,ecg_diagnosis_deID_2020_chunk198.txt
ecg_diagnosis_input_2013_chunk181.txt,,,4,ecg_diagnosis_deID_2013_chunk181.txt
ecg_diagnosis_input_2009_chunk275.txt,,,4,ecg_diagnosis_deID_2009_chunk275.txt
ecg_diagnosis_input_2003_chunk158.txt,,,4,ecg_diagnosis_deID_2003_chunk158.txt
ecg_diagnosis_input_2014_chunk383.txt,,,4,ecg_diagnosis_deID_2014_chunk383.txt
ecg_diagnosis_input_2008_chunk111.txt,,,4,ecg_diagnosis_deID_2008_chunk111.txt
ecg_diagnosis_input_2011_chunk1.txt,,,4,ecg_diagnosis_deID_2011_chunk1.txt
ecg_diagnosis_input_2007_chunk186.txt,,,4,ecg_diagnosis_deID_2007_chunk186.txt
ecg_diagnosis_input_2017_chunk50.txt,,,4,ecg_diagnosis_deID_2017_chunk50.txt
ecg_diagnosis_input_2006_chunk39.txt,,,4,ecg_diagnosis_deID_2006_chunk39.txt
ecg_diagnosis_input_2000_chunk3.txt,,,4,ecg_diagnosis_deID_2000_chunk3.txt
ecg_diagnosis_input_2014_chunk382.txt,,,4,ecg_diagnosis_deID_2014_chunk382.txt
ecg_diagnosis_input_2003_chunk159.txt,,,4,ecg_diagnosis_deID_2003_chunk159.txt
ecg_diagnosis_input_2009_chunk274.txt,,,4,ecg_diagnosis_deID_2009_chunk274.txt
ecg_diagnosis_input_2013_chunk180.txt,,,4,ecg_diagnosis_deID_2013_chunk180.txt
ecg_diagnosis_input_2020_chunk199.txt,,,4,ecg_diagnosis_deID_2020_chunk199.txt
ecg_diagnosis_input_2013_chunk194.txt,,,4,ecg_diagnosis_deID_2013_chunk194.txt
ecg_diagnosis_input_2014_chunk396.txt,,,4,ecg_diagnosis_deID_2014_chunk396.txt
ecg_diagnosis_input_1988_chunk2.txt,,,4,ecg_diagnosis_deID_1988_chunk2.txt
ecg_diagnosis_input_2009_chunk260.txt,,,4,ecg_diagnosis_deID_2009_chunk260.txt
ecg_diagnosis_input_1992_chunk8.txt,,,4,ecg_diagnosis_deID_1992_chunk8.txt
ecg_diagnosis_input_2008_chunk105.txt,,,4,ecg_diagnosis_deID_2008_chunk105.txt
ecg_diagnosis_input_2017_chunk44.txt,,,4,ecg_diagnosis_deID_2017_chunk44.txt
ecg_diagnosis_input_2007_chunk192.txt,,,4,ecg_diagnosis_deID_2007_chunk192.txt
ecg_diagnosis_input_1992_chunk15.txt,,,4,ecg_diagnosis_deID_1992_chunk15.txt
ecg_diagnosis_input_2010_chunk349.txt,,,4,ecg_diagnosis_deID_2010_chunk349.txt
ecg_diagnosis_input_2017_chunk163.txt,,,4,ecg_diagnosis_deID_2017_chunk163.txt
ecg_diagnosis_input_2010_chunk361.txt,,,4,ecg_diagnosis_deID_2010_chunk361.txt
ecg_diagnosis_input_2016_chunk206.txt,,,4,ecg_diagnosis_deID_2016_chunk206.txt
ecg_diagnosis_input_2019_chunk291.txt,,,4,ecg_diagnosis_deID_2019_chunk291.txt
ecg_diagnosis_input_2003_chunk165.txt,,,4,ecg_diagnosis_deID_2003_chunk165.txt
ecg_diagnosis_input_2009_chunk248.txt,,,4,ecg_diagnosis_deID_2009_chunk248.txt
ecg_diagnosis_input_2003_chunk171.txt,,,4,ecg_diagnosis_deID_2003_chunk171.txt
ecg_diagnosis_input_2016_chunk212.txt,,,4,ecg_diagnosis_deID_2016_chunk212.txt
ecg_diagnosis_input_2019_chunk285.txt,,,4,ecg_diagnosis_deID_2019_chunk285.txt
ecg_diagnosis_input_2008_chunk139.txt,,,4,ecg_diagnosis_deID_2008_chunk139.txt
ecg_diagnosis_input_2017_chunk78.txt,,,4,ecg_diagnosis_deID_2017_chunk78.txt
ecg_diagnosis_input_1983_chunk40.txt,,,4,ecg_diagnosis_deID_1983_chunk40.txt
ecg_diagnosis_input_1992_chunk29.txt,,,4,ecg_diagnosis_deID_1992_chunk29.txt
ecg_diagnosis_input_2006_chunk11.txt,,,4,ecg_diagnosis_deID_2006_chunk11.txt
ecg_diagnosis_input_2017_chunk177.txt,,,4,ecg_diagnosis_deID_2017_chunk177.txt
ecg_diagnosis_input_2012_chunk226.txt,,,4,ecg_diagnosis_deID_2012_chunk226.txt
ecg_diagnosis_input_2014_chunk427.txt,,,4,ecg_diagnosis_deID_2014_chunk427.txt
ecg_diagnosis_input_2001_chunk35.txt,,,4,ecg_diagnosis_deID_2001_chunk35.txt
ecg_diagnosis_input_1998_chunk71.txt,,,4,ecg_diagnosis_deID_1998_chunk71.txt
ecg_diagnosis_input_1989_chunk18.txt,,,4,ecg_diagnosis_deID_1989_chunk18.txt
ecg_diagnosis_input_2017_chunk93.txt,,,4,ecg_diagnosis_deID_2017_chunk93.txt
ecg_diagnosis_input_2007_chunk145.txt,,,4,ecg_diagnosis_deID_2007_chunk145.txt
ecg_diagnosis_input_2019_chunk508.txt,,,4,ecg_diagnosis_deID_2019_chunk508.txt
ecg_diagnosis_input_2013_chunk143.txt,,,4,ecg_diagnosis_deID_2013_chunk143.txt
ecg_diagnosis_input_2021_chunk559.txt,,,4,ecg_diagnosis_deID_2021_chunk559.txt
ecg_diagnosis_input_2014_chunk341.txt,,,4,ecg_diagnosis_deID_2014_chunk341.txt
ecg_diagnosis_input_2006_chunk220.txt,,,4,ecg_diagnosis_deID_2006_chunk220.txt
ecg_diagnosis_input_2014_chunk355.txt,,,4,ecg_diagnosis_deID_2014_chunk355.txt
ecg_diagnosis_input_2006_chunk234.txt,,,4,ecg_diagnosis_deID_2006_chunk234.txt
ecg_diagnosis_input_2013_chunk157.txt,,,4,ecg_diagnosis_deID_2013_chunk157.txt
ecg_diagnosis_input_2007_chunk151.txt,,,4,ecg_diagnosis_deID_2007_chunk151.txt
ecg_diagnosis_input_2017_chunk87.txt,,,4,ecg_diagnosis_deID_2017_chunk87.txt
ecg_diagnosis_input_2017_chunk188.txt,,,4,ecg_diagnosis_deID_2017_chunk188.txt
ecg_diagnosis_input_2012_chunk232.txt,,,4,ecg_diagnosis_deID_2012_chunk232.txt
ecg_diagnosis_input_2014_chunk433.txt,,,4,ecg_diagnosis_deID_2014_chunk433.txt
ecg_diagnosis_input_1995_chunk19.txt,,,4,ecg_diagnosis_deID_1995_chunk19.txt
ecg_diagnosis_input_2001_chunk21.txt,,,4,ecg_diagnosis_deID_2001_chunk21.txt
ecg_diagnosis_input_1998_chunk65.txt,,,4,ecg_diagnosis_deID_1998_chunk65.txt
ecg_diagnosis_input_2010_chunk48.txt,,,4,ecg_diagnosis_deID_2010_chunk48.txt
ecg_diagnosis_input_1998_chunk133.txt,,,4,ecg_diagnosis_deID_1998_chunk133.txt
ecg_diagnosis_input_2007_chunk179.txt,,,4,ecg_diagnosis_deID_2007_chunk179.txt
ecg_diagnosis_input_2019_chunk534.txt,,,4,ecg_diagnosis_deID_2019_chunk534.txt
ecg_diagnosis_input_2021_chunk203.txt,,,4,ecg_diagnosis_deID_2021_chunk203.txt
ecg_diagnosis_input_1995_chunk31.txt,,,4,ecg_diagnosis_deID_1995_chunk31.txt
ecg_diagnosis_input_2018_chunk137.txt,,,4,ecg_diagnosis_deID_2018_chunk137.txt
ecg_diagnosis_input_2010_chunk60.txt,,,4,ecg_diagnosis_deID_2010_chunk60.txt
ecg_diagnosis_input_1989_chunk24.txt,,,4,ecg_diagnosis_deID_1989_chunk24.txt
ecg_diagnosis_input_2021_chunk565.txt,,,4,ecg_diagnosis_deID_2021_chunk565.txt
ecg_diagnosis_input_2019_chunk252.txt,,,4,ecg_diagnosis_deID_2019_chunk252.txt
ecg_diagnosis_input_2020_chunk166.txt,,,4,ecg_diagnosis_deID_2020_chunk166.txt
ecg_diagnosis_input_2019_chunk246.txt,,,4,ecg_diagnosis_deID_2019_chunk246.txt
ecg_diagnosis_input_2020_chunk172.txt,,,4,ecg_diagnosis_deID_2020_chunk172.txt
ecg_diagnosis_input_2021_chunk571.txt,,,4,ecg_diagnosis_deID_2021_chunk571.txt
ecg_diagnosis_input_2014_chunk369.txt,,,4,ecg_diagnosis_deID_2014_chunk369.txt
ecg_diagnosis_input_2006_chunk208.txt,,,4,ecg_diagnosis_deID_2006_chunk208.txt
ecg_diagnosis_input_2021_chunk217.txt,,,4,ecg_diagnosis_deID_2021_chunk217.txt
ecg_diagnosis_input_1998_chunk59.txt,,,4,ecg_diagnosis_deID_1998_chunk59.txt
ecg_diagnosis_input_1995_chunk25.txt,,,4,ecg_diagnosis_deID_1995_chunk25.txt
ecg_diagnosis_input_2018_chunk123.txt,,,4,ecg_diagnosis_deID_2018_chunk123.txt
ecg_diagnosis_input_2010_chunk74.txt,,,4,ecg_diagnosis_deID_2010_chunk74.txt
ecg_diagnosis_input_1989_chunk30.txt,,,4,ecg_diagnosis_deID_1989_chunk30.txt
ecg_diagnosis_input_1998_chunk127.txt,,,4,ecg_diagnosis_deID_1998_chunk127.txt
ecg_diagnosis_input_2019_chunk520.txt,,,4,ecg_diagnosis_deID_2019_chunk520.txt
ecg_diagnosis_input_2005_chunk76.txt,,,4,ecg_diagnosis_deID_2005_chunk76.txt
ecg_diagnosis_input_2013_chunk382.txt,,,4,ecg_diagnosis_deID_2013_chunk382.txt
ecg_diagnosis_input_2019_chunk63.txt,,,4,ecg_diagnosis_deID_2019_chunk63.txt
ecg_diagnosis_input_2004_chunk159.txt,,,4,ecg_diagnosis_deID_2004_chunk159.txt
ecg_diagnosis_input_2020_chunk40.txt,,,4,ecg_diagnosis_deID_2020_chunk40.txt
ecg_diagnosis_input_2022_chunk223.txt,,,4,ecg_diagnosis_deID_2022_chunk223.txt
ecg_diagnosis_input_1996_chunk81.txt,,,4,ecg_diagnosis_deID_1996_chunk81.txt
ecg_diagnosis_input_2014_chunk180.txt,,,4,ecg_diagnosis_deID_2014_chunk180.txt
ecg_diagnosis_input_2008_chunk313.txt,,,4,ecg_diagnosis_deID_2008_chunk313.txt
ecg_diagnosis_input_2008_chunk307.txt,,,4,ecg_diagnosis_deID_2008_chunk307.txt
ecg_diagnosis_input_2005_chunk228.txt,,,4,ecg_diagnosis_deID_2005_chunk228.txt
ecg_diagnosis_input_2017_chunk349.txt,,,4,ecg_diagnosis_deID_2017_chunk349.txt
ecg_diagnosis_input_2020_chunk54.txt,,,4,ecg_diagnosis_deID_2020_chunk54.txt
ecg_diagnosis_input_2022_chunk237.txt,,,4,ecg_diagnosis_deID_2022_chunk237.txt
ecg_diagnosis_input_1996_chunk95.txt,,,4,ecg_diagnosis_deID_1996_chunk95.txt
ecg_diagnosis_input_2014_chunk194.txt,,,4,ecg_diagnosis_deID_2014_chunk194.txt
ecg_diagnosis_input_2013_chunk396.txt,,,4,ecg_diagnosis_deID_2013_chunk396.txt
ecg_diagnosis_input_2005_chunk62.txt,,,4,ecg_diagnosis_deID_2005_chunk62.txt
ecg_diagnosis_input_2019_chunk77.txt,,,4,ecg_diagnosis_deID_2019_chunk77.txt
ecg_diagnosis_input_2002_chunk85.txt,,,4,ecg_diagnosis_deID_2002_chunk85.txt
ecg_diagnosis_input_2018_chunk490.txt,,,4,ecg_diagnosis_deID_2018_chunk490.txt
ecg_diagnosis_input_2017_chunk407.txt,,,4,ecg_diagnosis_deID_2017_chunk407.txt
ecg_diagnosis_input_2011_chunk206.txt,,,4,ecg_diagnosis_deID_2011_chunk206.txt
ecg_diagnosis_input_2008_chunk36.txt,,,4,ecg_diagnosis_deID_2008_chunk36.txt
ecg_diagnosis_input_1991_chunk72.txt,,,4,ecg_diagnosis_deID_1991_chunk72.txt
ecg_diagnosis_input_2004_chunk165.txt,,,4,ecg_diagnosis_deID_2004_chunk165.txt
ecg_diagnosis_input_2014_chunk23.txt,,,4,ecg_diagnosis_deID_2014_chunk23.txt
ecg_diagnosis_input_2010_chunk163.txt,,,4,ecg_diagnosis_deID_2010_chunk163.txt
ecg_diagnosis_input_2005_chunk200.txt,,,4,ecg_diagnosis_deID_2005_chunk200.txt
ecg_diagnosis_input_2017_chunk361.txt,,,4,ecg_diagnosis_deID_2017_chunk361.txt
ecg_diagnosis_input_2005_chunk214.txt,,,4,ecg_diagnosis_deID_2005_chunk214.txt
ecg_diagnosis_input_2017_chunk375.txt,,,4,ecg_diagnosis_deID_2017_chunk375.txt
ecg_diagnosis_input_2010_chunk177.txt,,,4,ecg_diagnosis_deID_2010_chunk177.txt
ecg_diagnosis_input_2008_chunk22.txt,,,4,ecg_diagnosis_deID_2008_chunk22.txt
ecg_diagnosis_input_1991_chunk66.txt,,,4,ecg_diagnosis_deID_1991_chunk66.txt
ecg_diagnosis_input_2014_chunk37.txt,,,4,ecg_diagnosis_deID_2014_chunk37.txt
ecg_diagnosis_input_2004_chunk171.txt,,,4,ecg_diagnosis_deID_2004_chunk171.txt
ecg_diagnosis_input_2020_chunk68.txt,,,4,ecg_diagnosis_deID_2020_chunk68.txt
ecg_diagnosis_input_2002_chunk91.txt,,,4,ecg_diagnosis_deID_2002_chunk91.txt
ecg_diagnosis_input_2018_chunk484.txt,,,4,ecg_diagnosis_deID_2018_chunk484.txt
ecg_diagnosis_input_2017_chunk413.txt,,,4,ecg_diagnosis_deID_2017_chunk413.txt
ecg_diagnosis_input_2011_chunk212.txt,,,4,ecg_diagnosis_deID_2011_chunk212.txt
ecg_diagnosis_input_2014_chunk143.txt,,,4,ecg_diagnosis_deID_2014_chunk143.txt
ecg_diagnosis_input_2013_chunk13.txt,,,4,ecg_diagnosis_deID_2013_chunk13.txt
ecg_diagnosis_input_2020_chunk83.txt,,,4,ecg_diagnosis_deID_2020_chunk83.txt
ecg_diagnosis_input_1996_chunk42.txt,,,4,ecg_diagnosis_deID_1996_chunk42.txt
ecg_diagnosis_input_2013_chunk341.txt,,,4,ecg_diagnosis_deID_2013_chunk341.txt
ecg_diagnosis_input_2020_chunk358.txt,,,4,ecg_diagnosis_deID_2020_chunk358.txt
ecg_diagnosis_input_2015_chunk226.txt,,,4,ecg_diagnosis_deID_2015_chunk226.txt
ecg_diagnosis_input_1991_chunk6.txt,,,4,ecg_diagnosis_deID_1991_chunk6.txt
ecg_diagnosis_input_2018_chunk309.txt,,,4,ecg_diagnosis_deID_2018_chunk309.txt
ecg_diagnosis_input_2000_chunk145.txt,,,4,ecg_diagnosis_deID_2000_chunk145.txt
ecg_diagnosis_input_2000_chunk151.txt,,,4,ecg_diagnosis_deID_2000_chunk151.txt
ecg_diagnosis_input_2015_chunk232.txt,,,4,ecg_diagnosis_deID_2015_chunk232.txt
ecg_diagnosis_input_2010_chunk188.txt,,,4,ecg_diagnosis_deID_2010_chunk188.txt
ecg_diagnosis_input_1991_chunk99.txt,,,4,ecg_diagnosis_deID_1991_chunk99.txt
ecg_diagnosis_input_2019_chunk7.txt,,,4,ecg_diagnosis_deID_2019_chunk7.txt
ecg_diagnosis_input_2013_chunk355.txt,,,4,ecg_diagnosis_deID_2013_chunk355.txt
ecg_diagnosis_input_2014_chunk157.txt,,,4,ecg_diagnosis_deID_2014_chunk157.txt
ecg_diagnosis_input_2020_chunk97.txt,,,4,ecg_diagnosis_deID_2020_chunk97.txt
ecg_diagnosis_input_2008_chunk5.txt,,,4,ecg_diagnosis_deID_2008_chunk5.txt
ecg_diagnosis_input_1996_chunk56.txt,,,4,ecg_diagnosis_deID_1996_chunk56.txt
ecg_diagnosis_input_2005_chunk89.txt,,,4,ecg_diagnosis_deID_2005_chunk89.txt
ecg_diagnosis_input_2020_chunk364.txt,,,4,ecg_diagnosis_deID_2020_chunk364.txt
ecg_diagnosis_input_1987_chunk17.txt,,,4,ecg_diagnosis_deID_1987_chunk17.txt
ecg_diagnosis_input_2002_chunk46.txt,,,4,ecg_diagnosis_deID_2002_chunk46.txt
ecg_diagnosis_input_2018_chunk453.txt,,,4,ecg_diagnosis_deID_2018_chunk453.txt
ecg_diagnosis_input_2018_chunk335.txt,,,4,ecg_diagnosis_deID_2018_chunk335.txt
ecg_diagnosis_input_2020_chunk402.txt,,,4,ecg_diagnosis_deID_2020_chunk402.txt
ecg_diagnosis_input_2020_chunk416.txt,,,4,ecg_diagnosis_deID_2020_chunk416.txt
ecg_diagnosis_input_2018_chunk321.txt,,,4,ecg_diagnosis_deID_2018_chunk321.txt
ecg_diagnosis_input_2002_chunk52.txt,,,4,ecg_diagnosis_deID_2002_chunk52.txt
ecg_diagnosis_input_2018_chunk447.txt,,,4,ecg_diagnosis_deID_2018_chunk447.txt
ecg_diagnosis_input_2013_chunk369.txt,,,4,ecg_diagnosis_deID_2013_chunk369.txt
ecg_diagnosis_input_2019_chunk88.txt,,,4,ecg_diagnosis_deID_2019_chunk88.txt
ecg_diagnosis_input_2020_chunk370.txt,,,4,ecg_diagnosis_deID_2020_chunk370.txt
ecg_diagnosis_input_2022_chunk75.txt,,,4,ecg_diagnosis_deID_2022_chunk75.txt
ecg_diagnosis_input_1982_chunk12.txt,,,4,ecg_diagnosis_deID_1982_chunk12.txt
ecg_diagnosis_input_2007_chunk43.txt,,,4,ecg_diagnosis_deID_2007_chunk43.txt
ecg_diagnosis_input_2006_chunk195.txt,,,4,ecg_diagnosis_deID_2006_chunk195.txt
ecg_diagnosis_input_2022_chunk357.txt,,,4,ecg_diagnosis_deID_2022_chunk357.txt
ecg_diagnosis_input_1996_chunk148.txt,,,4,ecg_diagnosis_deID_1996_chunk148.txt
ecg_diagnosis_input_2009_chunk102.txt,,,4,ecg_diagnosis_deID_2009_chunk102.txt
ecg_diagnosis_input_2012_chunk193.txt,,,4,ecg_diagnosis_deID_2012_chunk193.txt
ecg_diagnosis_input_2017_chunk229.txt,,,4,ecg_diagnosis_deID_2017_chunk229.txt
ecg_diagnosis_input_2008_chunk267.txt,,,4,ecg_diagnosis_deID_2008_chunk267.txt
ecg_diagnosis_input_2015_chunk391.txt,,,4,ecg_diagnosis_deID_2015_chunk391.txt
ecg_diagnosis_input_2008_chunk273.txt,,,4,ecg_diagnosis_deID_2008_chunk273.txt
ecg_diagnosis_input_2015_chunk385.txt,,,4,ecg_diagnosis_deID_2015_chunk385.txt
ecg_diagnosis_input_2012_chunk187.txt,,,4,ecg_diagnosis_deID_2012_chunk187.txt
ecg_diagnosis_input_2006_chunk181.txt,,,4,ecg_diagnosis_deID_2006_chunk181.txt
ecg_diagnosis_input_2007_chunk57.txt,,,4,ecg_diagnosis_deID_2007_chunk57.txt
ecg_diagnosis_input_2022_chunk343.txt,,,4,ecg_diagnosis_deID_2022_chunk343.txt
ecg_diagnosis_input_2009_chunk116.txt,,,4,ecg_diagnosis_deID_2009_chunk116.txt
ecg_diagnosis_input_2016_chunk158.txt,,,4,ecg_diagnosis_deID_2016_chunk158.txt
ecg_diagnosis_input_2000_chunk98.txt,,,4,ecg_diagnosis_deID_2000_chunk98.txt
ecg_diagnosis_input_2022_chunk61.txt,,,4,ecg_diagnosis_deID_2022_chunk61.txt
ecg_diagnosis_input_2011_chunk372.txt,,,4,ecg_diagnosis_deID_2011_chunk372.txt
ecg_diagnosis_input_2016_chunk16.txt,,,4,ecg_diagnosis_deID_2016_chunk16.txt
ecg_diagnosis_input_1993_chunk47.txt,,,4,ecg_diagnosis_deID_1993_chunk47.txt
ecg_diagnosis_input_2003_chunk213.txt,,,4,ecg_diagnosis_deID_2003_chunk213.txt
ecg_diagnosis_input_2016_chunk170.txt,,,4,ecg_diagnosis_deID_2016_chunk170.txt
ecg_diagnosis_input_1994_chunk88.txt,,,4,ecg_diagnosis_deID_1994_chunk88.txt
ecg_diagnosis_input_2022_chunk49.txt,,,4,ecg_diagnosis_deID_2022_chunk49.txt
ecg_diagnosis_input_2002_chunk176.txt,,,4,ecg_diagnosis_deID_2002_chunk176.txt
ecg_diagnosis_input_2018_chunk282.txt,,,4,ecg_diagnosis_deID_2018_chunk282.txt
ecg_diagnosis_input_2017_chunk215.txt,,,4,ecg_diagnosis_deID_2017_chunk215.txt
ecg_diagnosis_input_2018_chunk296.txt,,,4,ecg_diagnosis_deID_2018_chunk296.txt
ecg_diagnosis_input_2017_chunk201.txt,,,4,ecg_diagnosis_deID_2017_chunk201.txt
ecg_diagnosis_input_2002_chunk162.txt,,,4,ecg_diagnosis_deID_2002_chunk162.txt
ecg_diagnosis_input_2016_chunk164.txt,,,4,ecg_diagnosis_deID_2016_chunk164.txt
ecg_diagnosis_input_2011_chunk366.txt,,,4,ecg_diagnosis_deID_2011_chunk366.txt
ecg_diagnosis_input_2003_chunk207.txt,,,4,ecg_diagnosis_deID_2003_chunk207.txt
ecg_diagnosis_input_1993_chunk53.txt,,,4,ecg_diagnosis_deID_1993_chunk53.txt
ecg_diagnosis_input_2014_chunk4.txt,,,4,ecg_diagnosis_deID_2014_chunk4.txt
ecg_diagnosis_input_2006_chunk156.txt,,,4,ecg_diagnosis_deID_2006_chunk156.txt
ecg_diagnosis_input_2007_chunk80.txt,,,4,ecg_diagnosis_deID_2007_chunk80.txt
ecg_diagnosis_input_1994_chunk77.txt,,,4,ecg_diagnosis_deID_1994_chunk77.txt
ecg_diagnosis_input_2019_chunk118.txt,,,4,ecg_diagnosis_deID_2019_chunk118.txt
ecg_diagnosis_input_1988_chunk62.txt,,,4,ecg_diagnosis_deID_1988_chunk62.txt
ecg_diagnosis_input_2011_chunk26.txt,,,4,ecg_diagnosis_deID_2011_chunk26.txt
ecg_diagnosis_input_2013_chunk235.txt,,,4,ecg_diagnosis_deID_2013_chunk235.txt
ecg_diagnosis_input_2005_chunk6.txt,,,4,ecg_diagnosis_deID_2005_chunk6.txt
ecg_diagnosis_input_2007_chunk233.txt,,,4,ecg_diagnosis_deID_2007_chunk233.txt
ecg_diagnosis_input_2015_chunk352.txt,,,4,ecg_diagnosis_deID_2015_chunk352.txt
ecg_diagnosis_input_2012_chunk150.txt,,,4,ecg_diagnosis_deID_2012_chunk150.txt
ecg_diagnosis_input_2021_chunk149.txt,,,4,ecg_diagnosis_deID_2021_chunk149.txt
ecg_diagnosis_input_2012_chunk144.txt,,,4,ecg_diagnosis_deID_2012_chunk144.txt
ecg_diagnosis_input_2018_chunk269.txt,,,4,ecg_diagnosis_deID_2018_chunk269.txt
ecg_diagnosis_input_2007_chunk227.txt,,,4,ecg_diagnosis_deID_2007_chunk227.txt
ecg_diagnosis_input_2015_chunk346.txt,,,4,ecg_diagnosis_deID_2015_chunk346.txt
ecg_diagnosis_input_1994_chunk63.txt,,,4,ecg_diagnosis_deID_1994_chunk63.txt
ecg_diagnosis_input_2020_chunk238.txt,,,4,ecg_diagnosis_deID_2020_chunk238.txt
ecg_diagnosis_input_1988_chunk76.txt,,,4,ecg_diagnosis_deID_1988_chunk76.txt
ecg_diagnosis_input_2011_chunk32.txt,,,4,ecg_diagnosis_deID_2011_chunk32.txt
ecg_diagnosis_input_2015_chunk420.txt,,,4,ecg_diagnosis_deID_2015_chunk420.txt
ecg_diagnosis_input_2013_chunk221.txt,,,4,ecg_diagnosis_deID_2013_chunk221.txt
ecg_diagnosis_input_2022_chunk380.txt,,,4,ecg_diagnosis_deID_2022_chunk380.txt
ecg_diagnosis_input_1999_chunk108.txt,,,4,ecg_diagnosis_deID_1999_chunk108.txt
ecg_diagnosis_input_2007_chunk94.txt,,,4,ecg_diagnosis_deID_2007_chunk94.txt
ecg_diagnosis_input_2006_chunk142.txt,,,4,ecg_diagnosis_deID_2006_chunk142.txt
ecg_diagnosis_input_1999_chunk37.txt,,,4,ecg_diagnosis_deID_1999_chunk37.txt
ecg_diagnosis_input_2019_chunk124.txt,,,4,ecg_diagnosis_deID_2019_chunk124.txt
ecg_diagnosis_input_2000_chunk73.txt,,,4,ecg_diagnosis_deID_2000_chunk73.txt
ecg_diagnosis_input_1985_chunk22.txt,,,4,ecg_diagnosis_deID_1985_chunk22.txt
ecg_diagnosis_input_2020_chunk210.txt,,,4,ecg_diagnosis_deID_2020_chunk210.txt
ecg_diagnosis_input_2015_chunk408.txt,,,4,ecg_diagnosis_deID_2015_chunk408.txt
ecg_diagnosis_input_2013_chunk209.txt,,,4,ecg_diagnosis_deID_2013_chunk209.txt
ecg_diagnosis_input_2021_chunk613.txt,,,4,ecg_diagnosis_deID_2021_chunk613.txt
ecg_diagnosis_input_1993_chunk84.txt,,,4,ecg_diagnosis_deID_1993_chunk84.txt
ecg_diagnosis_input_1999_chunk120.txt,,,4,ecg_diagnosis_deID_1999_chunk120.txt
ecg_diagnosis_input_2021_chunk175.txt,,,4,ecg_diagnosis_deID_2021_chunk175.txt
ecg_diagnosis_input_2018_chunk241.txt,,,4,ecg_diagnosis_deID_2018_chunk241.txt
ecg_diagnosis_input_2020_chunk576.txt,,,4,ecg_diagnosis_deID_2020_chunk576.txt
ecg_diagnosis_input_2008_chunk298.txt,,,4,ecg_diagnosis_deID_2008_chunk298.txt
ecg_diagnosis_input_2020_chunk562.txt,,,4,ecg_diagnosis_deID_2020_chunk562.txt
ecg_diagnosis_input_2012_chunk178.txt,,,4,ecg_diagnosis_deID_2012_chunk178.txt
ecg_diagnosis_input_2021_chunk161.txt,,,4,ecg_diagnosis_deID_2021_chunk161.txt
ecg_diagnosis_input_2018_chunk255.txt,,,4,ecg_diagnosis_deID_2018_chunk255.txt
ecg_diagnosis_input_2021_chunk607.txt,,,4,ecg_diagnosis_deID_2021_chunk607.txt
ecg_diagnosis_input_1993_chunk90.txt,,,4,ecg_diagnosis_deID_1993_chunk90.txt
ecg_diagnosis_input_1999_chunk134.txt,,,4,ecg_diagnosis_deID_1999_chunk134.txt
ecg_diagnosis_input_1999_chunk23.txt,,,4,ecg_diagnosis_deID_1999_chunk23.txt
ecg_diagnosis_input_2019_chunk130.txt,,,4,ecg_diagnosis_deID_2019_chunk130.txt
ecg_diagnosis_input_2000_chunk67.txt,,,4,ecg_diagnosis_deID_2000_chunk67.txt
ecg_diagnosis_input_1985_chunk36.txt,,,4,ecg_diagnosis_deID_1985_chunk36.txt
ecg_diagnosis_input_2020_chunk204.txt,,,4,ecg_diagnosis_deID_2020_chunk204.txt
ecg_diagnosis_input_2010_chunk229.txt,,,4,ecg_diagnosis_deID_2010_chunk229.txt
ecg_diagnosis_input_2015_chunk193.txt,,,4,ecg_diagnosis_deID_2015_chunk193.txt
ecg_diagnosis_input_2016_chunk428.txt,,,4,ecg_diagnosis_deID_2016_chunk428.txt
ecg_diagnosis_input_1990_chunk34.txt,,,4,ecg_diagnosis_deID_1990_chunk34.txt
ecg_diagnosis_input_2009_chunk70.txt,,,4,ecg_diagnosis_deID_2009_chunk70.txt
ecg_diagnosis_input_2018_chunk19.txt,,,4,ecg_diagnosis_deID_2018_chunk19.txt
ecg_diagnosis_input_2012_chunk391.txt,,,4,ecg_diagnosis_deID_2012_chunk391.txt
ecg_diagnosis_input_2015_chunk65.txt,,,4,ecg_diagnosis_deID_2015_chunk65.txt
ecg_diagnosis_input_2021_chunk388.txt,,,4,ecg_diagnosis_deID_2021_chunk388.txt
ecg_diagnosis_input_2009_chunk300.txt,,,4,ecg_diagnosis_deID_2009_chunk300.txt
ecg_diagnosis_input_2022_chunk155.txt,,,4,ecg_diagnosis_deID_2022_chunk155.txt
ecg_diagnosis_input_1994_chunk3.txt,,,4,ecg_diagnosis_deID_1994_chunk3.txt
ecg_diagnosis_input_1985_chunk1.txt,,,4,ecg_diagnosis_deID_1985_chunk1.txt
ecg_diagnosis_input_2009_chunk314.txt,,,4,ecg_diagnosis_deID_2009_chunk314.txt
ecg_diagnosis_input_2022_chunk141.txt,,,4,ecg_diagnosis_deID_2022_chunk141.txt
ecg_diagnosis_input_2011_chunk158.txt,,,4,ecg_diagnosis_deID_2011_chunk158.txt
ecg_diagnosis_input_1990_chunk20.txt,,,4,ecg_diagnosis_deID_1990_chunk20.txt
ecg_diagnosis_input_2004_chunk18.txt,,,4,ecg_diagnosis_deID_2004_chunk18.txt
ecg_diagnosis_input_2009_chunk64.txt,,,4,ecg_diagnosis_deID_2009_chunk64.txt
ecg_diagnosis_input_2015_chunk71.txt,,,4,ecg_diagnosis_deID_2015_chunk71.txt
ecg_diagnosis_input_2012_chunk385.txt,,,4,ecg_diagnosis_deID_2012_chunk385.txt
ecg_diagnosis_input_2006_chunk8.txt,,,4,ecg_diagnosis_deID_2006_chunk8.txt
ecg_diagnosis_input_2015_chunk187.txt,,,4,ecg_diagnosis_deID_2015_chunk187.txt
ecg_diagnosis_input_2004_chunk30.txt,,,4,ecg_diagnosis_deID_2004_chunk30.txt
ecg_diagnosis_input_2005_chunk176.txt,,,4,ecg_diagnosis_deID_2005_chunk176.txt
ecg_diagnosis_input_2015_chunk59.txt,,,4,ecg_diagnosis_deID_2015_chunk59.txt
ecg_diagnosis_input_2018_chunk25.txt,,,4,ecg_diagnosis_deID_2018_chunk25.txt
ecg_diagnosis_input_2010_chunk215.txt,,,4,ecg_diagnosis_deID_2010_chunk215.txt
ecg_diagnosis_input_2016_chunk414.txt,,,4,ecg_diagnosis_deID_2016_chunk414.txt
ecg_diagnosis_input_2019_chunk483.txt,,,4,ecg_diagnosis_deID_2019_chunk483.txt
ecg_diagnosis_input_2012_chunk96.txt,,,4,ecg_diagnosis_deID_2012_chunk96.txt
ecg_diagnosis_input_2016_chunk372.txt,,,4,ecg_diagnosis_deID_2016_chunk372.txt
ecg_diagnosis_input_2004_chunk213.txt,,,4,ecg_diagnosis_deID_2004_chunk213.txt
ecg_diagnosis_input_2022_chunk169.txt,,,4,ecg_diagnosis_deID_2022_chunk169.txt
ecg_diagnosis_input_2011_chunk170.txt,,,4,ecg_diagnosis_deID_2011_chunk170.txt
ecg_diagnosis_input_2009_chunk328.txt,,,4,ecg_diagnosis_deID_2009_chunk328.txt
ecg_diagnosis_input_2011_chunk164.txt,,,4,ecg_diagnosis_deID_2011_chunk164.txt
ecg_diagnosis_input_2016_chunk366.txt,,,4,ecg_diagnosis_deID_2016_chunk366.txt
ecg_diagnosis_input_2004_chunk207.txt,,,4,ecg_diagnosis_deID_2004_chunk207.txt
ecg_diagnosis_input_2010_chunk201.txt,,,4,ecg_diagnosis_deID_2010_chunk201.txt
ecg_diagnosis_input_2016_chunk400.txt,,,4,ecg_diagnosis_deID_2016_chunk400.txt
ecg_diagnosis_input_2019_chunk497.txt,,,4,ecg_diagnosis_deID_2019_chunk497.txt
ecg_diagnosis_input_2012_chunk82.txt,,,4,ecg_diagnosis_deID_2012_chunk82.txt
ecg_diagnosis_input_2021_chunk12.txt,,,4,ecg_diagnosis_deID_2021_chunk12.txt
ecg_diagnosis_input_2009_chunk58.txt,,,4,ecg_diagnosis_deID_2009_chunk58.txt
ecg_diagnosis_input_2005_chunk162.txt,,,4,ecg_diagnosis_deID_2005_chunk162.txt
ecg_diagnosis_input_2004_chunk24.txt,,,4,ecg_diagnosis_deID_2004_chunk24.txt
ecg_diagnosis_input_2018_chunk31.txt,,,4,ecg_diagnosis_deID_2018_chunk31.txt
ecg_diagnosis_input_2005_chunk189.txt,,,4,ecg_diagnosis_deID_2005_chunk189.txt
ecg_diagnosis_input_2012_chunk352.txt,,,4,ecg_diagnosis_deID_2012_chunk352.txt
ecg_diagnosis_input_1986_chunk51.txt,,,4,ecg_diagnosis_deID_1986_chunk51.txt
ecg_diagnosis_input_2012_chunk69.txt,,,4,ecg_diagnosis_deID_2012_chunk69.txt
ecg_diagnosis_input_1997_chunk38.txt,,,4,ecg_diagnosis_deID_1997_chunk38.txt
ecg_diagnosis_input_2015_chunk150.txt,,,4,ecg_diagnosis_deID_2015_chunk150.txt
ecg_diagnosis_input_2001_chunk156.txt,,,4,ecg_diagnosis_deID_2001_chunk156.txt
ecg_diagnosis_input_2014_chunk235.txt,,,4,ecg_diagnosis_deID_2014_chunk235.txt
ecg_diagnosis_input_2022_chunk196.txt,,,4,ecg_diagnosis_deID_2022_chunk196.txt
ecg_diagnosis_input_2014_chunk221.txt,,,4,ecg_diagnosis_deID_2014_chunk221.txt
ecg_diagnosis_input_2021_chunk439.txt,,,4,ecg_diagnosis_deID_2021_chunk439.txt
ecg_diagnosis_input_2022_chunk182.txt,,,4,ecg_diagnosis_deID_2022_chunk182.txt
ecg_diagnosis_input_2016_chunk399.txt,,,4,ecg_diagnosis_deID_2016_chunk399.txt
ecg_diagnosis_input_2001_chunk142.txt,,,4,ecg_diagnosis_deID_2001_chunk142.txt
ecg_diagnosis_input_1986_chunk45.txt,,,4,ecg_diagnosis_deID_1986_chunk45.txt
ecg_diagnosis_input_2019_chunk468.txt,,,4,ecg_diagnosis_deID_2019_chunk468.txt
ecg_diagnosis_input_2003_chunk14.txt,,,4,ecg_diagnosis_deID_2003_chunk14.txt
ecg_diagnosis_input_2015_chunk144.txt,,,4,ecg_diagnosis_deID_2015_chunk144.txt
ecg_diagnosis_input_1995_chunk140.txt,,,4,ecg_diagnosis_deID_1995_chunk140.txt
ecg_diagnosis_input_2012_chunk346.txt,,,4,ecg_diagnosis_deID_2012_chunk346.txt
ecg_diagnosis_input_2019_chunk440.txt,,,4,ecg_diagnosis_deID_2019_chunk440.txt
ecg_diagnosis_input_2012_chunk55.txt,,,4,ecg_diagnosis_deID_2012_chunk55.txt
ecg_diagnosis_input_2021_chunk377.txt,,,4,ecg_diagnosis_deID_2021_chunk377.txt
ecg_diagnosis_input_2012_chunk408.txt,,,4,ecg_diagnosis_deID_2012_chunk408.txt
ecg_diagnosis_input_2014_chunk209.txt,,,4,ecg_diagnosis_deID_2014_chunk209.txt
ecg_diagnosis_input_2021_chunk411.txt,,,4,ecg_diagnosis_deID_2021_chunk411.txt
ecg_diagnosis_input_2019_chunk326.txt,,,4,ecg_diagnosis_deID_2019_chunk326.txt
ecg_diagnosis_input_2019_chunk332.txt,,,4,ecg_diagnosis_deID_2019_chunk332.txt
ecg_diagnosis_input_2021_chunk405.txt,,,4,ecg_diagnosis_deID_2021_chunk405.txt
ecg_diagnosis_input_2021_chunk363.txt,,,4,ecg_diagnosis_deID_2021_chunk363.txt
ecg_diagnosis_input_2019_chunk454.txt,,,4,ecg_diagnosis_deID_2019_chunk454.txt
ecg_diagnosis_input_2012_chunk41.txt,,,4,ecg_diagnosis_deID_2012_chunk41.txt
ecg_diagnosis_input_1997_chunk10.txt,,,4,ecg_diagnosis_deID_1997_chunk10.txt
ecg_diagnosis_input_2003_chunk28.txt,,,4,ecg_diagnosis_deID_2003_chunk28.txt
ecg_diagnosis_input_2015_chunk178.txt,,,4,ecg_diagnosis_deID_2015_chunk178.txt
ecg_diagnosis_input_2005_chunk199.txt,,,4,ecg_diagnosis_deID_2005_chunk199.txt
ecg_diagnosis_input_2012_chunk342.txt,,,4,ecg_diagnosis_deID_2012_chunk342.txt
ecg_diagnosis_input_1995_chunk144.txt,,,4,ecg_diagnosis_deID_1995_chunk144.txt
ecg_diagnosis_input_2015_chunk140.txt,,,4,ecg_diagnosis_deID_2015_chunk140.txt
ecg_diagnosis_input_1986_chunk41.txt,,,4,ecg_diagnosis_deID_1986_chunk41.txt
ecg_diagnosis_input_2012_chunk79.txt,,,4,ecg_diagnosis_deID_2012_chunk79.txt
ecg_diagnosis_input_2003_chunk10.txt,,,4,ecg_diagnosis_deID_2003_chunk10.txt
ecg_diagnosis_input_1997_chunk28.txt,,,4,ecg_diagnosis_deID_1997_chunk28.txt
ecg_diagnosis_input_2001_chunk146.txt,,,4,ecg_diagnosis_deID_2001_chunk146.txt
ecg_diagnosis_input_2022_chunk186.txt,,,4,ecg_diagnosis_deID_2022_chunk186.txt
ecg_diagnosis_input_2014_chunk225.txt,,,4,ecg_diagnosis_deID_2014_chunk225.txt
ecg_diagnosis_input_2021_chunk429.txt,,,4,ecg_diagnosis_deID_2021_chunk429.txt
ecg_diagnosis_input_2022_chunk192.txt,,,4,ecg_diagnosis_deID_2022_chunk192.txt
ecg_diagnosis_input_2014_chunk231.txt,,,4,ecg_diagnosis_deID_2014_chunk231.txt
ecg_diagnosis_input_2016_chunk389.txt,,,4,ecg_diagnosis_deID_2016_chunk389.txt
ecg_diagnosis_input_2001_chunk152.txt,,,4,ecg_diagnosis_deID_2001_chunk152.txt
ecg_diagnosis_input_2015_chunk154.txt,,,4,ecg_diagnosis_deID_2015_chunk154.txt
ecg_diagnosis_input_2019_chunk478.txt,,,4,ecg_diagnosis_deID_2019_chunk478.txt
ecg_diagnosis_input_1986_chunk55.txt,,,4,ecg_diagnosis_deID_1986_chunk55.txt
ecg_diagnosis_input_2012_chunk356.txt,,,4,ecg_diagnosis_deID_2012_chunk356.txt
ecg_diagnosis_input_1995_chunk150.txt,,,4,ecg_diagnosis_deID_1995_chunk150.txt
ecg_diagnosis_input_2012_chunk45.txt,,,4,ecg_diagnosis_deID_2012_chunk45.txt
ecg_diagnosis_input_2019_chunk450.txt,,,4,ecg_diagnosis_deID_2019_chunk450.txt
ecg_diagnosis_input_1997_chunk14.txt,,,4,ecg_diagnosis_deID_1997_chunk14.txt
ecg_diagnosis_input_2021_chunk367.txt,,,4,ecg_diagnosis_deID_2021_chunk367.txt
ecg_diagnosis_input_2021_chunk401.txt,,,4,ecg_diagnosis_deID_2021_chunk401.txt
ecg_diagnosis_input_2012_chunk418.txt,,,4,ecg_diagnosis_deID_2012_chunk418.txt
ecg_diagnosis_input_2014_chunk219.txt,,,4,ecg_diagnosis_deID_2014_chunk219.txt
ecg_diagnosis_input_2019_chunk336.txt,,,4,ecg_diagnosis_deID_2019_chunk336.txt
ecg_diagnosis_input_2019_chunk322.txt,,,4,ecg_diagnosis_deID_2019_chunk322.txt
ecg_diagnosis_input_2021_chunk415.txt,,,4,ecg_diagnosis_deID_2021_chunk415.txt
ecg_diagnosis_input_2021_chunk373.txt,,,4,ecg_diagnosis_deID_2021_chunk373.txt
ecg_diagnosis_input_2015_chunk168.txt,,,4,ecg_diagnosis_deID_2015_chunk168.txt
ecg_diagnosis_input_2012_chunk51.txt,,,4,ecg_diagnosis_deID_2012_chunk51.txt
ecg_diagnosis_input_2019_chunk444.txt,,,4,ecg_diagnosis_deID_2019_chunk444.txt
ecg_diagnosis_input_2003_chunk38.txt,,,4,ecg_diagnosis_deID_2003_chunk38.txt
ecg_diagnosis_input_2010_chunk239.txt,,,4,ecg_diagnosis_deID_2010_chunk239.txt
ecg_diagnosis_input_2015_chunk183.txt,,,4,ecg_diagnosis_deID_2015_chunk183.txt
ecg_diagnosis_input_2016_chunk438.txt,,,4,ecg_diagnosis_deID_2016_chunk438.txt
ecg_diagnosis_input_2021_chunk398.txt,,,4,ecg_diagnosis_deID_2021_chunk398.txt
ecg_diagnosis_input_2009_chunk60.txt,,,4,ecg_diagnosis_deID_2009_chunk60.txt
ecg_diagnosis_input_1990_chunk24.txt,,,4,ecg_diagnosis_deID_1990_chunk24.txt
ecg_diagnosis_input_2012_chunk381.txt,,,4,ecg_diagnosis_deID_2012_chunk381.txt
ecg_diagnosis_input_2015_chunk75.txt,,,4,ecg_diagnosis_deID_2015_chunk75.txt
ecg_diagnosis_input_2022_chunk145.txt,,,4,ecg_diagnosis_deID_2022_chunk145.txt
ecg_diagnosis_input_2009_chunk310.txt,,,4,ecg_diagnosis_deID_2009_chunk310.txt
ecg_diagnosis_input_1985_chunk5.txt,,,4,ecg_diagnosis_deID_1985_chunk5.txt
ecg_diagnosis_input_1994_chunk7.txt,,,4,ecg_diagnosis_deID_1994_chunk7.txt
ecg_diagnosis_input_2011_chunk148.txt,,,4,ecg_diagnosis_deID_2011_chunk148.txt
ecg_diagnosis_input_2022_chunk151.txt,,,4,ecg_diagnosis_deID_2022_chunk151.txt
ecg_diagnosis_input_2009_chunk304.txt,,,4,ecg_diagnosis_deID_2009_chunk304.txt
ecg_diagnosis_input_2009_chunk74.txt,,,4,ecg_diagnosis_deID_2009_chunk74.txt
ecg_diagnosis_input_1990_chunk30.txt,,,4,ecg_diagnosis_deID_1990_chunk30.txt
ecg_diagnosis_input_2015_chunk61.txt,,,4,ecg_diagnosis_deID_2015_chunk61.txt
ecg_diagnosis_input_2012_chunk395.txt,,,4,ecg_diagnosis_deID_2012_chunk395.txt
ecg_diagnosis_input_2015_chunk197.txt,,,4,ecg_diagnosis_deID_2015_chunk197.txt
ecg_diagnosis_input_2004_chunk20.txt,,,4,ecg_diagnosis_deID_2004_chunk20.txt
ecg_diagnosis_input_2005_chunk166.txt,,,4,ecg_diagnosis_deID_2005_chunk166.txt
ecg_diagnosis_input_1990_chunk18.txt,,,4,ecg_diagnosis_deID_1990_chunk18.txt
ecg_diagnosis_input_2018_chunk35.txt,,,4,ecg_diagnosis_deID_2018_chunk35.txt
ecg_diagnosis_input_2015_chunk49.txt,,,4,ecg_diagnosis_deID_2015_chunk49.txt
ecg_diagnosis_input_2021_chunk16.txt,,,4,ecg_diagnosis_deID_2021_chunk16.txt
ecg_diagnosis_input_2012_chunk86.txt,,,4,ecg_diagnosis_deID_2012_chunk86.txt
ecg_diagnosis_input_2019_chunk493.txt,,,4,ecg_diagnosis_deID_2019_chunk493.txt
ecg_diagnosis_input_2010_chunk205.txt,,,4,ecg_diagnosis_deID_2010_chunk205.txt
ecg_diagnosis_input_2016_chunk404.txt,,,4,ecg_diagnosis_deID_2016_chunk404.txt
ecg_diagnosis_input_2016_chunk362.txt,,,4,ecg_diagnosis_deID_2016_chunk362.txt
ecg_diagnosis_input_2004_chunk203.txt,,,4,ecg_diagnosis_deID_2004_chunk203.txt
ecg_diagnosis_input_2011_chunk160.txt,,,4,ecg_diagnosis_deID_2011_chunk160.txt
ecg_diagnosis_input_2022_chunk179.txt,,,4,ecg_diagnosis_deID_2022_chunk179.txt
ecg_diagnosis_input_2011_chunk174.txt,,,4,ecg_diagnosis_deID_2011_chunk174.txt
ecg_diagnosis_input_2009_chunk338.txt,,,4,ecg_diagnosis_deID_2009_chunk338.txt
ecg_diagnosis_input_2016_chunk376.txt,,,4,ecg_diagnosis_deID_2016_chunk376.txt
ecg_diagnosis_input_2004_chunk217.txt,,,4,ecg_diagnosis_deID_2004_chunk217.txt
ecg_diagnosis_input_2012_chunk92.txt,,,4,ecg_diagnosis_deID_2012_chunk92.txt
ecg_diagnosis_input_2019_chunk487.txt,,,4,ecg_diagnosis_deID_2019_chunk487.txt
ecg_diagnosis_input_2010_chunk211.txt,,,4,ecg_diagnosis_deID_2010_chunk211.txt
ecg_diagnosis_input_2016_chunk410.txt,,,4,ecg_diagnosis_deID_2016_chunk410.txt
ecg_diagnosis_input_2005_chunk172.txt,,,4,ecg_diagnosis_deID_2005_chunk172.txt
ecg_diagnosis_input_2004_chunk34.txt,,,4,ecg_diagnosis_deID_2004_chunk34.txt
ecg_diagnosis_input_2009_chunk48.txt,,,4,ecg_diagnosis_deID_2009_chunk48.txt
ecg_diagnosis_input_2018_chunk21.txt,,,4,ecg_diagnosis_deID_2018_chunk21.txt
ecg_diagnosis_input_2006_chunk146.txt,,,4,ecg_diagnosis_deID_2006_chunk146.txt
ecg_diagnosis_input_2007_chunk90.txt,,,4,ecg_diagnosis_deID_2007_chunk90.txt
ecg_diagnosis_input_2022_chunk384.txt,,,4,ecg_diagnosis_deID_2022_chunk384.txt
ecg_diagnosis_input_2015_chunk424.txt,,,4,ecg_diagnosis_deID_2015_chunk424.txt
ecg_diagnosis_input_2013_chunk225.txt,,,4,ecg_diagnosis_deID_2013_chunk225.txt
ecg_diagnosis_input_1994_chunk67.txt,,,4,ecg_diagnosis_deID_1994_chunk67.txt
ecg_diagnosis_input_2019_chunk108.txt,,,4,ecg_diagnosis_deID_2019_chunk108.txt
ecg_diagnosis_input_2011_chunk36.txt,,,4,ecg_diagnosis_deID_2011_chunk36.txt
ecg_diagnosis_input_1988_chunk72.txt,,,4,ecg_diagnosis_deID_1988_chunk72.txt
ecg_diagnosis_input_1997_chunk9.txt,,,4,ecg_diagnosis_deID_1997_chunk9.txt
ecg_diagnosis_input_2007_chunk223.txt,,,4,ecg_diagnosis_deID_2007_chunk223.txt
ecg_diagnosis_input_2015_chunk342.txt,,,4,ecg_diagnosis_deID_2015_chunk342.txt
ecg_diagnosis_input_2021_chunk159.txt,,,4,ecg_diagnosis_deID_2021_chunk159.txt
ecg_diagnosis_input_2012_chunk140.txt,,,4,ecg_diagnosis_deID_2012_chunk140.txt
ecg_diagnosis_input_2018_chunk279.txt,,,4,ecg_diagnosis_deID_2018_chunk279.txt
ecg_diagnosis_input_2012_chunk154.txt,,,4,ecg_diagnosis_deID_2012_chunk154.txt
ecg_diagnosis_input_2007_chunk237.txt,,,4,ecg_diagnosis_deID_2007_chunk237.txt
ecg_diagnosis_input_2015_chunk356.txt,,,4,ecg_diagnosis_deID_2015_chunk356.txt
ecg_diagnosis_input_2005_chunk2.txt,,,4,ecg_diagnosis_deID_2005_chunk2.txt
ecg_diagnosis_input_2013_chunk231.txt,,,4,ecg_diagnosis_deID_2013_chunk231.txt
ecg_diagnosis_input_1994_chunk73.txt,,,4,ecg_diagnosis_deID_1994_chunk73.txt
ecg_diagnosis_input_2011_chunk22.txt,,,4,ecg_diagnosis_deID_2011_chunk22.txt
ecg_diagnosis_input_2020_chunk228.txt,,,4,ecg_diagnosis_deID_2020_chunk228.txt
ecg_diagnosis_input_1988_chunk66.txt,,,4,ecg_diagnosis_deID_1988_chunk66.txt
ecg_diagnosis_input_2007_chunk84.txt,,,4,ecg_diagnosis_deID_2007_chunk84.txt
ecg_diagnosis_input_2006_chunk152.txt,,,4,ecg_diagnosis_deID_2006_chunk152.txt
ecg_diagnosis_input_1999_chunk118.txt,,,4,ecg_diagnosis_deID_1999_chunk118.txt
ecg_diagnosis_input_2022_chunk390.txt,,,4,ecg_diagnosis_deID_2022_chunk390.txt
ecg_diagnosis_input_2015_chunk418.txt,,,4,ecg_diagnosis_deID_2015_chunk418.txt
ecg_diagnosis_input_2013_chunk219.txt,,,4,ecg_diagnosis_deID_2013_chunk219.txt
ecg_diagnosis_input_2000_chunk63.txt,,,4,ecg_diagnosis_deID_2000_chunk63.txt
ecg_diagnosis_input_2019_chunk134.txt,,,4,ecg_diagnosis_deID_2019_chunk134.txt
ecg_diagnosis_input_1999_chunk27.txt,,,4,ecg_diagnosis_deID_1999_chunk27.txt
ecg_diagnosis_input_2020_chunk200.txt,,,4,ecg_diagnosis_deID_2020_chunk200.txt
ecg_diagnosis_input_1985_chunk32.txt,,,4,ecg_diagnosis_deID_1985_chunk32.txt
ecg_diagnosis_input_1999_chunk130.txt,,,4,ecg_diagnosis_deID_1999_chunk130.txt
ecg_diagnosis_input_1993_chunk94.txt,,,4,ecg_diagnosis_deID_1993_chunk94.txt
ecg_diagnosis_input_2021_chunk603.txt,,,4,ecg_diagnosis_deID_2021_chunk603.txt
ecg_diagnosis_input_2021_chunk165.txt,,,4,ecg_diagnosis_deID_2021_chunk165.txt
ecg_diagnosis_input_2018_chunk251.txt,,,4,ecg_diagnosis_deID_2018_chunk251.txt
ecg_diagnosis_input_2020_chunk566.txt,,,4,ecg_diagnosis_deID_2020_chunk566.txt
ecg_diagnosis_input_2008_chunk288.txt,,,4,ecg_diagnosis_deID_2008_chunk288.txt
ecg_diagnosis_input_2020_chunk572.txt,,,4,ecg_diagnosis_deID_2020_chunk572.txt
ecg_diagnosis_input_2021_chunk171.txt,,,4,ecg_diagnosis_deID_2021_chunk171.txt
ecg_diagnosis_input_2018_chunk245.txt,,,4,ecg_diagnosis_deID_2018_chunk245.txt
ecg_diagnosis_input_2012_chunk168.txt,,,4,ecg_diagnosis_deID_2012_chunk168.txt
ecg_diagnosis_input_1999_chunk124.txt,,,4,ecg_diagnosis_deID_1999_chunk124.txt
ecg_diagnosis_input_1993_chunk80.txt,,,4,ecg_diagnosis_deID_1993_chunk80.txt
ecg_diagnosis_input_2021_chunk617.txt,,,4,ecg_diagnosis_deID_2021_chunk617.txt
ecg_diagnosis_input_2000_chunk77.txt,,,4,ecg_diagnosis_deID_2000_chunk77.txt
ecg_diagnosis_input_2019_chunk120.txt,,,4,ecg_diagnosis_deID_2019_chunk120.txt
ecg_diagnosis_input_1999_chunk33.txt,,,4,ecg_diagnosis_deID_1999_chunk33.txt
ecg_diagnosis_input_2020_chunk214.txt,,,4,ecg_diagnosis_deID_2020_chunk214.txt
ecg_diagnosis_input_1985_chunk26.txt,,,4,ecg_diagnosis_deID_1985_chunk26.txt
ecg_diagnosis_input_2022_chunk65.txt,,,4,ecg_diagnosis_deID_2022_chunk65.txt
ecg_diagnosis_input_2009_chunk112.txt,,,4,ecg_diagnosis_deID_2009_chunk112.txt
ecg_diagnosis_input_2022_chunk347.txt,,,4,ecg_diagnosis_deID_2022_chunk347.txt
ecg_diagnosis_input_2007_chunk53.txt,,,4,ecg_diagnosis_deID_2007_chunk53.txt
ecg_diagnosis_input_2006_chunk185.txt,,,4,ecg_diagnosis_deID_2006_chunk185.txt
ecg_diagnosis_input_2012_chunk183.txt,,,4,ecg_diagnosis_deID_2012_chunk183.txt
ecg_diagnosis_input_2017_chunk239.txt,,,4,ecg_diagnosis_deID_2017_chunk239.txt
ecg_diagnosis_input_2015_chunk381.txt,,,4,ecg_diagnosis_deID_2015_chunk381.txt
ecg_diagnosis_input_2008_chunk277.txt,,,4,ecg_diagnosis_deID_2008_chunk277.txt
ecg_diagnosis_input_2015_chunk395.txt,,,4,ecg_diagnosis_deID_2015_chunk395.txt
ecg_diagnosis_input_2008_chunk263.txt,,,4,ecg_diagnosis_deID_2008_chunk263.txt
ecg_diagnosis_input_2012_chunk197.txt,,,4,ecg_diagnosis_deID_2012_chunk197.txt
ecg_diagnosis_input_2009_chunk106.txt,,,4,ecg_diagnosis_deID_2009_chunk106.txt
ecg_diagnosis_input_2022_chunk353.txt,,,4,ecg_diagnosis_deID_2022_chunk353.txt
ecg_diagnosis_input_1982_chunk16.txt,,,4,ecg_diagnosis_deID_1982_chunk16.txt
ecg_diagnosis_input_2006_chunk191.txt,,,4,ecg_diagnosis_deID_2006_chunk191.txt
ecg_diagnosis_input_2007_chunk47.txt,,,4,ecg_diagnosis_deID_2007_chunk47.txt
ecg_diagnosis_input_2000_chunk88.txt,,,4,ecg_diagnosis_deID_2000_chunk88.txt
ecg_diagnosis_input_2022_chunk71.txt,,,4,ecg_diagnosis_deID_2022_chunk71.txt
ecg_diagnosis_input_1989_chunk102.txt,,,4,ecg_diagnosis_deID_1989_chunk102.txt
ecg_diagnosis_input_2016_chunk148.txt,,,4,ecg_diagnosis_deID_2016_chunk148.txt
ecg_diagnosis_input_2011_chunk362.txt,,,4,ecg_diagnosis_deID_2011_chunk362.txt
ecg_diagnosis_input_1993_chunk57.txt,,,4,ecg_diagnosis_deID_1993_chunk57.txt
ecg_diagnosis_input_2003_chunk203.txt,,,4,ecg_diagnosis_deID_2003_chunk203.txt
ecg_diagnosis_input_1994_chunk98.txt,,,4,ecg_diagnosis_deID_1994_chunk98.txt
ecg_diagnosis_input_2022_chunk59.txt,,,4,ecg_diagnosis_deID_2022_chunk59.txt
ecg_diagnosis_input_2016_chunk160.txt,,,4,ecg_diagnosis_deID_2016_chunk160.txt
ecg_diagnosis_input_2002_chunk166.txt,,,4,ecg_diagnosis_deID_2002_chunk166.txt
ecg_diagnosis_input_2017_chunk205.txt,,,4,ecg_diagnosis_deID_2017_chunk205.txt
ecg_diagnosis_input_2018_chunk292.txt,,,4,ecg_diagnosis_deID_2018_chunk292.txt
ecg_diagnosis_input_2017_chunk211.txt,,,4,ecg_diagnosis_deID_2017_chunk211.txt
ecg_diagnosis_input_2018_chunk286.txt,,,4,ecg_diagnosis_deID_2018_chunk286.txt
ecg_diagnosis_input_2002_chunk172.txt,,,4,ecg_diagnosis_deID_2002_chunk172.txt
ecg_diagnosis_input_2016_chunk174.txt,,,4,ecg_diagnosis_deID_2016_chunk174.txt
ecg_diagnosis_input_2016_chunk12.txt,,,4,ecg_diagnosis_deID_2016_chunk12.txt
ecg_diagnosis_input_2011_chunk376.txt,,,4,ecg_diagnosis_deID_2011_chunk376.txt
ecg_diagnosis_input_2003_chunk217.txt,,,4,ecg_diagnosis_deID_2003_chunk217.txt
ecg_diagnosis_input_1993_chunk43.txt,,,4,ecg_diagnosis_deID_1993_chunk43.txt
ecg_diagnosis_input_2008_chunk1.txt,,,4,ecg_diagnosis_deID_2008_chunk1.txt
ecg_diagnosis_input_2020_chunk93.txt,,,4,ecg_diagnosis_deID_2020_chunk93.txt
ecg_diagnosis_input_1996_chunk52.txt,,,4,ecg_diagnosis_deID_1996_chunk52.txt
ecg_diagnosis_input_2014_chunk153.txt,,,4,ecg_diagnosis_deID_2014_chunk153.txt
ecg_diagnosis_input_2003_chunk9.txt,,,4,ecg_diagnosis_deID_2003_chunk9.txt
ecg_diagnosis_input_2020_chunk348.txt,,,4,ecg_diagnosis_deID_2020_chunk348.txt
ecg_diagnosis_input_2013_chunk351.txt,,,4,ecg_diagnosis_deID_2013_chunk351.txt
ecg_diagnosis_input_2019_chunk3.txt,,,4,ecg_diagnosis_deID_2019_chunk3.txt
ecg_diagnosis_input_2015_chunk236.txt,,,4,ecg_diagnosis_deID_2015_chunk236.txt
ecg_diagnosis_input_2000_chunk155.txt,,,4,ecg_diagnosis_deID_2000_chunk155.txt
ecg_diagnosis_input_2018_chunk319.txt,,,4,ecg_diagnosis_deID_2018_chunk319.txt
ecg_diagnosis_input_2000_chunk141.txt,,,4,ecg_diagnosis_deID_2000_chunk141.txt
ecg_diagnosis_input_1991_chunk2.txt,,,4,ecg_diagnosis_deID_1991_chunk2.txt
ecg_diagnosis_input_2015_chunk222.txt,,,4,ecg_diagnosis_deID_2015_chunk222.txt
ecg_diagnosis_input_2010_chunk198.txt,,,4,ecg_diagnosis_deID_2010_chunk198.txt
ecg_diagnosis_input_1994_chunk143.txt,,,4,ecg_diagnosis_deID_1994_chunk143.txt
ecg_diagnosis_input_1991_chunk89.txt,,,4,ecg_diagnosis_deID_1991_chunk89.txt
ecg_diagnosis_input_2013_chunk345.txt,,,4,ecg_diagnosis_deID_2013_chunk345.txt
ecg_diagnosis_input_2020_chunk87.txt,,,4,ecg_diagnosis_deID_2020_chunk87.txt
ecg_diagnosis_input_2013_chunk17.txt,,,4,ecg_diagnosis_deID_2013_chunk17.txt
ecg_diagnosis_input_1996_chunk46.txt,,,4,ecg_diagnosis_deID_1996_chunk46.txt
ecg_diagnosis_input_2014_chunk147.txt,,,4,ecg_diagnosis_deID_2014_chunk147.txt
ecg_diagnosis_input_2020_chunk374.txt,,,4,ecg_diagnosis_deID_2020_chunk374.txt
ecg_diagnosis_input_2005_chunk99.txt,,,4,ecg_diagnosis_deID_2005_chunk99.txt
ecg_diagnosis_input_2018_chunk443.txt,,,4,ecg_diagnosis_deID_2018_chunk443.txt
ecg_diagnosis_input_2002_chunk56.txt,,,4,ecg_diagnosis_deID_2002_chunk56.txt
ecg_diagnosis_input_2018_chunk325.txt,,,4,ecg_diagnosis_deID_2018_chunk325.txt
ecg_diagnosis_input_2020_chunk412.txt,,,4,ecg_diagnosis_deID_2020_chunk412.txt
ecg_diagnosis_input_2020_chunk406.txt,,,4,ecg_diagnosis_deID_2020_chunk406.txt
ecg_diagnosis_input_2018_chunk331.txt,,,4,ecg_diagnosis_deID_2018_chunk331.txt
ecg_diagnosis_input_1987_chunk13.txt,,,4,ecg_diagnosis_deID_1987_chunk13.txt
ecg_diagnosis_input_2018_chunk457.txt,,,4,ecg_diagnosis_deID_2018_chunk457.txt
ecg_diagnosis_input_2002_chunk42.txt,,,4,ecg_diagnosis_deID_2002_chunk42.txt
ecg_diagnosis_input_2020_chunk360.txt,,,4,ecg_diagnosis_deID_2020_chunk360.txt
ecg_diagnosis_input_2013_chunk379.txt,,,4,ecg_diagnosis_deID_2013_chunk379.txt
ecg_diagnosis_input_2019_chunk98.txt,,,4,ecg_diagnosis_deID_2019_chunk98.txt
ecg_diagnosis_input_2005_chunk66.txt,,,4,ecg_diagnosis_deID_2005_chunk66.txt
ecg_diagnosis_input_2013_chunk392.txt,,,4,ecg_diagnosis_deID_2013_chunk392.txt
ecg_diagnosis_input_2004_chunk149.txt,,,4,ecg_diagnosis_deID_2004_chunk149.txt
ecg_diagnosis_input_2019_chunk73.txt,,,4,ecg_diagnosis_deID_2019_chunk73.txt
ecg_diagnosis_input_2014_chunk190.txt,,,4,ecg_diagnosis_deID_2014_chunk190.txt
ecg_diagnosis_input_2020_chunk50.txt,,,4,ecg_diagnosis_deID_2020_chunk50.txt
ecg_diagnosis_input_1996_chunk91.txt,,,4,ecg_diagnosis_deID_1996_chunk91.txt
ecg_diagnosis_input_2022_chunk233.txt,,,4,ecg_diagnosis_deID_2022_chunk233.txt
ecg_diagnosis_input_2008_chunk303.txt,,,4,ecg_diagnosis_deID_2008_chunk303.txt
ecg_diagnosis_input_2008_chunk317.txt,,,4,ecg_diagnosis_deID_2008_chunk317.txt
ecg_diagnosis_input_2005_chunk238.txt,,,4,ecg_diagnosis_deID_2005_chunk238.txt
ecg_diagnosis_input_2017_chunk359.txt,,,4,ecg_diagnosis_deID_2017_chunk359.txt
ecg_diagnosis_input_2014_chunk184.txt,,,4,ecg_diagnosis_deID_2014_chunk184.txt
ecg_diagnosis_input_2020_chunk44.txt,,,4,ecg_diagnosis_deID_2020_chunk44.txt
ecg_diagnosis_input_1996_chunk85.txt,,,4,ecg_diagnosis_deID_1996_chunk85.txt
ecg_diagnosis_input_2022_chunk227.txt,,,4,ecg_diagnosis_deID_2022_chunk227.txt
ecg_diagnosis_input_2013_chunk386.txt,,,4,ecg_diagnosis_deID_2013_chunk386.txt
ecg_diagnosis_input_2005_chunk72.txt,,,4,ecg_diagnosis_deID_2005_chunk72.txt
ecg_diagnosis_input_2019_chunk67.txt,,,4,ecg_diagnosis_deID_2019_chunk67.txt
ecg_diagnosis_input_2017_chunk417.txt,,,4,ecg_diagnosis_deID_2017_chunk417.txt
ecg_diagnosis_input_2011_chunk216.txt,,,4,ecg_diagnosis_deID_2011_chunk216.txt
ecg_diagnosis_input_2018_chunk480.txt,,,4,ecg_diagnosis_deID_2018_chunk480.txt
ecg_diagnosis_input_2002_chunk95.txt,,,4,ecg_diagnosis_deID_2002_chunk95.txt
ecg_diagnosis_input_1991_chunk62.txt,,,4,ecg_diagnosis_deID_1991_chunk62.txt
ecg_diagnosis_input_2008_chunk26.txt,,,4,ecg_diagnosis_deID_2008_chunk26.txt
ecg_diagnosis_input_2004_chunk175.txt,,,4,ecg_diagnosis_deID_2004_chunk175.txt
ecg_diagnosis_input_2014_chunk33.txt,,,4,ecg_diagnosis_deID_2014_chunk33.txt
ecg_diagnosis_input_2010_chunk173.txt,,,4,ecg_diagnosis_deID_2010_chunk173.txt
ecg_diagnosis_input_2005_chunk210.txt,,,4,ecg_diagnosis_deID_2005_chunk210.txt
ecg_diagnosis_input_2017_chunk371.txt,,,4,ecg_diagnosis_deID_2017_chunk371.txt
ecg_diagnosis_input_2005_chunk204.txt,,,4,ecg_diagnosis_deID_2005_chunk204.txt
ecg_diagnosis_input_2017_chunk365.txt,,,4,ecg_diagnosis_deID_2017_chunk365.txt
ecg_diagnosis_input_2010_chunk167.txt,,,4,ecg_diagnosis_deID_2010_chunk167.txt
ecg_diagnosis_input_1991_chunk76.txt,,,4,ecg_diagnosis_deID_1991_chunk76.txt
ecg_diagnosis_input_2008_chunk32.txt,,,4,ecg_diagnosis_deID_2008_chunk32.txt
ecg_diagnosis_input_2014_chunk27.txt,,,4,ecg_diagnosis_deID_2014_chunk27.txt
ecg_diagnosis_input_2004_chunk161.txt,,,4,ecg_diagnosis_deID_2004_chunk161.txt
ecg_diagnosis_input_2017_chunk403.txt,,,4,ecg_diagnosis_deID_2017_chunk403.txt
ecg_diagnosis_input_2011_chunk202.txt,,,4,ecg_diagnosis_deID_2011_chunk202.txt
ecg_diagnosis_input_2020_chunk78.txt,,,4,ecg_diagnosis_deID_2020_chunk78.txt
ecg_diagnosis_input_2018_chunk494.txt,,,4,ecg_diagnosis_deID_2018_chunk494.txt
ecg_diagnosis_input_2002_chunk81.txt,,,4,ecg_diagnosis_deID_2002_chunk81.txt
ecg_diagnosis_input_1998_chunk61.txt,,,4,ecg_diagnosis_deID_1998_chunk61.txt
ecg_diagnosis_input_2001_chunk25.txt,,,4,ecg_diagnosis_deID_2001_chunk25.txt
ecg_diagnosis_input_2012_chunk236.txt,,,4,ecg_diagnosis_deID_2012_chunk236.txt
ecg_diagnosis_input_2014_chunk437.txt,,,4,ecg_diagnosis_deID_2014_chunk437.txt
ecg_diagnosis_input_2019_chunk518.txt,,,4,ecg_diagnosis_deID_2019_chunk518.txt
ecg_diagnosis_input_2017_chunk83.txt,,,4,ecg_diagnosis_deID_2017_chunk83.txt
ecg_diagnosis_input_2007_chunk155.txt,,,4,ecg_diagnosis_deID_2007_chunk155.txt
ecg_diagnosis_input_2013_chunk153.txt,,,4,ecg_diagnosis_deID_2013_chunk153.txt
ecg_diagnosis_input_2014_chunk351.txt,,,4,ecg_diagnosis_deID_2014_chunk351.txt
ecg_diagnosis_input_2006_chunk230.txt,,,4,ecg_diagnosis_deID_2006_chunk230.txt
ecg_diagnosis_input_2021_chunk549.txt,,,4,ecg_diagnosis_deID_2021_chunk549.txt
ecg_diagnosis_input_2014_chunk345.txt,,,4,ecg_diagnosis_deID_2014_chunk345.txt
ecg_diagnosis_input_2006_chunk224.txt,,,4,ecg_diagnosis_deID_2006_chunk224.txt
ecg_diagnosis_input_2013_chunk147.txt,,,4,ecg_diagnosis_deID_2013_chunk147.txt
ecg_diagnosis_input_2007_chunk141.txt,,,4,ecg_diagnosis_deID_2007_chunk141.txt
ecg_diagnosis_input_2017_chunk97.txt,,,4,ecg_diagnosis_deID_2017_chunk97.txt
ecg_diagnosis_input_1998_chunk75.txt,,,4,ecg_diagnosis_deID_1998_chunk75.txt
ecg_diagnosis_input_2001_chunk31.txt,,,4,ecg_diagnosis_deID_2001_chunk31.txt
ecg_diagnosis_input_2010_chunk58.txt,,,4,ecg_diagnosis_deID_2010_chunk58.txt
ecg_diagnosis_input_2017_chunk198.txt,,,4,ecg_diagnosis_deID_2017_chunk198.txt
ecg_diagnosis_input_2012_chunk222.txt,,,4,ecg_diagnosis_deID_2012_chunk222.txt
ecg_diagnosis_input_2014_chunk423.txt,,,4,ecg_diagnosis_deID_2014_chunk423.txt
ecg_diagnosis_input_2019_chunk524.txt,,,4,ecg_diagnosis_deID_2019_chunk524.txt
ecg_diagnosis_input_2007_chunk169.txt,,,4,ecg_diagnosis_deID_2007_chunk169.txt
ecg_diagnosis_input_1998_chunk123.txt,,,4,ecg_diagnosis_deID_1998_chunk123.txt
ecg_diagnosis_input_2001_chunk19.txt,,,4,ecg_diagnosis_deID_2001_chunk19.txt
ecg_diagnosis_input_1995_chunk21.txt,,,4,ecg_diagnosis_deID_1995_chunk21.txt
ecg_diagnosis_input_2021_chunk213.txt,,,4,ecg_diagnosis_deID_2021_chunk213.txt
ecg_diagnosis_input_1989_chunk34.txt,,,4,ecg_diagnosis_deID_1989_chunk34.txt
ecg_diagnosis_input_1984_chunk48.txt,,,4,ecg_diagnosis_deID_1984_chunk48.txt
ecg_diagnosis_input_2010_chunk70.txt,,,4,ecg_diagnosis_deID_2010_chunk70.txt
ecg_diagnosis_input_2018_chunk127.txt,,,4,ecg_diagnosis_deID_2018_chunk127.txt
ecg_diagnosis_input_2021_chunk575.txt,,,4,ecg_diagnosis_deID_2021_chunk575.txt
ecg_diagnosis_input_2019_chunk242.txt,,,4,ecg_diagnosis_deID_2019_chunk242.txt
ecg_diagnosis_input_2020_chunk176.txt,,,4,ecg_diagnosis_deID_2020_chunk176.txt
ecg_diagnosis_input_2019_chunk256.txt,,,4,ecg_diagnosis_deID_2019_chunk256.txt
ecg_diagnosis_input_2020_chunk162.txt,,,4,ecg_diagnosis_deID_2020_chunk162.txt
ecg_diagnosis_input_2014_chunk379.txt,,,4,ecg_diagnosis_deID_2014_chunk379.txt
ecg_diagnosis_input_2006_chunk218.txt,,,4,ecg_diagnosis_deID_2006_chunk218.txt
ecg_diagnosis_input_2021_chunk561.txt,,,4,ecg_diagnosis_deID_2021_chunk561.txt
ecg_diagnosis_input_1995_chunk35.txt,,,4,ecg_diagnosis_deID_1995_chunk35.txt
ecg_diagnosis_input_2021_chunk207.txt,,,4,ecg_diagnosis_deID_2021_chunk207.txt
ecg_diagnosis_input_1998_chunk49.txt,,,4,ecg_diagnosis_deID_1998_chunk49.txt
ecg_diagnosis_input_1989_chunk20.txt,,,4,ecg_diagnosis_deID_1989_chunk20.txt
ecg_diagnosis_input_2010_chunk64.txt,,,4,ecg_diagnosis_deID_2010_chunk64.txt
ecg_diagnosis_input_2018_chunk133.txt,,,4,ecg_diagnosis_deID_2018_chunk133.txt
ecg_diagnosis_input_2019_chunk530.txt,,,4,ecg_diagnosis_deID_2019_chunk530.txt
ecg_diagnosis_input_1998_chunk137.txt,,,4,ecg_diagnosis_deID_1998_chunk137.txt
ecg_diagnosis_input_2007_chunk196.txt,,,4,ecg_diagnosis_deID_2007_chunk196.txt
ecg_diagnosis_input_2017_chunk40.txt,,,4,ecg_diagnosis_deID_2017_chunk40.txt
ecg_diagnosis_input_2006_chunk29.txt,,,4,ecg_diagnosis_deID_2006_chunk29.txt
ecg_diagnosis_input_1992_chunk11.txt,,,4,ecg_diagnosis_deID_1992_chunk11.txt
ecg_diagnosis_input_2008_chunk101.txt,,,4,ecg_diagnosis_deID_2008_chunk101.txt
ecg_diagnosis_input_2009_chunk264.txt,,,4,ecg_diagnosis_deID_2009_chunk264.txt
ecg_diagnosis_input_2014_chunk392.txt,,,4,ecg_diagnosis_deID_2014_chunk392.txt
ecg_diagnosis_input_1988_chunk6.txt,,,4,ecg_diagnosis_deID_1988_chunk6.txt
ecg_diagnosis_input_2003_chunk149.txt,,,4,ecg_diagnosis_deID_2003_chunk149.txt
ecg_diagnosis_input_2020_chunk189.txt,,,4,ecg_diagnosis_deID_2020_chunk189.txt
ecg_diagnosis_input_1999_chunk4.txt,,,4,ecg_diagnosis_deID_1999_chunk4.txt
ecg_diagnosis_input_2013_chunk190.txt,,,4,ecg_diagnosis_deID_2013_chunk190.txt
ecg_diagnosis_input_2013_chunk184.txt,,,4,ecg_diagnosis_deID_2013_chunk184.txt
ecg_diagnosis_input_2009_chunk270.txt,,,4,ecg_diagnosis_deID_2009_chunk270.txt
ecg_diagnosis_input_2014_chunk386.txt,,,4,ecg_diagnosis_deID_2014_chunk386.txt
ecg_diagnosis_input_2000_chunk7.txt,,,4,ecg_diagnosis_deID_2000_chunk7.txt
ecg_diagnosis_input_2017_chunk54.txt,,1,5,ecg_diagnosis_deID_2017_chunk54.txt
ecg_diagnosis_input_2007_chunk182.txt,,,5,ecg_diagnosis_deID_2007_chunk182.txt
ecg_diagnosis_input_2010_chunk359.txt,,,5,ecg_diagnosis_deID_2010_chunk359.txt
ecg_diagnosis_input_2011_chunk5.txt,,,5,ecg_diagnosis_deID_2011_chunk5.txt
ecg_diagnosis_input_2008_chunk115.txt,,,5,ecg_diagnosis_deID_2008_chunk115.txt
ecg_diagnosis_input_2017_chunk173.txt,,,5,ecg_diagnosis_deID_2017_chunk173.txt
ecg_diagnosis_input_1983_chunk44.txt,,,5,ecg_diagnosis_deID_1983_chunk44.txt
ecg_diagnosis_input_2006_chunk15.txt,,,5,ecg_diagnosis_deID_2006_chunk15.txt
ecg_diagnosis_input_2010_chunk371.txt,,,5,ecg_diagnosis_deID_2010_chunk371.txt
ecg_diagnosis_input_2019_chunk281.txt,,,5,ecg_diagnosis_deID_2019_chunk281.txt
ecg_diagnosis_input_2016_chunk216.txt,,,5,ecg_diagnosis_deID_2016_chunk216.txt
ecg_diagnosis_input_2009_chunk258.txt,,,5,ecg_diagnosis_deID_2009_chunk258.txt
ecg_diagnosis_input_2003_chunk175.txt,,,5,ecg_diagnosis_deID_2003_chunk175.txt
ecg_diagnosis_input_2003_chunk161.txt,,,5,ecg_diagnosis_deID_2003_chunk161.txt
ecg_diagnosis_input_2019_chunk295.txt,,,5,ecg_diagnosis_deID_2019_chunk295.txt
ecg_diagnosis_input_2016_chunk202.txt,,,5,ecg_diagnosis_deID_2016_chunk202.txt
ecg_diagnosis_input_2017_chunk68.txt,,,5,ecg_diagnosis_deID_2017_chunk68.txt
ecg_diagnosis_input_1992_chunk39.txt,,,5,ecg_diagnosis_deID_1992_chunk39.txt
ecg_diagnosis_input_2010_chunk365.txt,,,5,ecg_diagnosis_deID_2010_chunk365.txt
ecg_diagnosis_input_2008_chunk129.txt,,,5,ecg_diagnosis_deID_2008_chunk129.txt
ecg_diagnosis_input_2017_chunk167.txt,,,5,ecg_diagnosis_deID_2017_chunk167.txt
ecg_diagnosis_input_2016_chunk203.txt,,,5,ecg_diagnosis_deID_2016_chunk203.txt
ecg_diagnosis_input_2019_chunk294.txt,,,5,ecg_diagnosis_deID_2019_chunk294.txt
ecg_diagnosis_input_2003_chunk160.txt,,,5,ecg_diagnosis_deID_2003_chunk160.txt
ecg_diagnosis_input_2017_chunk166.txt,,,5,ecg_diagnosis_deID_2017_chunk166.txt
ecg_diagnosis_input_2008_chunk128.txt,,,5,ecg_diagnosis_deID_2008_chunk128.txt
ecg_diagnosis_input_1992_chunk38.txt,,,5,ecg_diagnosis_deID_1992_chunk38.txt
ecg_diagnosis_input_2010_chunk364.txt,,,5,ecg_diagnosis_deID_2010_chunk364.txt
ecg_diagnosis_input_2017_chunk69.txt,,,5,ecg_diagnosis_deID_2017_chunk69.txt
ecg_diagnosis_input_2010_chunk370.txt,,,5,ecg_diagnosis_deID_2010_chunk370.txt
ecg_diagnosis_input_2006_chunk14.txt,,,5,ecg_diagnosis_deID_2006_chunk14.txt
ecg_diagnosis_input_1983_chunk45.txt,,,5,ecg_diagnosis_deID_1983_chunk45.txt
ecg_diagnosis_input_2017_chunk172.txt,,,5,ecg_diagnosis_deID_2017_chunk172.txt
ecg_diagnosis_input_2003_chunk174.txt,,,5,ecg_diagnosis_deID_2003_chunk174.txt
ecg_diagnosis_input_2009_chunk259.txt,,,5,ecg_diagnosis_deID_2009_chunk259.txt
ecg_diagnosis_input_2016_chunk217.txt,,,5,ecg_diagnosis_deID_2016_chunk217.txt
ecg_diagnosis_input_2019_chunk280.txt,,,5,ecg_diagnosis_deID_2019_chunk280.txt
ecg_diagnosis_input_2014_chunk387.txt,,,5,ecg_diagnosis_deID_2014_chunk387.txt
ecg_diagnosis_input_2009_chunk271.txt,,,5,ecg_diagnosis_deID_2009_chunk271.txt
ecg_diagnosis_input_2013_chunk185.txt,,,5,ecg_diagnosis_deID_2013_chunk185.txt
ecg_diagnosis_input_2008_chunk114.txt,,,5,ecg_diagnosis_deID_2008_chunk114.txt
ecg_diagnosis_input_2011_chunk4.txt,,,5,ecg_diagnosis_deID_2011_chunk4.txt
ecg_diagnosis_input_2010_chunk358.txt,,,5,ecg_diagnosis_deID_2010_chunk358.txt
ecg_diagnosis_input_2007_chunk183.txt,,,5,ecg_diagnosis_deID_2007_chunk183.txt
ecg_diagnosis_input_2017_chunk55.txt,,,5,ecg_diagnosis_deID_2017_chunk55.txt
ecg_diagnosis_input_2000_chunk6.txt,,,5,ecg_diagnosis_deID_2000_chunk6.txt
ecg_diagnosis_input_2008_chunk100.txt,,,5,ecg_diagnosis_deID_2008_chunk100.txt
ecg_diagnosis_input_2006_chunk28.txt,,,5,ecg_diagnosis_deID_2006_chunk28.txt
ecg_diagnosis_input_1992_chunk10.txt,,,5,ecg_diagnosis_deID_1992_chunk10.txt
ecg_diagnosis_input_2017_chunk41.txt,,,5,ecg_diagnosis_deID_2017_chunk41.txt
ecg_diagnosis_input_2007_chunk197.txt,,,5,ecg_diagnosis_deID_2007_chunk197.txt
ecg_diagnosis_input_2013_chunk191.txt,,,5,ecg_diagnosis_deID_2013_chunk191.txt
ecg_diagnosis_input_1999_chunk5.txt,,,5,ecg_diagnosis_deID_1999_chunk5.txt
ecg_diagnosis_input_2020_chunk188.txt,,,5,ecg_diagnosis_deID_2020_chunk188.txt
ecg_diagnosis_input_2003_chunk148.txt,,,5,ecg_diagnosis_deID_2003_chunk148.txt
ecg_diagnosis_input_1988_chunk7.txt,,,5,ecg_diagnosis_deID_1988_chunk7.txt
ecg_diagnosis_input_2014_chunk393.txt,,,5,ecg_diagnosis_deID_2014_chunk393.txt
ecg_diagnosis_input_2009_chunk265.txt,,,5,ecg_diagnosis_deID_2009_chunk265.txt
ecg_diagnosis_input_2021_chunk560.txt,,,5,ecg_diagnosis_deID_2021_chunk560.txt
ecg_diagnosis_input_2006_chunk219.txt,,,5,ecg_diagnosis_deID_2006_chunk219.txt
ecg_diagnosis_input_2014_chunk378.txt,,,5,ecg_diagnosis_deID_2014_chunk378.txt
ecg_diagnosis_input_2020_chunk163.txt,,,5,ecg_diagnosis_deID_2020_chunk163.txt
ecg_diagnosis_input_2019_chunk257.txt,,,5,ecg_diagnosis_deID_2019_chunk257.txt
ecg_diagnosis_input_1998_chunk136.txt,,,5,ecg_diagnosis_deID_1998_chunk136.txt
ecg_diagnosis_input_2019_chunk531.txt,,,5,ecg_diagnosis_deID_2019_chunk531.txt
ecg_diagnosis_input_2018_chunk132.txt,,,5,ecg_diagnosis_deID_2018_chunk132.txt
ecg_diagnosis_input_2010_chunk65.txt,,,5,ecg_diagnosis_deID_2010_chunk65.txt
ecg_diagnosis_input_1989_chunk21.txt,,,5,ecg_diagnosis_deID_1989_chunk21.txt
ecg_diagnosis_input_2021_chunk206.txt,,,5,ecg_diagnosis_deID_2021_chunk206.txt
ecg_diagnosis_input_1998_chunk48.txt,,,5,ecg_diagnosis_deID_1998_chunk48.txt
ecg_diagnosis_input_1995_chunk34.txt,,,5,ecg_diagnosis_deID_1995_chunk34.txt
ecg_diagnosis_input_2018_chunk126.txt,,,5,ecg_diagnosis_deID_2018_chunk126.txt
ecg_diagnosis_input_2010_chunk71.txt,,,5,ecg_diagnosis_deID_2010_chunk71.txt
ecg_diagnosis_input_1989_chunk35.txt,,,5,ecg_diagnosis_deID_1989_chunk35.txt
ecg_diagnosis_input_2021_chunk212.txt,,,5,ecg_diagnosis_deID_2021_chunk212.txt
ecg_diagnosis_input_2001_chunk18.txt,,,5,ecg_diagnosis_deID_2001_chunk18.txt
ecg_diagnosis_input_1995_chunk20.txt,,,5,ecg_diagnosis_deID_1995_chunk20.txt
ecg_diagnosis_input_1998_chunk122.txt,,,5,ecg_diagnosis_deID_1998_chunk122.txt
ecg_diagnosis_input_2007_chunk168.txt,,,5,ecg_diagnosis_deID_2007_chunk168.txt
ecg_diagnosis_input_2019_chunk525.txt,,,5,ecg_diagnosis_deID_2019_chunk525.txt
ecg_diagnosis_input_2020_chunk177.txt,,,5,ecg_diagnosis_deID_2020_chunk177.txt
ecg_diagnosis_input_2019_chunk243.txt,,,5,ecg_diagnosis_deID_2019_chunk243.txt
ecg_diagnosis_input_2021_chunk574.txt,,,5,ecg_diagnosis_deID_2021_chunk574.txt
ecg_diagnosis_input_2013_chunk146.txt,,,5,ecg_diagnosis_deID_2013_chunk146.txt
ecg_diagnosis_input_2006_chunk225.txt,,,5,ecg_diagnosis_deID_2006_chunk225.txt
ecg_diagnosis_input_2014_chunk344.txt,,,5,ecg_diagnosis_deID_2014_chunk344.txt
ecg_diagnosis_input_2014_chunk422.txt,,,5,ecg_diagnosis_deID_2014_chunk422.txt
ecg_diagnosis_input_2012_chunk223.txt,,,5,ecg_diagnosis_deID_2012_chunk223.txt
ecg_diagnosis_input_2017_chunk199.txt,,,5,ecg_diagnosis_deID_2017_chunk199.txt
ecg_diagnosis_input_2010_chunk59.txt,,,5,ecg_diagnosis_deID_2010_chunk59.txt
ecg_diagnosis_input_2001_chunk30.txt,,,5,ecg_diagnosis_deID_2001_chunk30.txt
ecg_diagnosis_input_1998_chunk74.txt,,,5,ecg_diagnosis_deID_1998_chunk74.txt
ecg_diagnosis_input_2017_chunk96.txt,,,5,ecg_diagnosis_deID_2017_chunk96.txt
ecg_diagnosis_input_2007_chunk140.txt,,,5,ecg_diagnosis_deID_2007_chunk140.txt
ecg_diagnosis_input_2007_chunk154.txt,,,5,ecg_diagnosis_deID_2007_chunk154.txt
ecg_diagnosis_input_2017_chunk82.txt,,,5,ecg_diagnosis_deID_2017_chunk82.txt
ecg_diagnosis_input_2019_chunk519.txt,,,5,ecg_diagnosis_deID_2019_chunk519.txt
ecg_diagnosis_input_2014_chunk436.txt,,,5,ecg_diagnosis_deID_2014_chunk436.txt
ecg_diagnosis_input_2012_chunk237.txt,,,5,ecg_diagnosis_deID_2012_chunk237.txt
ecg_diagnosis_input_2001_chunk24.txt,,,5,ecg_diagnosis_deID_2001_chunk24.txt
ecg_diagnosis_input_1998_chunk60.txt,,,5,ecg_diagnosis_deID_1998_chunk60.txt
ecg_diagnosis_input_2021_chunk548.txt,,,5,ecg_diagnosis_deID_2021_chunk548.txt
ecg_diagnosis_input_2006_chunk231.txt,,,5,ecg_diagnosis_deID_2006_chunk231.txt
ecg_diagnosis_input_2014_chunk350.txt,,,5,ecg_diagnosis_deID_2014_chunk350.txt
ecg_diagnosis_input_2013_chunk152.txt,,,5,ecg_diagnosis_deID_2013_chunk152.txt
ecg_diagnosis_input_2010_chunk166.txt,,,5,ecg_diagnosis_deID_2010_chunk166.txt
ecg_diagnosis_input_2017_chunk364.txt,,,5,ecg_diagnosis_deID_2017_chunk364.txt
ecg_diagnosis_input_2005_chunk205.txt,,,5,ecg_diagnosis_deID_2005_chunk205.txt
ecg_diagnosis_input_2002_chunk80.txt,,,5,ecg_diagnosis_deID_2002_chunk80.txt
ecg_diagnosis_input_2018_chunk495.txt,,,5,ecg_diagnosis_deID_2018_chunk495.txt
ecg_diagnosis_input_2020_chunk79.txt,,,5,ecg_diagnosis_deID_2020_chunk79.txt
ecg_diagnosis_input_2011_chunk203.txt,,,5,ecg_diagnosis_deID_2011_chunk203.txt
ecg_diagnosis_input_2017_chunk402.txt,,,5,ecg_diagnosis_deID_2017_chunk402.txt
ecg_diagnosis_input_2004_chunk160.txt,,,5,ecg_diagnosis_deID_2004_chunk160.txt
ecg_diagnosis_input_2014_chunk26.txt,,,5,ecg_diagnosis_deID_2014_chunk26.txt
ecg_diagnosis_input_2008_chunk33.txt,,,5,ecg_diagnosis_deID_2008_chunk33.txt
ecg_diagnosis_input_1991_chunk77.txt,,,5,ecg_diagnosis_deID_1991_chunk77.txt
ecg_diagnosis_input_2014_chunk32.txt,,,5,ecg_diagnosis_deID_2014_chunk32.txt
ecg_diagnosis_input_2004_chunk174.txt,,,5,ecg_diagnosis_deID_2004_chunk174.txt
ecg_diagnosis_input_2008_chunk27.txt,,,5,ecg_diagnosis_deID_2008_chunk27.txt
ecg_diagnosis_input_1991_chunk63.txt,,,5,ecg_diagnosis_deID_1991_chunk63.txt
ecg_diagnosis_input_2002_chunk94.txt,,,5,ecg_diagnosis_deID_2002_chunk94.txt
ecg_diagnosis_input_2018_chunk481.txt,,,5,ecg_diagnosis_deID_2018_chunk481.txt
ecg_diagnosis_input_2011_chunk217.txt,,,5,ecg_diagnosis_deID_2011_chunk217.txt
ecg_diagnosis_input_2017_chunk416.txt,,,5,ecg_diagnosis_deID_2017_chunk416.txt
ecg_diagnosis_input_2017_chunk370.txt,,,5,ecg_diagnosis_deID_2017_chunk370.txt
ecg_diagnosis_input_2005_chunk211.txt,,,5,ecg_diagnosis_deID_2005_chunk211.txt
ecg_diagnosis_input_2010_chunk172.txt,,,5,ecg_diagnosis_deID_2010_chunk172.txt
ecg_diagnosis_input_2017_chunk358.txt,,,5,ecg_diagnosis_deID_2017_chunk358.txt
ecg_diagnosis_input_2005_chunk239.txt,,,5,ecg_diagnosis_deID_2005_chunk239.txt
ecg_diagnosis_input_2008_chunk316.txt,,,5,ecg_diagnosis_deID_2008_chunk316.txt
ecg_diagnosis_input_2019_chunk66.txt,,,5,ecg_diagnosis_deID_2019_chunk66.txt
ecg_diagnosis_input_2005_chunk73.txt,,,5,ecg_diagnosis_deID_2005_chunk73.txt
ecg_diagnosis_input_2013_chunk387.txt,,,5,ecg_diagnosis_deID_2013_chunk387.txt
ecg_diagnosis_input_2022_chunk226.txt,,,5,ecg_diagnosis_deID_2022_chunk226.txt
ecg_diagnosis_input_1996_chunk84.txt,,,5,ecg_diagnosis_deID_1996_chunk84.txt
ecg_diagnosis_input_2020_chunk45.txt,,,5,ecg_diagnosis_deID_2020_chunk45.txt
ecg_diagnosis_input_2014_chunk185.txt,,,5,ecg_diagnosis_deID_2014_chunk185.txt
ecg_diagnosis_input_2022_chunk232.txt,,,5,ecg_diagnosis_deID_2022_chunk232.txt
ecg_diagnosis_input_1996_chunk90.txt,,,5,ecg_diagnosis_deID_1996_chunk90.txt
ecg_diagnosis_input_2020_chunk51.txt,,,5,ecg_diagnosis_deID_2020_chunk51.txt
ecg_diagnosis_input_2014_chunk191.txt,,,5,ecg_diagnosis_deID_2014_chunk191.txt
ecg_diagnosis_input_2019_chunk72.txt,,,5,ecg_diagnosis_deID_2019_chunk72.txt
ecg_diagnosis_input_2004_chunk148.txt,,,5,ecg_diagnosis_deID_2004_chunk148.txt
ecg_diagnosis_input_2013_chunk393.txt,,,5,ecg_diagnosis_deID_2013_chunk393.txt
ecg_diagnosis_input_2005_chunk67.txt,,,5,ecg_diagnosis_deID_2005_chunk67.txt
ecg_diagnosis_input_2008_chunk302.txt,,,5,ecg_diagnosis_deID_2008_chunk302.txt
ecg_diagnosis_input_2018_chunk330.txt,,,5,ecg_diagnosis_deID_2018_chunk330.txt
ecg_diagnosis_input_2020_chunk407.txt,,,5,ecg_diagnosis_deID_2020_chunk407.txt
ecg_diagnosis_input_2019_chunk99.txt,,,5,ecg_diagnosis_deID_2019_chunk99.txt
ecg_diagnosis_input_2013_chunk378.txt,,,5,ecg_diagnosis_deID_2013_chunk378.txt
ecg_diagnosis_input_2020_chunk361.txt,,,5,ecg_diagnosis_deID_2020_chunk361.txt
ecg_diagnosis_input_2002_chunk43.txt,,,5,ecg_diagnosis_deID_2002_chunk43.txt
ecg_diagnosis_input_2018_chunk456.txt,,,5,ecg_diagnosis_deID_2018_chunk456.txt
ecg_diagnosis_input_1987_chunk12.txt,,,5,ecg_diagnosis_deID_1987_chunk12.txt
ecg_diagnosis_input_2002_chunk57.txt,,,5,ecg_diagnosis_deID_2002_chunk57.txt
ecg_diagnosis_input_2018_chunk442.txt,,,5,ecg_diagnosis_deID_2018_chunk442.txt
ecg_diagnosis_input_2005_chunk98.txt,,,5,ecg_diagnosis_deID_2005_chunk98.txt
ecg_diagnosis_input_2020_chunk375.txt,,,5,ecg_diagnosis_deID_2020_chunk375.txt
ecg_diagnosis_input_2020_chunk413.txt,,,5,ecg_diagnosis_deID_2020_chunk413.txt
ecg_diagnosis_input_2018_chunk324.txt,,,5,ecg_diagnosis_deID_2018_chunk324.txt
ecg_diagnosis_input_2010_chunk199.txt,,,5,ecg_diagnosis_deID_2010_chunk199.txt
ecg_diagnosis_input_2015_chunk223.txt,,,5,ecg_diagnosis_deID_2015_chunk223.txt
ecg_diagnosis_input_1991_chunk3.txt,,,5,ecg_diagnosis_deID_1991_chunk3.txt
ecg_diagnosis_input_1980_chunk1.txt,,1,5,ecg_diagnosis_deID_1980_chunk1.txt
ecg_diagnosis_input_2000_chunk140.txt,,,5,ecg_diagnosis_deID_2000_chunk140.txt
ecg_diagnosis_input_2014_chunk146.txt,,,5,ecg_diagnosis_deID_2014_chunk146.txt
ecg_diagnosis_input_1996_chunk47.txt,,,5,ecg_diagnosis_deID_1996_chunk47.txt
ecg_diagnosis_input_2013_chunk16.txt,,,5,ecg_diagnosis_deID_2013_chunk16.txt
ecg_diagnosis_input_2020_chunk86.txt,,,5,ecg_diagnosis_deID_2020_chunk86.txt
ecg_diagnosis_input_1991_chunk88.txt,,,5,ecg_diagnosis_deID_1991_chunk88.txt
ecg_diagnosis_input_2013_chunk344.txt,,,5,ecg_diagnosis_deID_2013_chunk344.txt
ecg_diagnosis_input_1994_chunk142.txt,,,5,ecg_diagnosis_deID_1994_chunk142.txt
ecg_diagnosis_input_2019_chunk2.txt,,,5,ecg_diagnosis_deID_2019_chunk2.txt
ecg_diagnosis_input_2013_chunk350.txt,,,5,ecg_diagnosis_deID_2013_chunk350.txt
ecg_diagnosis_input_2020_chunk349.txt,,,5,ecg_diagnosis_deID_2020_chunk349.txt
ecg_diagnosis_input_2003_chunk8.txt,,,5,ecg_diagnosis_deID_2003_chunk8.txt
ecg_diagnosis_input_2014_chunk152.txt,,,5,ecg_diagnosis_deID_2014_chunk152.txt
ecg_diagnosis_input_1996_chunk53.txt,,,5,ecg_diagnosis_deID_1996_chunk53.txt
ecg_diagnosis_input_2020_chunk92.txt,,,5,ecg_diagnosis_deID_2020_chunk92.txt
ecg_diagnosis_input_2018_chunk318.txt,,,5,ecg_diagnosis_deID_2018_chunk318.txt
ecg_diagnosis_input_2000_chunk154.txt,,,5,ecg_diagnosis_deID_2000_chunk154.txt
ecg_diagnosis_input_2015_chunk237.txt,,,5,ecg_diagnosis_deID_2015_chunk237.txt
ecg_diagnosis_input_2002_chunk173.txt,,,5,ecg_diagnosis_deID_2002_chunk173.txt
ecg_diagnosis_input_2018_chunk287.txt,,,5,ecg_diagnosis_deID_2018_chunk287.txt
ecg_diagnosis_input_2017_chunk210.txt,,,5,ecg_diagnosis_deID_2017_chunk210.txt
ecg_diagnosis_input_2003_chunk216.txt,,,5,ecg_diagnosis_deID_2003_chunk216.txt
ecg_diagnosis_input_1993_chunk42.txt,,,5,ecg_diagnosis_deID_1993_chunk42.txt
ecg_diagnosis_input_2011_chunk377.txt,,,5,ecg_diagnosis_deID_2011_chunk377.txt
ecg_diagnosis_input_2016_chunk13.txt,,,5,ecg_diagnosis_deID_2016_chunk13.txt
ecg_diagnosis_input_2016_chunk175.txt,,,5,ecg_diagnosis_deID_2016_chunk175.txt
ecg_diagnosis_input_2016_chunk161.txt,,,5,ecg_diagnosis_deID_2016_chunk161.txt
ecg_diagnosis_input_2022_chunk58.txt,,,5,ecg_diagnosis_deID_2022_chunk58.txt
ecg_diagnosis_input_1994_chunk99.txt,,,5,ecg_diagnosis_deID_1994_chunk99.txt
ecg_diagnosis_input_1993_chunk56.txt,,,5,ecg_diagnosis_deID_1993_chunk56.txt
ecg_diagnosis_input_2003_chunk202.txt,,,5,ecg_diagnosis_deID_2003_chunk202.txt
ecg_diagnosis_input_2011_chunk363.txt,,,5,ecg_diagnosis_deID_2011_chunk363.txt
ecg_diagnosis_input_2018_chunk293.txt,,,5,ecg_diagnosis_deID_2018_chunk293.txt
ecg_diagnosis_input_2017_chunk204.txt,,,5,ecg_diagnosis_deID_2017_chunk204.txt
ecg_diagnosis_input_2002_chunk167.txt,,,5,ecg_diagnosis_deID_2002_chunk167.txt
ecg_diagnosis_input_2012_chunk196.txt,,,5,ecg_diagnosis_deID_2012_chunk196.txt
ecg_diagnosis_input_2008_chunk262.txt,,,5,ecg_diagnosis_deID_2008_chunk262.txt
ecg_diagnosis_input_2015_chunk394.txt,,,5,ecg_diagnosis_deID_2015_chunk394.txt
ecg_diagnosis_input_2016_chunk149.txt,,,5,ecg_diagnosis_deID_2016_chunk149.txt
ecg_diagnosis_input_2022_chunk70.txt,,,5,ecg_diagnosis_deID_2022_chunk70.txt
ecg_diagnosis_input_2000_chunk89.txt,,,5,ecg_diagnosis_deID_2000_chunk89.txt
ecg_diagnosis_input_2007_chunk46.txt,,,5,ecg_diagnosis_deID_2007_chunk46.txt
ecg_diagnosis_input_2006_chunk190.txt,,,5,ecg_diagnosis_deID_2006_chunk190.txt
ecg_diagnosis_input_1982_chunk17.txt,,,5,ecg_diagnosis_deID_1982_chunk17.txt
ecg_diagnosis_input_2022_chunk352.txt,,,5,ecg_diagnosis_deID_2022_chunk352.txt
ecg_diagnosis_input_2009_chunk107.txt,,,5,ecg_diagnosis_deID_2009_chunk107.txt
ecg_diagnosis_input_2006_chunk184.txt,,,5,ecg_diagnosis_deID_2006_chunk184.txt
ecg_diagnosis_input_2007_chunk52.txt,,,5,ecg_diagnosis_deID_2007_chunk52.txt
ecg_diagnosis_input_2022_chunk346.txt,,,5,ecg_diagnosis_deID_2022_chunk346.txt
ecg_diagnosis_input_2009_chunk113.txt,,,5,ecg_diagnosis_deID_2009_chunk113.txt
ecg_diagnosis_input_2022_chunk64.txt,,,5,ecg_diagnosis_deID_2022_chunk64.txt
ecg_diagnosis_input_2008_chunk276.txt,,,5,ecg_diagnosis_deID_2008_chunk276.txt
ecg_diagnosis_input_2015_chunk380.txt,,,5,ecg_diagnosis_deID_2015_chunk380.txt
ecg_diagnosis_input_2017_chunk238.txt,,,5,ecg_diagnosis_deID_2017_chunk238.txt
ecg_diagnosis_input_2012_chunk182.txt,,,5,ecg_diagnosis_deID_2012_chunk182.txt
ecg_diagnosis_input_2012_chunk169.txt,,,5,ecg_diagnosis_deID_2012_chunk169.txt
ecg_diagnosis_input_2018_chunk244.txt,,,5,ecg_diagnosis_deID_2018_chunk244.txt
ecg_diagnosis_input_2021_chunk170.txt,,,5,ecg_diagnosis_deID_2021_chunk170.txt
ecg_diagnosis_input_2020_chunk573.txt,,,5,ecg_diagnosis_deID_2020_chunk573.txt
ecg_diagnosis_input_1985_chunk27.txt,,,5,ecg_diagnosis_deID_1985_chunk27.txt
ecg_diagnosis_input_2020_chunk215.txt,,,5,ecg_diagnosis_deID_2020_chunk215.txt
ecg_diagnosis_input_1999_chunk32.txt,,,5,ecg_diagnosis_deID_1999_chunk32.txt
ecg_diagnosis_input_2019_chunk121.txt,,,5,ecg_diagnosis_deID_2019_chunk121.txt
ecg_diagnosis_input_2000_chunk76.txt,,,5,ecg_diagnosis_deID_2000_chunk76.txt
ecg_diagnosis_input_2021_chunk616.txt,,,5,ecg_diagnosis_deID_2021_chunk616.txt
ecg_diagnosis_input_1993_chunk81.txt,,,5,ecg_diagnosis_deID_1993_chunk81.txt
ecg_diagnosis_input_1999_chunk125.txt,,,5,ecg_diagnosis_deID_1999_chunk125.txt
ecg_diagnosis_input_2021_chunk602.txt,,,5,ecg_diagnosis_deID_2021_chunk602.txt
ecg_diagnosis_input_1993_chunk95.txt,,,5,ecg_diagnosis_deID_1993_chunk95.txt
ecg_diagnosis_input_1999_chunk131.txt,,,5,ecg_diagnosis_deID_1999_chunk131.txt
ecg_diagnosis_input_1985_chunk33.txt,,,5,ecg_diagnosis_deID_1985_chunk33.txt
ecg_diagnosis_input_2020_chunk201.txt,,,5,ecg_diagnosis_deID_2020_chunk201.txt
ecg_diagnosis_input_1999_chunk26.txt,,,5,ecg_diagnosis_deID_1999_chunk26.txt
ecg_diagnosis_input_2019_chunk135.txt,,,5,ecg_diagnosis_deID_2019_chunk135.txt
ecg_diagnosis_input_2000_chunk62.txt,,,5,ecg_diagnosis_deID_2000_chunk62.txt
ecg_diagnosis_input_2013_chunk218.txt,,,5,ecg_diagnosis_deID_2013_chunk218.txt
ecg_diagnosis_input_2015_chunk419.txt,,,5,ecg_diagnosis_deID_2015_chunk419.txt
ecg_diagnosis_input_2008_chunk289.txt,,,5,ecg_diagnosis_deID_2008_chunk289.txt
ecg_diagnosis_input_2020_chunk567.txt,,,5,ecg_diagnosis_deID_2020_chunk567.txt
ecg_diagnosis_input_2018_chunk250.txt,,,5,ecg_diagnosis_deID_2018_chunk250.txt
ecg_diagnosis_input_2021_chunk164.txt,,,5,ecg_diagnosis_deID_2021_chunk164.txt
ecg_diagnosis_input_2015_chunk357.txt,,,5,ecg_diagnosis_deID_2015_chunk357.txt
ecg_diagnosis_input_2007_chunk236.txt,,,5,ecg_diagnosis_deID_2007_chunk236.txt
ecg_diagnosis_input_2012_chunk155.txt,,,5,ecg_diagnosis_deID_2012_chunk155.txt
ecg_diagnosis_input_2018_chunk278.txt,,,5,ecg_diagnosis_deID_2018_chunk278.txt
ecg_diagnosis_input_2014_chunk1.txt,,,5,ecg_diagnosis_deID_2014_chunk1.txt
ecg_diagnosis_input_2022_chunk391.txt,,,5,ecg_diagnosis_deID_2022_chunk391.txt
ecg_diagnosis_input_1999_chunk119.txt,,,5,ecg_diagnosis_deID_1999_chunk119.txt
ecg_diagnosis_input_2006_chunk153.txt,,,5,ecg_diagnosis_deID_2006_chunk153.txt
ecg_diagnosis_input_2007_chunk85.txt,,,5,ecg_diagnosis_deID_2007_chunk85.txt
ecg_diagnosis_input_2020_chunk229.txt,,,5,ecg_diagnosis_deID_2020_chunk229.txt
ecg_diagnosis_input_1988_chunk67.txt,,,5,ecg_diagnosis_deID_1988_chunk67.txt
ecg_diagnosis_input_2011_chunk23.txt,,,5,ecg_diagnosis_deID_2011_chunk23.txt
ecg_diagnosis_input_1994_chunk72.txt,,,5,ecg_diagnosis_deID_1994_chunk72.txt
ecg_diagnosis_input_2013_chunk230.txt,,,5,ecg_diagnosis_deID_2013_chunk230.txt
ecg_diagnosis_input_2005_chunk3.txt,,,5,ecg_diagnosis_deID_2005_chunk3.txt
ecg_diagnosis_input_1988_chunk73.txt,,,5,ecg_diagnosis_deID_1988_chunk73.txt
ecg_diagnosis_input_2011_chunk37.txt,,,5,ecg_diagnosis_deID_2011_chunk37.txt
ecg_diagnosis_input_1994_chunk66.txt,,,5,ecg_diagnosis_deID_1994_chunk66.txt
ecg_diagnosis_input_2019_chunk109.txt,,,5,ecg_diagnosis_deID_2019_chunk109.txt
ecg_diagnosis_input_2013_chunk224.txt,,,5,ecg_diagnosis_deID_2013_chunk224.txt
ecg_diagnosis_input_2015_chunk425.txt,,,5,ecg_diagnosis_deID_2015_chunk425.txt
ecg_diagnosis_input_2022_chunk385.txt,,,5,ecg_diagnosis_deID_2022_chunk385.txt
ecg_diagnosis_input_2007_chunk91.txt,,,5,ecg_diagnosis_deID_2007_chunk91.txt
ecg_diagnosis_input_2006_chunk147.txt,,,5,ecg_diagnosis_deID_2006_chunk147.txt
ecg_diagnosis_input_2012_chunk141.txt,,,5,ecg_diagnosis_deID_2012_chunk141.txt
ecg_diagnosis_input_2021_chunk158.txt,,,5,ecg_diagnosis_deID_2021_chunk158.txt
ecg_diagnosis_input_2015_chunk343.txt,,,5,ecg_diagnosis_deID_2015_chunk343.txt
ecg_diagnosis_input_2007_chunk222.txt,,,5,ecg_diagnosis_deID_2007_chunk222.txt
ecg_diagnosis_input_1997_chunk8.txt,,,5,ecg_diagnosis_deID_1997_chunk8.txt
ecg_diagnosis_input_2004_chunk216.txt,,,5,ecg_diagnosis_deID_2004_chunk216.txt
ecg_diagnosis_input_2016_chunk377.txt,,,5,ecg_diagnosis_deID_2016_chunk377.txt
ecg_diagnosis_input_2009_chunk339.txt,,,5,ecg_diagnosis_deID_2009_chunk339.txt
ecg_diagnosis_input_2011_chunk175.txt,,,5,ecg_diagnosis_deID_2011_chunk175.txt
ecg_diagnosis_input_2018_chunk20.txt,,,5,ecg_diagnosis_deID_2018_chunk20.txt
ecg_diagnosis_input_2009_chunk49.txt,,,5,ecg_diagnosis_deID_2009_chunk49.txt
ecg_diagnosis_input_2004_chunk35.txt,,,5,ecg_diagnosis_deID_2004_chunk35.txt
ecg_diagnosis_input_2005_chunk173.txt,,,5,ecg_diagnosis_deID_2005_chunk173.txt
ecg_diagnosis_input_2016_chunk411.txt,,,5,ecg_diagnosis_deID_2016_chunk411.txt
ecg_diagnosis_input_2010_chunk210.txt,,,5,ecg_diagnosis_deID_2010_chunk210.txt
ecg_diagnosis_input_2019_chunk486.txt,,,5,ecg_diagnosis_deID_2019_chunk486.txt
ecg_diagnosis_input_2012_chunk93.txt,,,5,ecg_diagnosis_deID_2012_chunk93.txt
ecg_diagnosis_input_2016_chunk405.txt,,,5,ecg_diagnosis_deID_2016_chunk405.txt
ecg_diagnosis_input_2010_chunk204.txt,,,5,ecg_diagnosis_deID_2010_chunk204.txt
ecg_diagnosis_input_2019_chunk492.txt,,,5,ecg_diagnosis_deID_2019_chunk492.txt
ecg_diagnosis_input_2012_chunk87.txt,,,5,ecg_diagnosis_deID_2012_chunk87.txt
ecg_diagnosis_input_2021_chunk17.txt,,,5,ecg_diagnosis_deID_2021_chunk17.txt
ecg_diagnosis_input_2015_chunk48.txt,,,5,ecg_diagnosis_deID_2015_chunk48.txt
ecg_diagnosis_input_2018_chunk34.txt,,,5,ecg_diagnosis_deID_2018_chunk34.txt
ecg_diagnosis_input_2005_chunk167.txt,,,5,ecg_diagnosis_deID_2005_chunk167.txt
ecg_diagnosis_input_2004_chunk21.txt,,,5,ecg_diagnosis_deID_2004_chunk21.txt
ecg_diagnosis_input_1990_chunk19.txt,,,5,ecg_diagnosis_deID_1990_chunk19.txt
ecg_diagnosis_input_2022_chunk178.txt,,,5,ecg_diagnosis_deID_2022_chunk178.txt
ecg_diagnosis_input_2011_chunk161.txt,,,5,ecg_diagnosis_deID_2011_chunk161.txt
ecg_diagnosis_input_2004_chunk202.txt,,,5,ecg_diagnosis_deID_2004_chunk202.txt
ecg_diagnosis_input_2016_chunk363.txt,,,5,ecg_diagnosis_deID_2016_chunk363.txt
ecg_diagnosis_input_2009_chunk305.txt,,,5,ecg_diagnosis_deID_2009_chunk305.txt
ecg_diagnosis_input_2022_chunk150.txt,,,5,ecg_diagnosis_deID_2022_chunk150.txt
ecg_diagnosis_input_2011_chunk149.txt,,,5,ecg_diagnosis_deID_2011_chunk149.txt
ecg_diagnosis_input_1994_chunk6.txt,,,5,ecg_diagnosis_deID_1994_chunk6.txt
ecg_diagnosis_input_1985_chunk4.txt,,,5,ecg_diagnosis_deID_1985_chunk4.txt
ecg_diagnosis_input_2015_chunk196.txt,,,5,ecg_diagnosis_deID_2015_chunk196.txt
ecg_diagnosis_input_2012_chunk394.txt,,,5,ecg_diagnosis_deID_2012_chunk394.txt
ecg_diagnosis_input_2015_chunk60.txt,,,5,ecg_diagnosis_deID_2015_chunk60.txt
ecg_diagnosis_input_1990_chunk31.txt,,,5,ecg_diagnosis_deID_1990_chunk31.txt
ecg_diagnosis_input_2009_chunk75.txt,,,5,ecg_diagnosis_deID_2009_chunk75.txt
ecg_diagnosis_input_2015_chunk74.txt,,,5,ecg_diagnosis_deID_2015_chunk74.txt
ecg_diagnosis_input_2012_chunk380.txt,,,5,ecg_diagnosis_deID_2012_chunk380.txt
ecg_diagnosis_input_1990_chunk25.txt,,,5,ecg_diagnosis_deID_1990_chunk25.txt
ecg_diagnosis_input_2009_chunk61.txt,,,5,ecg_diagnosis_deID_2009_chunk61.txt
ecg_diagnosis_input_2021_chunk399.txt,,,5,ecg_diagnosis_deID_2021_chunk399.txt
ecg_diagnosis_input_2016_chunk439.txt,,,5,ecg_diagnosis_deID_2016_chunk439.txt
ecg_diagnosis_input_2015_chunk182.txt,,,5,ecg_diagnosis_deID_2015_chunk182.txt
ecg_diagnosis_input_2010_chunk238.txt,,,5,ecg_diagnosis_deID_2010_chunk238.txt
ecg_diagnosis_input_2009_chunk311.txt,,,5,ecg_diagnosis_deID_2009_chunk311.txt
ecg_diagnosis_input_2022_chunk144.txt,,,5,ecg_diagnosis_deID_2022_chunk144.txt
ecg_diagnosis_input_2021_chunk414.txt,,,5,ecg_diagnosis_deID_2021_chunk414.txt
ecg_diagnosis_input_2019_chunk323.txt,,,5,ecg_diagnosis_deID_2019_chunk323.txt
ecg_diagnosis_input_2003_chunk39.txt,,,5,ecg_diagnosis_deID_2003_chunk39.txt
ecg_diagnosis_input_2019_chunk445.txt,,,5,ecg_diagnosis_deID_2019_chunk445.txt
ecg_diagnosis_input_2012_chunk50.txt,,,5,ecg_diagnosis_deID_2012_chunk50.txt
ecg_diagnosis_input_2015_chunk169.txt,,,5,ecg_diagnosis_deID_2015_chunk169.txt
ecg_diagnosis_input_2021_chunk372.txt,,,5,ecg_diagnosis_deID_2021_chunk372.txt
ecg_diagnosis_input_2021_chunk366.txt,,,5,ecg_diagnosis_deID_2021_chunk366.txt
ecg_diagnosis_input_1997_chunk15.txt,,,5,ecg_diagnosis_deID_1997_chunk15.txt
ecg_diagnosis_input_2019_chunk451.txt,,,5,ecg_diagnosis_deID_2019_chunk451.txt
ecg_diagnosis_input_2012_chunk44.txt,,,5,ecg_diagnosis_deID_2012_chunk44.txt
ecg_diagnosis_input_2019_chunk337.txt,,,5,ecg_diagnosis_deID_2019_chunk337.txt
ecg_diagnosis_input_2014_chunk218.txt,,,5,ecg_diagnosis_deID_2014_chunk218.txt
ecg_diagnosis_input_2021_chunk400.txt,,,5,ecg_diagnosis_deID_2021_chunk400.txt
ecg_diagnosis_input_2001_chunk153.txt,,,5,ecg_diagnosis_deID_2001_chunk153.txt
ecg_diagnosis_input_2016_chunk388.txt,,,5,ecg_diagnosis_deID_2016_chunk388.txt
ecg_diagnosis_input_2014_chunk230.txt,,,5,ecg_diagnosis_deID_2014_chunk230.txt
ecg_diagnosis_input_2022_chunk193.txt,,,5,ecg_diagnosis_deID_2022_chunk193.txt
ecg_diagnosis_input_2021_chunk428.txt,,,5,ecg_diagnosis_deID_2021_chunk428.txt
ecg_diagnosis_input_1995_chunk151.txt,,,5,ecg_diagnosis_deID_1995_chunk151.txt
ecg_diagnosis_input_2012_chunk357.txt,,,5,ecg_diagnosis_deID_2012_chunk357.txt
ecg_diagnosis_input_1986_chunk54.txt,,,5,ecg_diagnosis_deID_1986_chunk54.txt
ecg_diagnosis_input_2019_chunk479.txt,,,5,ecg_diagnosis_deID_2019_chunk479.txt
ecg_diagnosis_input_2015_chunk155.txt,,,5,ecg_diagnosis_deID_2015_chunk155.txt
ecg_diagnosis_input_2003_chunk11.txt,,,5,ecg_diagnosis_deID_2003_chunk11.txt
ecg_diagnosis_input_1997_chunk29.txt,,,5,ecg_diagnosis_deID_1997_chunk29.txt
ecg_diagnosis_input_1986_chunk40.txt,,,5,ecg_diagnosis_deID_1986_chunk40.txt
ecg_diagnosis_input_2012_chunk78.txt,,,5,ecg_diagnosis_deID_2012_chunk78.txt
ecg_diagnosis_input_2015_chunk141.txt,,,5,ecg_diagnosis_deID_2015_chunk141.txt
ecg_diagnosis_input_1995_chunk145.txt,,,5,ecg_diagnosis_deID_1995_chunk145.txt
ecg_diagnosis_input_2012_chunk343.txt,,,5,ecg_diagnosis_deID_2012_chunk343.txt
ecg_diagnosis_input_2005_chunk198.txt,,,5,ecg_diagnosis_deID_2005_chunk198.txt
ecg_diagnosis_input_2014_chunk224.txt,,,5,ecg_diagnosis_deID_2014_chunk224.txt
ecg_diagnosis_input_2022_chunk187.txt,,,5,ecg_diagnosis_deID_2022_chunk187.txt
ecg_diagnosis_input_2001_chunk147.txt,,,5,ecg_diagnosis_deID_2001_chunk147.txt
ecg_diagnosis_input_2015_chunk157.txt,,,5,ecg_diagnosis_deID_2015_chunk157.txt
ecg_diagnosis_input_1986_chunk56.txt,,,5,ecg_diagnosis_deID_1986_chunk56.txt
ecg_diagnosis_input_2012_chunk355.txt,,,5,ecg_diagnosis_deID_2012_chunk355.txt
ecg_diagnosis_input_1995_chunk153.txt,,,5,ecg_diagnosis_deID_1995_chunk153.txt
ecg_diagnosis_input_2022_chunk191.txt,,,5,ecg_diagnosis_deID_2022_chunk191.txt
ecg_diagnosis_input_2011_chunk188.txt,,,5,ecg_diagnosis_deID_2011_chunk188.txt
ecg_diagnosis_input_2014_chunk232.txt,,,5,ecg_diagnosis_deID_2014_chunk232.txt
ecg_diagnosis_input_2001_chunk151.txt,,,5,ecg_diagnosis_deID_2001_chunk151.txt
ecg_diagnosis_input_2019_chunk309.txt,,,5,ecg_diagnosis_deID_2019_chunk309.txt
ecg_diagnosis_input_2001_chunk145.txt,,,5,ecg_diagnosis_deID_2001_chunk145.txt
ecg_diagnosis_input_2022_chunk185.txt,,,5,ecg_diagnosis_deID_2022_chunk185.txt
ecg_diagnosis_input_2014_chunk226.txt,,,5,ecg_diagnosis_deID_2014_chunk226.txt
ecg_diagnosis_input_2012_chunk341.txt,,,5,ecg_diagnosis_deID_2012_chunk341.txt
ecg_diagnosis_input_1995_chunk147.txt,,,5,ecg_diagnosis_deID_1995_chunk147.txt
ecg_diagnosis_input_2021_chunk358.txt,,,5,ecg_diagnosis_deID_2021_chunk358.txt
ecg_diagnosis_input_2015_chunk143.txt,,,5,ecg_diagnosis_deID_2015_chunk143.txt
ecg_diagnosis_input_1986_chunk42.txt,,,5,ecg_diagnosis_deID_1986_chunk42.txt
ecg_diagnosis_input_2003_chunk13.txt,,,5,ecg_diagnosis_deID_2003_chunk13.txt
ecg_diagnosis_input_2009_chunk88.txt,,,5,ecg_diagnosis_deID_2009_chunk88.txt
ecg_diagnosis_input_2012_chunk369.txt,,,5,ecg_diagnosis_deID_2012_chunk369.txt
ecg_diagnosis_input_2021_chunk370.txt,,,5,ecg_diagnosis_deID_2021_chunk370.txt
ecg_diagnosis_input_2019_chunk447.txt,,,5,ecg_diagnosis_deID_2019_chunk447.txt
ecg_diagnosis_input_2012_chunk52.txt,,,5,ecg_diagnosis_deID_2012_chunk52.txt
ecg_diagnosis_input_2019_chunk321.txt,,,5,ecg_diagnosis_deID_2019_chunk321.txt
ecg_diagnosis_input_2021_chunk416.txt,,,5,ecg_diagnosis_deID_2021_chunk416.txt
ecg_diagnosis_input_2021_chunk402.txt,,,5,ecg_diagnosis_deID_2021_chunk402.txt
ecg_diagnosis_input_2019_chunk335.txt,,,5,ecg_diagnosis_deID_2019_chunk335.txt
ecg_diagnosis_input_2019_chunk453.txt,,,5,ecg_diagnosis_deID_2019_chunk453.txt
ecg_diagnosis_input_2012_chunk46.txt,,,5,ecg_diagnosis_deID_2012_chunk46.txt
ecg_diagnosis_input_1997_chunk17.txt,,,5,ecg_diagnosis_deID_1997_chunk17.txt
ecg_diagnosis_input_2015_chunk89.txt,,,5,ecg_diagnosis_deID_2015_chunk89.txt
ecg_diagnosis_input_2021_chunk364.txt,,,5,ecg_diagnosis_deID_2021_chunk364.txt
ecg_diagnosis_input_1990_chunk33.txt,,,5,ecg_diagnosis_deID_1990_chunk33.txt
ecg_diagnosis_input_2009_chunk77.txt,,,5,ecg_diagnosis_deID_2009_chunk77.txt
ecg_diagnosis_input_2015_chunk62.txt,,,5,ecg_diagnosis_deID_2015_chunk62.txt
ecg_diagnosis_input_2012_chunk396.txt,,,5,ecg_diagnosis_deID_2012_chunk396.txt
ecg_diagnosis_input_2015_chunk194.txt,,,5,ecg_diagnosis_deID_2015_chunk194.txt
ecg_diagnosis_input_2016_chunk349.txt,,,5,ecg_diagnosis_deID_2016_chunk349.txt
ecg_diagnosis_input_2004_chunk228.txt,,,5,ecg_diagnosis_deID_2004_chunk228.txt
ecg_diagnosis_input_1985_chunk6.txt,,,5,ecg_diagnosis_deID_1985_chunk6.txt
ecg_diagnosis_input_1994_chunk4.txt,,,5,ecg_diagnosis_deID_1994_chunk4.txt
ecg_diagnosis_input_2009_chunk307.txt,,,5,ecg_diagnosis_deID_2009_chunk307.txt
ecg_diagnosis_input_2022_chunk152.txt,,,5,ecg_diagnosis_deID_2022_chunk152.txt
ecg_diagnosis_input_2009_chunk313.txt,,,5,ecg_diagnosis_deID_2009_chunk313.txt
ecg_diagnosis_input_2022_chunk146.txt,,,5,ecg_diagnosis_deID_2022_chunk146.txt
ecg_diagnosis_input_2021_chunk29.txt,,,5,ecg_diagnosis_deID_2021_chunk29.txt
ecg_diagnosis_input_2015_chunk180.txt,,,5,ecg_diagnosis_deID_2015_chunk180.txt
ecg_diagnosis_input_1990_chunk27.txt,,,5,ecg_diagnosis_deID_1990_chunk27.txt
ecg_diagnosis_input_2005_chunk159.txt,,,5,ecg_diagnosis_deID_2005_chunk159.txt
ecg_diagnosis_input_2009_chunk63.txt,,,5,ecg_diagnosis_deID_2009_chunk63.txt
ecg_diagnosis_input_2012_chunk382.txt,,,5,ecg_diagnosis_deID_2012_chunk382.txt
ecg_diagnosis_input_2015_chunk76.txt,,,5,ecg_diagnosis_deID_2015_chunk76.txt
ecg_diagnosis_input_2019_chunk484.txt,,,5,ecg_diagnosis_deID_2019_chunk484.txt
ecg_diagnosis_input_2012_chunk91.txt,,,5,ecg_diagnosis_deID_2012_chunk91.txt
ecg_diagnosis_input_2010_chunk212.txt,,,5,ecg_diagnosis_deID_2010_chunk212.txt
ecg_diagnosis_input_2016_chunk413.txt,,,5,ecg_diagnosis_deID_2016_chunk413.txt
ecg_diagnosis_input_2005_chunk171.txt,,,5,ecg_diagnosis_deID_2005_chunk171.txt
ecg_diagnosis_input_2004_chunk37.txt,,,5,ecg_diagnosis_deID_2004_chunk37.txt
ecg_diagnosis_input_2018_chunk22.txt,,,5,ecg_diagnosis_deID_2018_chunk22.txt
ecg_diagnosis_input_2011_chunk177.txt,,,5,ecg_diagnosis_deID_2011_chunk177.txt
ecg_diagnosis_input_2016_chunk375.txt,,,5,ecg_diagnosis_deID_2016_chunk375.txt
ecg_diagnosis_input_2004_chunk214.txt,,,5,ecg_diagnosis_deID_2004_chunk214.txt
ecg_diagnosis_input_2016_chunk361.txt,,,5,ecg_diagnosis_deID_2016_chunk361.txt
ecg_diagnosis_input_2004_chunk200.txt,,,5,ecg_diagnosis_deID_2004_chunk200.txt
ecg_diagnosis_input_2011_chunk163.txt,,,5,ecg_diagnosis_deID_2011_chunk163.txt
ecg_diagnosis_input_2004_chunk23.txt,,,5,ecg_diagnosis_deID_2004_chunk23.txt
ecg_diagnosis_input_2005_chunk165.txt,,,5,ecg_diagnosis_deID_2005_chunk165.txt
ecg_diagnosis_input_2018_chunk36.txt,,,5,ecg_diagnosis_deID_2018_chunk36.txt
ecg_diagnosis_input_2019_chunk490.txt,,,5,ecg_diagnosis_deID_2019_chunk490.txt
ecg_diagnosis_input_2021_chunk15.txt,,,5,ecg_diagnosis_deID_2021_chunk15.txt
ecg_diagnosis_input_2012_chunk85.txt,,,5,ecg_diagnosis_deID_2012_chunk85.txt
ecg_diagnosis_input_2010_chunk206.txt,,,5,ecg_diagnosis_deID_2010_chunk206.txt
ecg_diagnosis_input_2016_chunk407.txt,,,5,ecg_diagnosis_deID_2016_chunk407.txt
ecg_diagnosis_input_2005_chunk1.txt,,,5,ecg_diagnosis_deID_2005_chunk1.txt
ecg_diagnosis_input_2013_chunk232.txt,,,5,ecg_diagnosis_deID_2013_chunk232.txt
ecg_diagnosis_input_2016_chunk188.txt,,,5,ecg_diagnosis_deID_2016_chunk188.txt
ecg_diagnosis_input_1994_chunk70.txt,,,5,ecg_diagnosis_deID_1994_chunk70.txt
ecg_diagnosis_input_2000_chunk48.txt,,,5,ecg_diagnosis_deID_2000_chunk48.txt
ecg_diagnosis_input_1988_chunk65.txt,,,5,ecg_diagnosis_deID_1988_chunk65.txt
ecg_diagnosis_input_2011_chunk21.txt,,,5,ecg_diagnosis_deID_2011_chunk21.txt
ecg_diagnosis_input_1985_chunk19.txt,,,5,ecg_diagnosis_deID_1985_chunk19.txt
ecg_diagnosis_input_2007_chunk87.txt,,,5,ecg_diagnosis_deID_2007_chunk87.txt
ecg_diagnosis_input_2006_chunk151.txt,,,5,ecg_diagnosis_deID_2006_chunk151.txt
ecg_diagnosis_input_2021_chunk628.txt,,,5,ecg_diagnosis_deID_2021_chunk628.txt
ecg_diagnosis_input_2014_chunk3.txt,,,5,ecg_diagnosis_deID_2014_chunk3.txt
ecg_diagnosis_input_2012_chunk157.txt,,,5,ecg_diagnosis_deID_2012_chunk157.txt
ecg_diagnosis_input_2007_chunk234.txt,,,5,ecg_diagnosis_deID_2007_chunk234.txt
ecg_diagnosis_input_2015_chunk355.txt,,,5,ecg_diagnosis_deID_2015_chunk355.txt
ecg_diagnosis_input_2020_chunk559.txt,,,5,ecg_diagnosis_deID_2020_chunk559.txt
ecg_diagnosis_input_2007_chunk220.txt,,,5,ecg_diagnosis_deID_2007_chunk220.txt
ecg_diagnosis_input_2015_chunk341.txt,,,5,ecg_diagnosis_deID_2015_chunk341.txt
ecg_diagnosis_input_2012_chunk143.txt,,,5,ecg_diagnosis_deID_2012_chunk143.txt
ecg_diagnosis_input_1986_chunk8.txt,,,5,ecg_diagnosis_deID_1986_chunk8.txt
ecg_diagnosis_input_2006_chunk145.txt,,,5,ecg_diagnosis_deID_2006_chunk145.txt
ecg_diagnosis_input_2007_chunk93.txt,,,5,ecg_diagnosis_deID_2007_chunk93.txt
ecg_diagnosis_input_2018_chunk508.txt,,,5,ecg_diagnosis_deID_2018_chunk508.txt
ecg_diagnosis_input_2022_chunk387.txt,,,5,ecg_diagnosis_deID_2022_chunk387.txt
ecg_diagnosis_input_2013_chunk226.txt,,,5,ecg_diagnosis_deID_2013_chunk226.txt
ecg_diagnosis_input_1994_chunk64.txt,,,5,ecg_diagnosis_deID_1994_chunk64.txt
ecg_diagnosis_input_1999_chunk18.txt,,,5,ecg_diagnosis_deID_1999_chunk18.txt
ecg_diagnosis_input_1988_chunk71.txt,,,5,ecg_diagnosis_deID_1988_chunk71.txt
ecg_diagnosis_input_2011_chunk35.txt,,,5,ecg_diagnosis_deID_2011_chunk35.txt
ecg_diagnosis_input_1993_chunk83.txt,,,5,ecg_diagnosis_deID_1993_chunk83.txt
ecg_diagnosis_input_1999_chunk127.txt,,,5,ecg_diagnosis_deID_1999_chunk127.txt
ecg_diagnosis_input_2021_chunk614.txt,,,5,ecg_diagnosis_deID_2021_chunk614.txt
ecg_diagnosis_input_1999_chunk30.txt,,,5,ecg_diagnosis_deID_1999_chunk30.txt
ecg_diagnosis_input_2019_chunk123.txt,,,5,ecg_diagnosis_deID_2019_chunk123.txt
ecg_diagnosis_input_2000_chunk74.txt,,,5,ecg_diagnosis_deID_2000_chunk74.txt
ecg_diagnosis_input_1985_chunk25.txt,,,5,ecg_diagnosis_deID_1985_chunk25.txt
ecg_diagnosis_input_1988_chunk59.txt,,,5,ecg_diagnosis_deID_1988_chunk59.txt
ecg_diagnosis_input_2020_chunk217.txt,,,5,ecg_diagnosis_deID_2020_chunk217.txt
ecg_diagnosis_input_2020_chunk571.txt,,,5,ecg_diagnosis_deID_2020_chunk571.txt
ecg_diagnosis_input_2007_chunk208.txt,,,5,ecg_diagnosis_deID_2007_chunk208.txt
ecg_diagnosis_input_2015_chunk369.txt,,,5,ecg_diagnosis_deID_2015_chunk369.txt
ecg_diagnosis_input_2021_chunk172.txt,,,5,ecg_diagnosis_deID_2021_chunk172.txt
ecg_diagnosis_input_2018_chunk246.txt,,,5,ecg_diagnosis_deID_2018_chunk246.txt
ecg_diagnosis_input_2021_chunk166.txt,,,5,ecg_diagnosis_deID_2021_chunk166.txt
ecg_diagnosis_input_2018_chunk252.txt,,,5,ecg_diagnosis_deID_2018_chunk252.txt
ecg_diagnosis_input_2020_chunk565.txt,,,5,ecg_diagnosis_deID_2020_chunk565.txt
ecg_diagnosis_input_1999_chunk24.txt,,,5,ecg_diagnosis_deID_1999_chunk24.txt
ecg_diagnosis_input_2019_chunk137.txt,,,5,ecg_diagnosis_deID_2019_chunk137.txt
ecg_diagnosis_input_2000_chunk60.txt,,,5,ecg_diagnosis_deID_2000_chunk60.txt
ecg_diagnosis_input_1994_chunk58.txt,,,5,ecg_diagnosis_deID_1994_chunk58.txt
ecg_diagnosis_input_1985_chunk31.txt,,,5,ecg_diagnosis_deID_1985_chunk31.txt
ecg_diagnosis_input_2022_chunk99.txt,,,5,ecg_diagnosis_deID_2022_chunk99.txt
ecg_diagnosis_input_2020_chunk203.txt,,,5,ecg_diagnosis_deID_2020_chunk203.txt
ecg_diagnosis_input_1993_chunk97.txt,,,5,ecg_diagnosis_deID_1993_chunk97.txt
ecg_diagnosis_input_2006_chunk179.txt,,,5,ecg_diagnosis_deID_2006_chunk179.txt
ecg_diagnosis_input_1999_chunk133.txt,,,5,ecg_diagnosis_deID_1999_chunk133.txt
ecg_diagnosis_input_2021_chunk600.txt,,,5,ecg_diagnosis_deID_2021_chunk600.txt
ecg_diagnosis_input_2022_chunk350.txt,,,5,ecg_diagnosis_deID_2022_chunk350.txt
ecg_diagnosis_input_2009_chunk105.txt,,,5,ecg_diagnosis_deID_2009_chunk105.txt
ecg_diagnosis_input_2011_chunk349.txt,,,5,ecg_diagnosis_deID_2011_chunk349.txt
ecg_diagnosis_input_1982_chunk15.txt,,,5,ecg_diagnosis_deID_1982_chunk15.txt
ecg_diagnosis_input_2006_chunk192.txt,,,5,ecg_diagnosis_deID_2006_chunk192.txt
ecg_diagnosis_input_2003_chunk228.txt,,,5,ecg_diagnosis_deID_2003_chunk228.txt
ecg_diagnosis_input_2007_chunk44.txt,,,5,ecg_diagnosis_deID_2007_chunk44.txt
ecg_diagnosis_input_2022_chunk72.txt,,,5,ecg_diagnosis_deID_2022_chunk72.txt
ecg_diagnosis_input_1989_chunk101.txt,,,5,ecg_diagnosis_deID_1989_chunk101.txt
ecg_diagnosis_input_2015_chunk396.txt,,,5,ecg_diagnosis_deID_2015_chunk396.txt
ecg_diagnosis_input_2008_chunk260.txt,,,5,ecg_diagnosis_deID_2008_chunk260.txt
ecg_diagnosis_input_2012_chunk194.txt,,,5,ecg_diagnosis_deID_2012_chunk194.txt
ecg_diagnosis_input_2012_chunk180.txt,,,5,ecg_diagnosis_deID_2012_chunk180.txt
ecg_diagnosis_input_2021_chunk199.txt,,,5,ecg_diagnosis_deID_2021_chunk199.txt
ecg_diagnosis_input_2002_chunk159.txt,,,5,ecg_diagnosis_deID_2002_chunk159.txt
ecg_diagnosis_input_2015_chunk382.txt,,,5,ecg_diagnosis_deID_2015_chunk382.txt
ecg_diagnosis_input_2008_chunk274.txt,,,5,ecg_diagnosis_deID_2008_chunk274.txt
ecg_diagnosis_input_2022_chunk66.txt,,,5,ecg_diagnosis_deID_2022_chunk66.txt
ecg_diagnosis_input_2022_chunk344.txt,,,5,ecg_diagnosis_deID_2022_chunk344.txt
ecg_diagnosis_input_2009_chunk111.txt,,,5,ecg_diagnosis_deID_2009_chunk111.txt
ecg_diagnosis_input_2016_chunk39.txt,,,5,ecg_diagnosis_deID_2016_chunk39.txt
ecg_diagnosis_input_2007_chunk50.txt,,,5,ecg_diagnosis_deID_2007_chunk50.txt
ecg_diagnosis_input_2006_chunk186.txt,,,5,ecg_diagnosis_deID_2006_chunk186.txt
ecg_diagnosis_input_1993_chunk68.txt,,,5,ecg_diagnosis_deID_1993_chunk68.txt
ecg_diagnosis_input_2016_chunk177.txt,,,5,ecg_diagnosis_deID_2016_chunk177.txt
ecg_diagnosis_input_2009_chunk139.txt,,,5,ecg_diagnosis_deID_2009_chunk139.txt
ecg_diagnosis_input_2016_chunk11.txt,,,5,ecg_diagnosis_deID_2016_chunk11.txt
ecg_diagnosis_input_2011_chunk375.txt,,,5,ecg_diagnosis_deID_2011_chunk375.txt
ecg_diagnosis_input_1982_chunk29.txt,,,5,ecg_diagnosis_deID_1982_chunk29.txt
ecg_diagnosis_input_1993_chunk40.txt,,,5,ecg_diagnosis_deID_1993_chunk40.txt
ecg_diagnosis_input_2007_chunk78.txt,,,5,ecg_diagnosis_deID_2007_chunk78.txt
ecg_diagnosis_input_2003_chunk214.txt,,,5,ecg_diagnosis_deID_2003_chunk214.txt
ecg_diagnosis_input_2017_chunk212.txt,,,5,ecg_diagnosis_deID_2017_chunk212.txt
ecg_diagnosis_input_2018_chunk285.txt,,,5,ecg_diagnosis_deID_2018_chunk285.txt
ecg_diagnosis_input_2002_chunk171.txt,,,5,ecg_diagnosis_deID_2002_chunk171.txt
ecg_diagnosis_input_2002_chunk165.txt,,,5,ecg_diagnosis_deID_2002_chunk165.txt
ecg_diagnosis_input_2008_chunk248.txt,,,5,ecg_diagnosis_deID_2008_chunk248.txt
ecg_diagnosis_input_2017_chunk206.txt,,,5,ecg_diagnosis_deID_2017_chunk206.txt
ecg_diagnosis_input_2018_chunk291.txt,,,5,ecg_diagnosis_deID_2018_chunk291.txt
ecg_diagnosis_input_2022_chunk378.txt,,,5,ecg_diagnosis_deID_2022_chunk378.txt
ecg_diagnosis_input_2011_chunk361.txt,,,5,ecg_diagnosis_deID_2011_chunk361.txt
ecg_diagnosis_input_2003_chunk200.txt,,,5,ecg_diagnosis_deID_2003_chunk200.txt
ecg_diagnosis_input_1993_chunk54.txt,,,5,ecg_diagnosis_deID_1993_chunk54.txt
ecg_diagnosis_input_2016_chunk163.txt,,,5,ecg_diagnosis_deID_2016_chunk163.txt
ecg_diagnosis_input_1994_chunk140.txt,,,5,ecg_diagnosis_deID_1994_chunk140.txt
ecg_diagnosis_input_2013_chunk346.txt,,,5,ecg_diagnosis_deID_2013_chunk346.txt
ecg_diagnosis_input_2020_chunk84.txt,,,5,ecg_diagnosis_deID_2020_chunk84.txt
ecg_diagnosis_input_2013_chunk14.txt,,,5,ecg_diagnosis_deID_2013_chunk14.txt
ecg_diagnosis_input_2018_chunk468.txt,,,5,ecg_diagnosis_deID_2018_chunk468.txt
ecg_diagnosis_input_1996_chunk45.txt,,,5,ecg_diagnosis_deID_1996_chunk45.txt
ecg_diagnosis_input_2014_chunk144.txt,,,5,ecg_diagnosis_deID_2014_chunk144.txt
ecg_diagnosis_input_2000_chunk142.txt,,,5,ecg_diagnosis_deID_2000_chunk142.txt
ecg_diagnosis_input_2017_chunk399.txt,,,5,ecg_diagnosis_deID_2017_chunk399.txt
ecg_diagnosis_input_2015_chunk221.txt,,,5,ecg_diagnosis_deID_2015_chunk221.txt
ecg_diagnosis_input_1991_chunk1.txt,,,5,ecg_diagnosis_deID_1991_chunk1.txt
ecg_diagnosis_input_2020_chunk439.txt,,,5,ecg_diagnosis_deID_2020_chunk439.txt
ecg_diagnosis_input_2015_chunk235.txt,,,5,ecg_diagnosis_deID_2015_chunk235.txt
ecg_diagnosis_input_2000_chunk156.txt,,,5,ecg_diagnosis_deID_2000_chunk156.txt
ecg_diagnosis_input_1987_chunk38.txt,,,5,ecg_diagnosis_deID_1987_chunk38.txt
ecg_diagnosis_input_2020_chunk90.txt,,,5,ecg_diagnosis_deID_2020_chunk90.txt
ecg_diagnosis_input_2008_chunk2.txt,,,5,ecg_diagnosis_deID_2008_chunk2.txt
ecg_diagnosis_input_2002_chunk69.txt,,,5,ecg_diagnosis_deID_2002_chunk69.txt
ecg_diagnosis_input_1996_chunk51.txt,,,5,ecg_diagnosis_deID_1996_chunk51.txt
ecg_diagnosis_input_2012_chunk8.txt,,,5,ecg_diagnosis_deID_2012_chunk8.txt
ecg_diagnosis_input_2014_chunk150.txt,,,5,ecg_diagnosis_deID_2014_chunk150.txt
ecg_diagnosis_input_2013_chunk352.txt,,,5,ecg_diagnosis_deID_2013_chunk352.txt
ecg_diagnosis_input_2004_chunk189.txt,,,5,ecg_diagnosis_deID_2004_chunk189.txt
ecg_diagnosis_input_2013_chunk28.txt,,,5,ecg_diagnosis_deID_2013_chunk28.txt
ecg_diagnosis_input_1987_chunk10.txt,,,5,ecg_diagnosis_deID_1987_chunk10.txt
ecg_diagnosis_input_1996_chunk79.txt,,,5,ecg_diagnosis_deID_1996_chunk79.txt
ecg_diagnosis_input_2002_chunk41.txt,,,5,ecg_diagnosis_deID_2002_chunk41.txt
ecg_diagnosis_input_2018_chunk454.txt,,,5,ecg_diagnosis_deID_2018_chunk454.txt
ecg_diagnosis_input_2014_chunk178.txt,,,5,ecg_diagnosis_deID_2014_chunk178.txt
ecg_diagnosis_input_2020_chunk363.txt,,,5,ecg_diagnosis_deID_2020_chunk363.txt
ecg_diagnosis_input_2020_chunk405.txt,,,5,ecg_diagnosis_deID_2020_chunk405.txt
ecg_diagnosis_input_2018_chunk332.txt,,,5,ecg_diagnosis_deID_2018_chunk332.txt
ecg_diagnosis_input_2018_chunk326.txt,,,5,ecg_diagnosis_deID_2018_chunk326.txt
ecg_diagnosis_input_2015_chunk209.txt,,,5,ecg_diagnosis_deID_2015_chunk209.txt
ecg_diagnosis_input_2013_chunk408.txt,,,5,ecg_diagnosis_deID_2013_chunk408.txt
ecg_diagnosis_input_2020_chunk411.txt,,,5,ecg_diagnosis_deID_2020_chunk411.txt
ecg_diagnosis_input_2020_chunk377.txt,,,5,ecg_diagnosis_deID_2020_chunk377.txt
ecg_diagnosis_input_2002_chunk55.txt,,,5,ecg_diagnosis_deID_2002_chunk55.txt
ecg_diagnosis_input_2018_chunk440.txt,,,5,ecg_diagnosis_deID_2018_chunk440.txt
ecg_diagnosis_input_2014_chunk187.txt,,,5,ecg_diagnosis_deID_2014_chunk187.txt
ecg_diagnosis_input_2020_chunk47.txt,,,5,ecg_diagnosis_deID_2020_chunk47.txt
ecg_diagnosis_input_2022_chunk224.txt,,,5,ecg_diagnosis_deID_2022_chunk224.txt
ecg_diagnosis_input_1996_chunk86.txt,,,5,ecg_diagnosis_deID_1996_chunk86.txt
ecg_diagnosis_input_1991_chunk49.txt,,,5,ecg_diagnosis_deID_1991_chunk49.txt
ecg_diagnosis_input_2013_chunk385.txt,,,5,ecg_diagnosis_deID_2013_chunk385.txt
ecg_diagnosis_input_2005_chunk71.txt,,,5,ecg_diagnosis_deID_2005_chunk71.txt
ecg_diagnosis_input_2019_chunk64.txt,,,5,ecg_diagnosis_deID_2019_chunk64.txt
ecg_diagnosis_input_2014_chunk18.txt,,,5,ecg_diagnosis_deID_2014_chunk18.txt
ecg_diagnosis_input_2008_chunk314.txt,,,5,ecg_diagnosis_deID_2008_chunk314.txt
ecg_diagnosis_input_2010_chunk158.txt,,,5,ecg_diagnosis_deID_2010_chunk158.txt
ecg_diagnosis_input_2008_chunk300.txt,,,5,ecg_diagnosis_deID_2008_chunk300.txt
ecg_diagnosis_input_2005_chunk65.txt,,,5,ecg_diagnosis_deID_2005_chunk65.txt
ecg_diagnosis_input_2013_chunk391.txt,,,5,ecg_diagnosis_deID_2013_chunk391.txt
ecg_diagnosis_input_2008_chunk19.txt,,,5,ecg_diagnosis_deID_2008_chunk19.txt
ecg_diagnosis_input_2019_chunk70.txt,,,5,ecg_diagnosis_deID_2019_chunk70.txt
ecg_diagnosis_input_2020_chunk388.txt,,,5,ecg_diagnosis_deID_2020_chunk388.txt
ecg_diagnosis_input_2017_chunk428.txt,,,5,ecg_diagnosis_deID_2017_chunk428.txt
ecg_diagnosis_input_2014_chunk193.txt,,,5,ecg_diagnosis_deID_2014_chunk193.txt
ecg_diagnosis_input_2011_chunk229.txt,,,5,ecg_diagnosis_deID_2011_chunk229.txt
ecg_diagnosis_input_2020_chunk53.txt,,,5,ecg_diagnosis_deID_2020_chunk53.txt
ecg_diagnosis_input_2022_chunk230.txt,,,5,ecg_diagnosis_deID_2022_chunk230.txt
ecg_diagnosis_input_1996_chunk92.txt,,,5,ecg_diagnosis_deID_1996_chunk92.txt
ecg_diagnosis_input_2008_chunk31.txt,,,5,ecg_diagnosis_deID_2008_chunk31.txt
ecg_diagnosis_input_1991_chunk75.txt,,,5,ecg_diagnosis_deID_1991_chunk75.txt
ecg_diagnosis_input_2014_chunk24.txt,,,5,ecg_diagnosis_deID_2014_chunk24.txt
ecg_diagnosis_input_2004_chunk162.txt,,,5,ecg_diagnosis_deID_2004_chunk162.txt
ecg_diagnosis_input_2019_chunk58.txt,,,5,ecg_diagnosis_deID_2019_chunk58.txt
ecg_diagnosis_input_2017_chunk400.txt,,,5,ecg_diagnosis_deID_2017_chunk400.txt
ecg_diagnosis_input_2011_chunk201.txt,,,5,ecg_diagnosis_deID_2011_chunk201.txt
ecg_diagnosis_input_2002_chunk82.txt,,,5,ecg_diagnosis_deID_2002_chunk82.txt
ecg_diagnosis_input_2018_chunk497.txt,,,5,ecg_diagnosis_deID_2018_chunk497.txt
ecg_diagnosis_input_2022_chunk218.txt,,,5,ecg_diagnosis_deID_2022_chunk218.txt
ecg_diagnosis_input_2005_chunk207.txt,,,5,ecg_diagnosis_deID_2005_chunk207.txt
ecg_diagnosis_input_2017_chunk366.txt,,,5,ecg_diagnosis_deID_2017_chunk366.txt
ecg_diagnosis_input_2010_chunk164.txt,,,5,ecg_diagnosis_deID_2010_chunk164.txt
ecg_diagnosis_input_2010_chunk170.txt,,,5,ecg_diagnosis_deID_2010_chunk170.txt
ecg_diagnosis_input_2005_chunk213.txt,,,5,ecg_diagnosis_deID_2005_chunk213.txt
ecg_diagnosis_input_2017_chunk372.txt,,,5,ecg_diagnosis_deID_2017_chunk372.txt
ecg_diagnosis_input_2017_chunk414.txt,,,5,ecg_diagnosis_deID_2017_chunk414.txt
ecg_diagnosis_input_2011_chunk215.txt,,,5,ecg_diagnosis_deID_2011_chunk215.txt
ecg_diagnosis_input_2002_chunk96.txt,,,5,ecg_diagnosis_deID_2002_chunk96.txt
ecg_diagnosis_input_2018_chunk483.txt,,,5,ecg_diagnosis_deID_2018_chunk483.txt
ecg_diagnosis_input_2008_chunk25.txt,,,5,ecg_diagnosis_deID_2008_chunk25.txt
ecg_diagnosis_input_2005_chunk59.txt,,,5,ecg_diagnosis_deID_2005_chunk59.txt
ecg_diagnosis_input_1991_chunk61.txt,,,5,ecg_diagnosis_deID_1991_chunk61.txt
ecg_diagnosis_input_2004_chunk176.txt,,,5,ecg_diagnosis_deID_2004_chunk176.txt
ecg_diagnosis_input_2014_chunk30.txt,,,5,ecg_diagnosis_deID_2014_chunk30.txt
ecg_diagnosis_input_2007_chunk142.txt,,,5,ecg_diagnosis_deID_2007_chunk142.txt
ecg_diagnosis_input_2017_chunk94.txt,,,5,ecg_diagnosis_deID_2017_chunk94.txt
ecg_diagnosis_input_1998_chunk108.txt,,,5,ecg_diagnosis_deID_1998_chunk108.txt
ecg_diagnosis_input_2001_chunk32.txt,,,5,ecg_diagnosis_deID_2001_chunk32.txt
ecg_diagnosis_input_1998_chunk76.txt,,,5,ecg_diagnosis_deID_1998_chunk76.txt
ecg_diagnosis_input_2021_chunk238.txt,,,5,ecg_diagnosis_deID_2021_chunk238.txt
ecg_diagnosis_input_2012_chunk221.txt,,,5,ecg_diagnosis_deID_2012_chunk221.txt
ecg_diagnosis_input_2014_chunk420.txt,,,5,ecg_diagnosis_deID_2014_chunk420.txt
ecg_diagnosis_input_2014_chunk346.txt,,,5,ecg_diagnosis_deID_2014_chunk346.txt
ecg_diagnosis_input_2006_chunk227.txt,,,5,ecg_diagnosis_deID_2006_chunk227.txt
ecg_diagnosis_input_2013_chunk144.txt,,,5,ecg_diagnosis_deID_2013_chunk144.txt
ecg_diagnosis_input_2019_chunk269.txt,,,5,ecg_diagnosis_deID_2019_chunk269.txt
ecg_diagnosis_input_2013_chunk150.txt,,,5,ecg_diagnosis_deID_2013_chunk150.txt
ecg_diagnosis_input_2020_chunk149.txt,,,5,ecg_diagnosis_deID_2020_chunk149.txt
ecg_diagnosis_input_2014_chunk352.txt,,,5,ecg_diagnosis_deID_2014_chunk352.txt
ecg_diagnosis_input_2003_chunk189.txt,,,5,ecg_diagnosis_deID_2003_chunk189.txt
ecg_diagnosis_input_2006_chunk233.txt,,,5,ecg_diagnosis_deID_2006_chunk233.txt
ecg_diagnosis_input_2001_chunk26.txt,,,5,ecg_diagnosis_deID_2001_chunk26.txt
ecg_diagnosis_input_1998_chunk62.txt,,,5,ecg_diagnosis_deID_1998_chunk62.txt
ecg_diagnosis_input_2018_chunk118.txt,,,5,ecg_diagnosis_deID_2018_chunk118.txt
ecg_diagnosis_input_2012_chunk235.txt,,,5,ecg_diagnosis_deID_2012_chunk235.txt
ecg_diagnosis_input_2014_chunk434.txt,,,5,ecg_diagnosis_deID_2014_chunk434.txt
ecg_diagnosis_input_2017_chunk80.txt,,,5,ecg_diagnosis_deID_2017_chunk80.txt
ecg_diagnosis_input_2007_chunk156.txt,,,5,ecg_diagnosis_deID_2007_chunk156.txt
ecg_diagnosis_input_2021_chunk204.txt,,,5,ecg_diagnosis_deID_2021_chunk204.txt
ecg_diagnosis_input_1995_chunk36.txt,,,5,ecg_diagnosis_deID_1995_chunk36.txt
ecg_diagnosis_input_2018_chunk130.txt,,,5,ecg_diagnosis_deID_2018_chunk130.txt
ecg_diagnosis_input_2010_chunk67.txt,,,5,ecg_diagnosis_deID_2010_chunk67.txt
ecg_diagnosis_input_1989_chunk23.txt,,,5,ecg_diagnosis_deID_1989_chunk23.txt
ecg_diagnosis_input_2019_chunk533.txt,,,5,ecg_diagnosis_deID_2019_chunk533.txt
ecg_diagnosis_input_1998_chunk134.txt,,,5,ecg_diagnosis_deID_1998_chunk134.txt
ecg_diagnosis_input_2013_chunk178.txt,,,5,ecg_diagnosis_deID_2013_chunk178.txt
ecg_diagnosis_input_2019_chunk255.txt,,,5,ecg_diagnosis_deID_2019_chunk255.txt
ecg_diagnosis_input_2020_chunk161.txt,,,5,ecg_diagnosis_deID_2020_chunk161.txt
ecg_diagnosis_input_2021_chunk562.txt,,,5,ecg_diagnosis_deID_2021_chunk562.txt
ecg_diagnosis_input_2009_chunk298.txt,,,5,ecg_diagnosis_deID_2009_chunk298.txt
ecg_diagnosis_input_2021_chunk576.txt,,,5,ecg_diagnosis_deID_2021_chunk576.txt
ecg_diagnosis_input_2019_chunk241.txt,,,5,ecg_diagnosis_deID_2019_chunk241.txt
ecg_diagnosis_input_2020_chunk175.txt,,,5,ecg_diagnosis_deID_2020_chunk175.txt
ecg_diagnosis_input_2019_chunk527.txt,,,5,ecg_diagnosis_deID_2019_chunk527.txt
ecg_diagnosis_input_1998_chunk120.txt,,,5,ecg_diagnosis_deID_1998_chunk120.txt
ecg_diagnosis_input_2021_chunk210.txt,,,5,ecg_diagnosis_deID_2021_chunk210.txt
ecg_diagnosis_input_1995_chunk22.txt,,,5,ecg_diagnosis_deID_1995_chunk22.txt
ecg_diagnosis_input_2018_chunk124.txt,,,5,ecg_diagnosis_deID_2018_chunk124.txt
ecg_diagnosis_input_2010_chunk73.txt,,,5,ecg_diagnosis_deID_2010_chunk73.txt
ecg_diagnosis_input_1989_chunk37.txt,,,5,ecg_diagnosis_deID_1989_chunk37.txt
ecg_diagnosis_input_2012_chunk209.txt,,,5,ecg_diagnosis_deID_2012_chunk209.txt
ecg_diagnosis_input_2014_chunk408.txt,,,5,ecg_diagnosis_deID_2014_chunk408.txt
ecg_diagnosis_input_2017_chunk158.txt,,,5,ecg_diagnosis_deID_2017_chunk158.txt
ecg_diagnosis_input_2000_chunk4.txt,,,5,ecg_diagnosis_deID_2000_chunk4.txt
ecg_diagnosis_input_2010_chunk98.txt,,,5,ecg_diagnosis_deID_2010_chunk98.txt
ecg_diagnosis_input_2017_chunk57.txt,,,5,ecg_diagnosis_deID_2017_chunk57.txt
ecg_diagnosis_input_2007_chunk181.txt,,,5,ecg_diagnosis_deID_2007_chunk181.txt
ecg_diagnosis_input_2008_chunk116.txt,,,5,ecg_diagnosis_deID_2008_chunk116.txt
ecg_diagnosis_input_2011_chunk6.txt,,,5,ecg_diagnosis_deID_2011_chunk6.txt
ecg_diagnosis_input_2013_chunk187.txt,,,5,ecg_diagnosis_deID_2013_chunk187.txt
ecg_diagnosis_input_2009_chunk273.txt,,,5,ecg_diagnosis_deID_2009_chunk273.txt
ecg_diagnosis_input_2014_chunk385.txt,,,5,ecg_diagnosis_deID_2014_chunk385.txt
ecg_diagnosis_input_2009_chunk267.txt,,,5,ecg_diagnosis_deID_2009_chunk267.txt
ecg_diagnosis_input_2021_chunk589.txt,,,5,ecg_diagnosis_deID_2021_chunk589.txt
ecg_diagnosis_input_2014_chunk391.txt,,,5,ecg_diagnosis_deID_2014_chunk391.txt
ecg_diagnosis_input_1988_chunk5.txt,,,5,ecg_diagnosis_deID_1988_chunk5.txt
ecg_diagnosis_input_1999_chunk7.txt,,,5,ecg_diagnosis_deID_1999_chunk7.txt
ecg_diagnosis_input_2016_chunk229.txt,,,5,ecg_diagnosis_deID_2016_chunk229.txt
ecg_diagnosis_input_2013_chunk193.txt,,,5,ecg_diagnosis_deID_2013_chunk193.txt
ecg_diagnosis_input_2007_chunk195.txt,,,5,ecg_diagnosis_deID_2007_chunk195.txt
ecg_diagnosis_input_2017_chunk43.txt,,,5,ecg_diagnosis_deID_2017_chunk43.txt
ecg_diagnosis_input_1992_chunk12.txt,,,5,ecg_diagnosis_deID_1992_chunk12.txt
ecg_diagnosis_input_2008_chunk102.txt,,,5,ecg_diagnosis_deID_2008_chunk102.txt
ecg_diagnosis_input_2010_chunk366.txt,,,5,ecg_diagnosis_deID_2010_chunk366.txt
ecg_diagnosis_input_2017_chunk164.txt,,,5,ecg_diagnosis_deID_2017_chunk164.txt
ecg_diagnosis_input_1998_chunk89.txt,,,5,ecg_diagnosis_deID_1998_chunk89.txt
ecg_diagnosis_input_2003_chunk162.txt,,,5,ecg_diagnosis_deID_2003_chunk162.txt
ecg_diagnosis_input_2019_chunk296.txt,,,5,ecg_diagnosis_deID_2019_chunk296.txt
ecg_diagnosis_input_2016_chunk201.txt,,,5,ecg_diagnosis_deID_2016_chunk201.txt
ecg_diagnosis_input_2019_chunk282.txt,,,5,ecg_diagnosis_deID_2019_chunk282.txt
ecg_diagnosis_input_2016_chunk215.txt,,,5,ecg_diagnosis_deID_2016_chunk215.txt
ecg_diagnosis_input_2003_chunk176.txt,,,5,ecg_diagnosis_deID_2003_chunk176.txt
ecg_diagnosis_input_2017_chunk170.txt,,,5,ecg_diagnosis_deID_2017_chunk170.txt
ecg_diagnosis_input_2006_chunk16.txt,,,5,ecg_diagnosis_deID_2006_chunk16.txt
ecg_diagnosis_input_2010_chunk372.txt,,,5,ecg_diagnosis_deID_2010_chunk372.txt
ecg_diagnosis_input_2003_chunk177.txt,,,5,ecg_diagnosis_deID_2003_chunk177.txt
ecg_diagnosis_input_2016_chunk214.txt,,,5,ecg_diagnosis_deID_2016_chunk214.txt
ecg_diagnosis_input_2019_chunk283.txt,,,5,ecg_diagnosis_deID_2019_chunk283.txt
ecg_diagnosis_input_2010_chunk373.txt,,,5,ecg_diagnosis_deID_2010_chunk373.txt
ecg_diagnosis_input_2006_chunk17.txt,,,5,ecg_diagnosis_deID_2006_chunk17.txt
ecg_diagnosis_input_2017_chunk171.txt,,,5,ecg_diagnosis_deID_2017_chunk171.txt
ecg_diagnosis_input_1998_chunk88.txt,,,5,ecg_diagnosis_deID_1998_chunk88.txt
ecg_diagnosis_input_2017_chunk165.txt,,,5,ecg_diagnosis_deID_2017_chunk165.txt
ecg_diagnosis_input_2010_chunk367.txt,,,5,ecg_diagnosis_deID_2010_chunk367.txt
ecg_diagnosis_input_2016_chunk200.txt,,,5,ecg_diagnosis_deID_2016_chunk200.txt
ecg_diagnosis_input_2019_chunk297.txt,,,5,ecg_diagnosis_deID_2019_chunk297.txt
ecg_diagnosis_input_2003_chunk163.txt,,,5,ecg_diagnosis_deID_2003_chunk163.txt
ecg_diagnosis_input_2013_chunk192.txt,,,5,ecg_diagnosis_deID_2013_chunk192.txt
ecg_diagnosis_input_2016_chunk228.txt,,,5,ecg_diagnosis_deID_2016_chunk228.txt
ecg_diagnosis_input_1999_chunk6.txt,,,5,ecg_diagnosis_deID_1999_chunk6.txt
ecg_diagnosis_input_1988_chunk4.txt,,,5,ecg_diagnosis_deID_1988_chunk4.txt
ecg_diagnosis_input_2014_chunk390.txt,,,5,ecg_diagnosis_deID_2014_chunk390.txt
ecg_diagnosis_input_2021_chunk588.txt,,,5,ecg_diagnosis_deID_2021_chunk588.txt
ecg_diagnosis_input_2009_chunk266.txt,,,5,ecg_diagnosis_deID_2009_chunk266.txt
ecg_diagnosis_input_2008_chunk103.txt,,,5,ecg_diagnosis_deID_2008_chunk103.txt
ecg_diagnosis_input_1992_chunk13.txt,,,5,ecg_diagnosis_deID_1992_chunk13.txt
ecg_diagnosis_input_2017_chunk42.txt,,,5,ecg_diagnosis_deID_2017_chunk42.txt
ecg_diagnosis_input_2007_chunk194.txt,,,5,ecg_diagnosis_deID_2007_chunk194.txt
ecg_diagnosis_input_2011_chunk7.txt,,,5,ecg_diagnosis_deID_2011_chunk7.txt
ecg_diagnosis_input_2008_chunk117.txt,,,5,ecg_diagnosis_deID_2008_chunk117.txt
ecg_diagnosis_input_2007_chunk180.txt,,,5,ecg_diagnosis_deID_2007_chunk180.txt
ecg_diagnosis_input_2017_chunk56.txt,,,5,ecg_diagnosis_deID_2017_chunk56.txt
ecg_diagnosis_input_2010_chunk99.txt,,,5,ecg_diagnosis_deID_2010_chunk99.txt
ecg_diagnosis_input_2000_chunk5.txt,,,5,ecg_diagnosis_deID_2000_chunk5.txt
ecg_diagnosis_input_2017_chunk159.txt,,,5,ecg_diagnosis_deID_2017_chunk159.txt
ecg_diagnosis_input_2014_chunk384.txt,,,5,ecg_diagnosis_deID_2014_chunk384.txt
ecg_diagnosis_input_2009_chunk272.txt,,,5,ecg_diagnosis_deID_2009_chunk272.txt
ecg_diagnosis_input_2013_chunk186.txt,,,5,ecg_diagnosis_deID_2013_chunk186.txt
ecg_diagnosis_input_2020_chunk174.txt,,,5,ecg_diagnosis_deID_2020_chunk174.txt
ecg_diagnosis_input_2019_chunk240.txt,,,5,ecg_diagnosis_deID_2019_chunk240.txt
ecg_diagnosis_input_2021_chunk577.txt,,,5,ecg_diagnosis_deID_2021_chunk577.txt
ecg_diagnosis_input_2009_chunk299.txt,,,5,ecg_diagnosis_deID_2009_chunk299.txt
ecg_diagnosis_input_2014_chunk409.txt,,,5,ecg_diagnosis_deID_2014_chunk409.txt
ecg_diagnosis_input_2012_chunk208.txt,,,5,ecg_diagnosis_deID_2012_chunk208.txt
ecg_diagnosis_input_1989_chunk36.txt,,,5,ecg_diagnosis_deID_1989_chunk36.txt
ecg_diagnosis_input_2010_chunk72.txt,,,5,ecg_diagnosis_deID_2010_chunk72.txt
ecg_diagnosis_input_2018_chunk125.txt,,,5,ecg_diagnosis_deID_2018_chunk125.txt
ecg_diagnosis_input_1995_chunk23.txt,,,5,ecg_diagnosis_deID_1995_chunk23.txt
ecg_diagnosis_input_2021_chunk211.txt,,,5,ecg_diagnosis_deID_2021_chunk211.txt
ecg_diagnosis_input_1998_chunk121.txt,,,5,ecg_diagnosis_deID_1998_chunk121.txt
ecg_diagnosis_input_2019_chunk526.txt,,,5,ecg_diagnosis_deID_2019_chunk526.txt
ecg_diagnosis_input_1998_chunk135.txt,,,5,ecg_diagnosis_deID_1998_chunk135.txt
ecg_diagnosis_input_2019_chunk532.txt,,,5,ecg_diagnosis_deID_2019_chunk532.txt
ecg_diagnosis_input_1989_chunk22.txt,,,5,ecg_diagnosis_deID_1989_chunk22.txt
ecg_diagnosis_input_2010_chunk66.txt,,,5,ecg_diagnosis_deID_2010_chunk66.txt
ecg_diagnosis_input_2018_chunk131.txt,,,5,ecg_diagnosis_deID_2018_chunk131.txt
ecg_diagnosis_input_1995_chunk37.txt,,,5,ecg_diagnosis_deID_1995_chunk37.txt
ecg_diagnosis_input_2021_chunk205.txt,,,5,ecg_diagnosis_deID_2021_chunk205.txt
ecg_diagnosis_input_2021_chunk563.txt,,,5,ecg_diagnosis_deID_2021_chunk563.txt
ecg_diagnosis_input_2020_chunk160.txt,,,5,ecg_diagnosis_deID_2020_chunk160.txt
ecg_diagnosis_input_2019_chunk254.txt,,,5,ecg_diagnosis_deID_2019_chunk254.txt
ecg_diagnosis_input_2013_chunk179.txt,,,5,ecg_diagnosis_deID_2013_chunk179.txt
ecg_diagnosis_input_2006_chunk232.txt,,,5,ecg_diagnosis_deID_2006_chunk232.txt
ecg_diagnosis_input_2003_chunk188.txt,,,5,ecg_diagnosis_deID_2003_chunk188.txt
ecg_diagnosis_input_2014_chunk353.txt,,,5,ecg_diagnosis_deID_2014_chunk353.txt
ecg_diagnosis_input_2020_chunk148.txt,,,5,ecg_diagnosis_deID_2020_chunk148.txt
ecg_diagnosis_input_2013_chunk151.txt,,,5,ecg_diagnosis_deID_2013_chunk151.txt
ecg_diagnosis_input_2007_chunk157.txt,,,5,ecg_diagnosis_deID_2007_chunk157.txt
ecg_diagnosis_input_2017_chunk81.txt,,,5,ecg_diagnosis_deID_2017_chunk81.txt
ecg_diagnosis_input_2014_chunk435.txt,,,5,ecg_diagnosis_deID_2014_chunk435.txt
ecg_diagnosis_input_2012_chunk234.txt,,,5,ecg_diagnosis_deID_2012_chunk234.txt
ecg_diagnosis_input_2018_chunk119.txt,,,5,ecg_diagnosis_deID_2018_chunk119.txt
ecg_diagnosis_input_1998_chunk63.txt,,,5,ecg_diagnosis_deID_1998_chunk63.txt
ecg_diagnosis_input_2001_chunk27.txt,,,5,ecg_diagnosis_deID_2001_chunk27.txt
ecg_diagnosis_input_2014_chunk421.txt,,,5,ecg_diagnosis_deID_2014_chunk421.txt
ecg_diagnosis_input_2012_chunk220.txt,,,5,ecg_diagnosis_deID_2012_chunk220.txt
ecg_diagnosis_input_1998_chunk77.txt,,,5,ecg_diagnosis_deID_1998_chunk77.txt
ecg_diagnosis_input_2021_chunk239.txt,,,5,ecg_diagnosis_deID_2021_chunk239.txt
ecg_diagnosis_input_2001_chunk33.txt,,,5,ecg_diagnosis_deID_2001_chunk33.txt
ecg_diagnosis_input_1998_chunk109.txt,,,5,ecg_diagnosis_deID_1998_chunk109.txt
ecg_diagnosis_input_2017_chunk95.txt,,,5,ecg_diagnosis_deID_2017_chunk95.txt
ecg_diagnosis_input_2007_chunk143.txt,,,5,ecg_diagnosis_deID_2007_chunk143.txt
ecg_diagnosis_input_2019_chunk268.txt,,,5,ecg_diagnosis_deID_2019_chunk268.txt
ecg_diagnosis_input_2013_chunk145.txt,,,5,ecg_diagnosis_deID_2013_chunk145.txt
ecg_diagnosis_input_2006_chunk226.txt,,,5,ecg_diagnosis_deID_2006_chunk226.txt
ecg_diagnosis_input_2014_chunk347.txt,,,5,ecg_diagnosis_deID_2014_chunk347.txt
ecg_diagnosis_input_2017_chunk373.txt,,,5,ecg_diagnosis_deID_2017_chunk373.txt
ecg_diagnosis_input_2005_chunk212.txt,,,5,ecg_diagnosis_deID_2005_chunk212.txt
ecg_diagnosis_input_2010_chunk171.txt,,,5,ecg_diagnosis_deID_2010_chunk171.txt
ecg_diagnosis_input_2014_chunk31.txt,,,5,ecg_diagnosis_deID_2014_chunk31.txt
ecg_diagnosis_input_2004_chunk177.txt,,,5,ecg_diagnosis_deID_2004_chunk177.txt
ecg_diagnosis_input_2005_chunk58.txt,,,5,ecg_diagnosis_deID_2005_chunk58.txt
ecg_diagnosis_input_1991_chunk60.txt,,,5,ecg_diagnosis_deID_1991_chunk60.txt
ecg_diagnosis_input_2008_chunk24.txt,,,5,ecg_diagnosis_deID_2008_chunk24.txt
ecg_diagnosis_input_2018_chunk482.txt,,,5,ecg_diagnosis_deID_2018_chunk482.txt
ecg_diagnosis_input_2002_chunk97.txt,,,5,ecg_diagnosis_deID_2002_chunk97.txt
ecg_diagnosis_input_2011_chunk214.txt,,,5,ecg_diagnosis_deID_2011_chunk214.txt
ecg_diagnosis_input_2017_chunk415.txt,,,5,ecg_diagnosis_deID_2017_chunk415.txt
ecg_diagnosis_input_2022_chunk219.txt,,,5,ecg_diagnosis_deID_2022_chunk219.txt
ecg_diagnosis_input_2018_chunk496.txt,,,5,ecg_diagnosis_deID_2018_chunk496.txt
ecg_diagnosis_input_2002_chunk83.txt,,,5,ecg_diagnosis_deID_2002_chunk83.txt
ecg_diagnosis_input_2011_chunk200.txt,,,5,ecg_diagnosis_deID_2011_chunk200.txt
ecg_diagnosis_input_2017_chunk401.txt,,,5,ecg_diagnosis_deID_2017_chunk401.txt
ecg_diagnosis_input_2019_chunk59.txt,,,5,ecg_diagnosis_deID_2019_chunk59.txt
ecg_diagnosis_input_2004_chunk163.txt,,,5,ecg_diagnosis_deID_2004_chunk163.txt
ecg_diagnosis_input_2014_chunk25.txt,,,5,ecg_diagnosis_deID_2014_chunk25.txt
ecg_diagnosis_input_1991_chunk74.txt,,,5,ecg_diagnosis_deID_1991_chunk74.txt
ecg_diagnosis_input_2008_chunk30.txt,,,5,ecg_diagnosis_deID_2008_chunk30.txt
ecg_diagnosis_input_2010_chunk165.txt,,,5,ecg_diagnosis_deID_2010_chunk165.txt
ecg_diagnosis_input_2017_chunk367.txt,,,5,ecg_diagnosis_deID_2017_chunk367.txt
ecg_diagnosis_input_2005_chunk206.txt,,,5,ecg_diagnosis_deID_2005_chunk206.txt
ecg_diagnosis_input_2008_chunk301.txt,,,5,ecg_diagnosis_deID_2008_chunk301.txt
ecg_diagnosis_input_1996_chunk93.txt,,,5,ecg_diagnosis_deID_1996_chunk93.txt
ecg_diagnosis_input_2022_chunk231.txt,,,5,ecg_diagnosis_deID_2022_chunk231.txt
ecg_diagnosis_input_2020_chunk52.txt,,,5,ecg_diagnosis_deID_2020_chunk52.txt
ecg_diagnosis_input_2011_chunk228.txt,,,5,ecg_diagnosis_deID_2011_chunk228.txt
ecg_diagnosis_input_2014_chunk192.txt,,,5,ecg_diagnosis_deID_2014_chunk192.txt
ecg_diagnosis_input_2017_chunk429.txt,,,5,ecg_diagnosis_deID_2017_chunk429.txt
ecg_diagnosis_input_2020_chunk389.txt,,,5,ecg_diagnosis_deID_2020_chunk389.txt
ecg_diagnosis_input_2019_chunk71.txt,,,5,ecg_diagnosis_deID_2019_chunk71.txt
ecg_diagnosis_input_2008_chunk18.txt,,,5,ecg_diagnosis_deID_2008_chunk18.txt
ecg_diagnosis_input_2013_chunk390.txt,,,5,ecg_diagnosis_deID_2013_chunk390.txt
ecg_diagnosis_input_2005_chunk64.txt,,,5,ecg_diagnosis_deID_2005_chunk64.txt
ecg_diagnosis_input_2014_chunk19.txt,,,5,ecg_diagnosis_deID_2014_chunk19.txt
ecg_diagnosis_input_2019_chunk65.txt,,,5,ecg_diagnosis_deID_2019_chunk65.txt
ecg_diagnosis_input_1991_chunk48.txt,,,5,ecg_diagnosis_deID_1991_chunk48.txt
ecg_diagnosis_input_2005_chunk70.txt,,,5,ecg_diagnosis_deID_2005_chunk70.txt
ecg_diagnosis_input_2013_chunk384.txt,,,5,ecg_diagnosis_deID_2013_chunk384.txt
ecg_diagnosis_input_1996_chunk87.txt,,,5,ecg_diagnosis_deID_1996_chunk87.txt
ecg_diagnosis_input_2022_chunk225.txt,,,5,ecg_diagnosis_deID_2022_chunk225.txt
ecg_diagnosis_input_2020_chunk46.txt,,,5,ecg_diagnosis_deID_2020_chunk46.txt
ecg_diagnosis_input_2014_chunk186.txt,,,5,ecg_diagnosis_deID_2014_chunk186.txt
ecg_diagnosis_input_2010_chunk159.txt,,,5,ecg_diagnosis_deID_2010_chunk159.txt
ecg_diagnosis_input_2008_chunk315.txt,,,5,ecg_diagnosis_deID_2008_chunk315.txt
ecg_diagnosis_input_2020_chunk410.txt,,,5,ecg_diagnosis_deID_2020_chunk410.txt
ecg_diagnosis_input_2013_chunk409.txt,,,5,ecg_diagnosis_deID_2013_chunk409.txt
ecg_diagnosis_input_2015_chunk208.txt,,,5,ecg_diagnosis_deID_2015_chunk208.txt
ecg_diagnosis_input_2018_chunk327.txt,,,5,ecg_diagnosis_deID_2018_chunk327.txt
ecg_diagnosis_input_2018_chunk441.txt,,,5,ecg_diagnosis_deID_2018_chunk441.txt
ecg_diagnosis_input_2002_chunk54.txt,,,5,ecg_diagnosis_deID_2002_chunk54.txt
ecg_diagnosis_input_2020_chunk376.txt,,,5,ecg_diagnosis_deID_2020_chunk376.txt
ecg_diagnosis_input_2020_chunk362.txt,,,5,ecg_diagnosis_deID_2020_chunk362.txt
ecg_diagnosis_input_2014_chunk179.txt,,,5,ecg_diagnosis_deID_2014_chunk179.txt
ecg_diagnosis_input_2018_chunk455.txt,,,5,ecg_diagnosis_deID_2018_chunk455.txt
ecg_diagnosis_input_1996_chunk78.txt,,,5,ecg_diagnosis_deID_1996_chunk78.txt
ecg_diagnosis_input_2002_chunk40.txt,,,5,ecg_diagnosis_deID_2002_chunk40.txt
ecg_diagnosis_input_2013_chunk29.txt,,,5,ecg_diagnosis_deID_2013_chunk29.txt
ecg_diagnosis_input_1987_chunk11.txt,,,5,ecg_diagnosis_deID_1987_chunk11.txt
ecg_diagnosis_input_2018_chunk333.txt,,,5,ecg_diagnosis_deID_2018_chunk333.txt
ecg_diagnosis_input_2020_chunk404.txt,,,5,ecg_diagnosis_deID_2020_chunk404.txt
ecg_diagnosis_input_2000_chunk157.txt,,,5,ecg_diagnosis_deID_2000_chunk157.txt
ecg_diagnosis_input_2015_chunk234.txt,,,5,ecg_diagnosis_deID_2015_chunk234.txt
ecg_diagnosis_input_2004_chunk188.txt,,,5,ecg_diagnosis_deID_2004_chunk188.txt
ecg_diagnosis_input_2019_chunk1.txt,,,5,ecg_diagnosis_deID_2019_chunk1.txt
ecg_diagnosis_input_2013_chunk353.txt,,,5,ecg_diagnosis_deID_2013_chunk353.txt
ecg_diagnosis_input_2014_chunk151.txt,,,5,ecg_diagnosis_deID_2014_chunk151.txt
ecg_diagnosis_input_2012_chunk9.txt,,,5,ecg_diagnosis_deID_2012_chunk9.txt
ecg_diagnosis_input_2002_chunk68.txt,,,5,ecg_diagnosis_deID_2002_chunk68.txt
ecg_diagnosis_input_1996_chunk50.txt,,,5,ecg_diagnosis_deID_1996_chunk50.txt
ecg_diagnosis_input_2008_chunk3.txt,,,5,ecg_diagnosis_deID_2008_chunk3.txt
ecg_diagnosis_input_1987_chunk39.txt,,,5,ecg_diagnosis_deID_1987_chunk39.txt
ecg_diagnosis_input_2020_chunk91.txt,,,5,ecg_diagnosis_deID_2020_chunk91.txt
ecg_diagnosis_input_2014_chunk145.txt,,,5,ecg_diagnosis_deID_2014_chunk145.txt
ecg_diagnosis_input_1996_chunk44.txt,,,5,ecg_diagnosis_deID_1996_chunk44.txt
ecg_diagnosis_input_2018_chunk469.txt,,,5,ecg_diagnosis_deID_2018_chunk469.txt
ecg_diagnosis_input_2013_chunk15.txt,,,5,ecg_diagnosis_deID_2013_chunk15.txt
ecg_diagnosis_input_2020_chunk85.txt,,,5,ecg_diagnosis_deID_2020_chunk85.txt
ecg_diagnosis_input_2013_chunk347.txt,,,5,ecg_diagnosis_deID_2013_chunk347.txt
ecg_diagnosis_input_1994_chunk141.txt,,,5,ecg_diagnosis_deID_1994_chunk141.txt
ecg_diagnosis_input_2020_chunk438.txt,,,5,ecg_diagnosis_deID_2020_chunk438.txt
ecg_diagnosis_input_2015_chunk220.txt,,,5,ecg_diagnosis_deID_2015_chunk220.txt
ecg_diagnosis_input_2017_chunk398.txt,,,5,ecg_diagnosis_deID_2017_chunk398.txt
ecg_diagnosis_input_2000_chunk143.txt,,,5,ecg_diagnosis_deID_2000_chunk143.txt
ecg_diagnosis_input_2018_chunk290.txt,,,5,ecg_diagnosis_deID_2018_chunk290.txt
ecg_diagnosis_input_2017_chunk207.txt,,,5,ecg_diagnosis_deID_2017_chunk207.txt
ecg_diagnosis_input_2008_chunk249.txt,,,5,ecg_diagnosis_deID_2008_chunk249.txt
ecg_diagnosis_input_2002_chunk164.txt,,,5,ecg_diagnosis_deID_2002_chunk164.txt
ecg_diagnosis_input_2016_chunk162.txt,,,5,ecg_diagnosis_deID_2016_chunk162.txt
ecg_diagnosis_input_2003_chunk201.txt,,,5,ecg_diagnosis_deID_2003_chunk201.txt
ecg_diagnosis_input_1993_chunk55.txt,,,5,ecg_diagnosis_deID_1993_chunk55.txt
ecg_diagnosis_input_2011_chunk360.txt,,,5,ecg_diagnosis_deID_2011_chunk360.txt
ecg_diagnosis_input_2022_chunk379.txt,,,5,ecg_diagnosis_deID_2022_chunk379.txt
ecg_diagnosis_input_1993_chunk41.txt,,,5,ecg_diagnosis_deID_1993_chunk41.txt
ecg_diagnosis_input_2003_chunk215.txt,,,5,ecg_diagnosis_deID_2003_chunk215.txt
ecg_diagnosis_input_2007_chunk79.txt,,,5,ecg_diagnosis_deID_2007_chunk79.txt
ecg_diagnosis_input_2011_chunk374.txt,,,5,ecg_diagnosis_deID_2011_chunk374.txt
ecg_diagnosis_input_2016_chunk10.txt,,,5,ecg_diagnosis_deID_2016_chunk10.txt
ecg_diagnosis_input_1982_chunk28.txt,,,5,ecg_diagnosis_deID_1982_chunk28.txt
ecg_diagnosis_input_2009_chunk138.txt,,,5,ecg_diagnosis_deID_2009_chunk138.txt
ecg_diagnosis_input_2016_chunk176.txt,,,5,ecg_diagnosis_deID_2016_chunk176.txt
ecg_diagnosis_input_2002_chunk170.txt,,,5,ecg_diagnosis_deID_2002_chunk170.txt
ecg_diagnosis_input_2018_chunk284.txt,,,5,ecg_diagnosis_deID_2018_chunk284.txt
ecg_diagnosis_input_2017_chunk213.txt,,,5,ecg_diagnosis_deID_2017_chunk213.txt
ecg_diagnosis_input_2008_chunk275.txt,,,5,ecg_diagnosis_deID_2008_chunk275.txt
ecg_diagnosis_input_2015_chunk383.txt,,,5,ecg_diagnosis_deID_2015_chunk383.txt
ecg_diagnosis_input_2002_chunk158.txt,,,5,ecg_diagnosis_deID_2002_chunk158.txt
ecg_diagnosis_input_2021_chunk198.txt,,,5,ecg_diagnosis_deID_2021_chunk198.txt
ecg_diagnosis_input_2012_chunk181.txt,,,5,ecg_diagnosis_deID_2012_chunk181.txt
ecg_diagnosis_input_2006_chunk187.txt,,,5,ecg_diagnosis_deID_2006_chunk187.txt
ecg_diagnosis_input_2007_chunk51.txt,,,5,ecg_diagnosis_deID_2007_chunk51.txt
ecg_diagnosis_input_1993_chunk69.txt,,,5,ecg_diagnosis_deID_1993_chunk69.txt
ecg_diagnosis_input_2016_chunk38.txt,,,5,ecg_diagnosis_deID_2016_chunk38.txt
ecg_diagnosis_input_2009_chunk110.txt,,,5,ecg_diagnosis_deID_2009_chunk110.txt
ecg_diagnosis_input_2022_chunk345.txt,,,5,ecg_diagnosis_deID_2022_chunk345.txt
ecg_diagnosis_input_2022_chunk67.txt,,,5,ecg_diagnosis_deID_2022_chunk67.txt
ecg_diagnosis_input_1989_chunk100.txt,,,5,ecg_diagnosis_deID_1989_chunk100.txt
ecg_diagnosis_input_2022_chunk73.txt,,,5,ecg_diagnosis_deID_2022_chunk73.txt
ecg_diagnosis_input_2007_chunk45.txt,,,5,ecg_diagnosis_deID_2007_chunk45.txt
ecg_diagnosis_input_2003_chunk229.txt,,,5,ecg_diagnosis_deID_2003_chunk229.txt
ecg_diagnosis_input_2006_chunk193.txt,,,5,ecg_diagnosis_deID_2006_chunk193.txt
ecg_diagnosis_input_2011_chunk348.txt,,,5,ecg_diagnosis_deID_2011_chunk348.txt
ecg_diagnosis_input_1982_chunk14.txt,,,5,ecg_diagnosis_deID_1982_chunk14.txt
ecg_diagnosis_input_2009_chunk104.txt,,,5,ecg_diagnosis_deID_2009_chunk104.txt
ecg_diagnosis_input_2022_chunk351.txt,,,5,ecg_diagnosis_deID_2022_chunk351.txt
ecg_diagnosis_input_2012_chunk195.txt,,,5,ecg_diagnosis_deID_2012_chunk195.txt
ecg_diagnosis_input_2008_chunk261.txt,,,5,ecg_diagnosis_deID_2008_chunk261.txt
ecg_diagnosis_input_2015_chunk397.txt,,,5,ecg_diagnosis_deID_2015_chunk397.txt
ecg_diagnosis_input_2020_chunk564.txt,,,5,ecg_diagnosis_deID_2020_chunk564.txt
ecg_diagnosis_input_2018_chunk253.txt,,,5,ecg_diagnosis_deID_2018_chunk253.txt
ecg_diagnosis_input_2021_chunk167.txt,,,5,ecg_diagnosis_deID_2021_chunk167.txt
ecg_diagnosis_input_2021_chunk601.txt,,,5,ecg_diagnosis_deID_2021_chunk601.txt
ecg_diagnosis_input_1999_chunk132.txt,,,5,ecg_diagnosis_deID_1999_chunk132.txt
ecg_diagnosis_input_1993_chunk96.txt,,,5,ecg_diagnosis_deID_1993_chunk96.txt
ecg_diagnosis_input_2006_chunk178.txt,,,5,ecg_diagnosis_deID_2006_chunk178.txt
ecg_diagnosis_input_2020_chunk202.txt,,,5,ecg_diagnosis_deID_2020_chunk202.txt
ecg_diagnosis_input_1985_chunk30.txt,,,5,ecg_diagnosis_deID_1985_chunk30.txt
ecg_diagnosis_input_2022_chunk98.txt,,,5,ecg_diagnosis_deID_2022_chunk98.txt
ecg_diagnosis_input_2000_chunk61.txt,,,5,ecg_diagnosis_deID_2000_chunk61.txt
ecg_diagnosis_input_2019_chunk136.txt,,,5,ecg_diagnosis_deID_2019_chunk136.txt
ecg_diagnosis_input_1994_chunk59.txt,,,5,ecg_diagnosis_deID_1994_chunk59.txt
ecg_diagnosis_input_1999_chunk25.txt,,,5,ecg_diagnosis_deID_1999_chunk25.txt
ecg_diagnosis_input_1988_chunk58.txt,,,5,ecg_diagnosis_deID_1988_chunk58.txt
ecg_diagnosis_input_2020_chunk216.txt,,,5,ecg_diagnosis_deID_2020_chunk216.txt
ecg_diagnosis_input_1985_chunk24.txt,,,5,ecg_diagnosis_deID_1985_chunk24.txt
ecg_diagnosis_input_2000_chunk75.txt,,,5,ecg_diagnosis_deID_2000_chunk75.txt
ecg_diagnosis_input_2019_chunk122.txt,,,5,ecg_diagnosis_deID_2019_chunk122.txt
ecg_diagnosis_input_1999_chunk31.txt,,,5,ecg_diagnosis_deID_1999_chunk31.txt
ecg_diagnosis_input_2021_chunk615.txt,,,5,ecg_diagnosis_deID_2021_chunk615.txt
ecg_diagnosis_input_1999_chunk126.txt,,,5,ecg_diagnosis_deID_1999_chunk126.txt
ecg_diagnosis_input_1993_chunk82.txt,,,5,ecg_diagnosis_deID_1993_chunk82.txt
ecg_diagnosis_input_2018_chunk247.txt,,,5,ecg_diagnosis_deID_2018_chunk247.txt
ecg_diagnosis_input_2021_chunk173.txt,,,5,ecg_diagnosis_deID_2021_chunk173.txt
ecg_diagnosis_input_2015_chunk368.txt,,,5,ecg_diagnosis_deID_2015_chunk368.txt
ecg_diagnosis_input_2007_chunk209.txt,,,5,ecg_diagnosis_deID_2007_chunk209.txt
ecg_diagnosis_input_2020_chunk570.txt,,,5,ecg_diagnosis_deID_2020_chunk570.txt
ecg_diagnosis_input_1986_chunk9.txt,,,5,ecg_diagnosis_deID_1986_chunk9.txt
ecg_diagnosis_input_2012_chunk142.txt,,,5,ecg_diagnosis_deID_2012_chunk142.txt
ecg_diagnosis_input_2015_chunk340.txt,,,5,ecg_diagnosis_deID_2015_chunk340.txt
ecg_diagnosis_input_2007_chunk221.txt,,,5,ecg_diagnosis_deID_2007_chunk221.txt
ecg_diagnosis_input_2020_chunk558.txt,,,5,ecg_diagnosis_deID_2020_chunk558.txt
ecg_diagnosis_input_2011_chunk34.txt,,,5,ecg_diagnosis_deID_2011_chunk34.txt
ecg_diagnosis_input_1988_chunk70.txt,,,5,ecg_diagnosis_deID_1988_chunk70.txt
ecg_diagnosis_input_1999_chunk19.txt,,,5,ecg_diagnosis_deID_1999_chunk19.txt
ecg_diagnosis_input_1994_chunk65.txt,,,5,ecg_diagnosis_deID_1994_chunk65.txt
ecg_diagnosis_input_2013_chunk227.txt,,,5,ecg_diagnosis_deID_2013_chunk227.txt
ecg_diagnosis_input_2022_chunk386.txt,,,5,ecg_diagnosis_deID_2022_chunk386.txt
ecg_diagnosis_input_2018_chunk509.txt,,,5,ecg_diagnosis_deID_2018_chunk509.txt
ecg_diagnosis_input_2007_chunk92.txt,,,5,ecg_diagnosis_deID_2007_chunk92.txt
ecg_diagnosis_input_2006_chunk144.txt,,,5,ecg_diagnosis_deID_2006_chunk144.txt
ecg_diagnosis_input_2014_chunk2.txt,,,5,ecg_diagnosis_deID_2014_chunk2.txt
ecg_diagnosis_input_2021_chunk629.txt,,,5,ecg_diagnosis_deID_2021_chunk629.txt
ecg_diagnosis_input_2022_chunk392.txt,,,5,ecg_diagnosis_deID_2022_chunk392.txt
ecg_diagnosis_input_2006_chunk150.txt,,,5,ecg_diagnosis_deID_2006_chunk150.txt
ecg_diagnosis_input_2007_chunk86.txt,,,5,ecg_diagnosis_deID_2007_chunk86.txt
ecg_diagnosis_input_2011_chunk20.txt,,,5,ecg_diagnosis_deID_2011_chunk20.txt
ecg_diagnosis_input_1985_chunk18.txt,,,5,ecg_diagnosis_deID_1985_chunk18.txt
ecg_diagnosis_input_1988_chunk64.txt,,,5,ecg_diagnosis_deID_1988_chunk64.txt
ecg_diagnosis_input_1994_chunk71.txt,,,5,ecg_diagnosis_deID_1994_chunk71.txt
ecg_diagnosis_input_2000_chunk49.txt,,,5,ecg_diagnosis_deID_2000_chunk49.txt
ecg_diagnosis_input_2016_chunk189.txt,,,5,ecg_diagnosis_deID_2016_chunk189.txt
ecg_diagnosis_input_2013_chunk233.txt,,,5,ecg_diagnosis_deID_2013_chunk233.txt
ecg_diagnosis_input_2015_chunk354.txt,,,5,ecg_diagnosis_deID_2015_chunk354.txt
ecg_diagnosis_input_2007_chunk235.txt,,,5,ecg_diagnosis_deID_2007_chunk235.txt
ecg_diagnosis_input_2012_chunk156.txt,,,5,ecg_diagnosis_deID_2012_chunk156.txt
ecg_diagnosis_input_2011_chunk162.txt,,,5,ecg_diagnosis_deID_2011_chunk162.txt
ecg_diagnosis_input_2004_chunk201.txt,,,5,ecg_diagnosis_deID_2004_chunk201.txt
ecg_diagnosis_input_2016_chunk360.txt,,,5,ecg_diagnosis_deID_2016_chunk360.txt
ecg_diagnosis_input_2016_chunk406.txt,,,5,ecg_diagnosis_deID_2016_chunk406.txt
ecg_diagnosis_input_2010_chunk207.txt,,,5,ecg_diagnosis_deID_2010_chunk207.txt
ecg_diagnosis_input_2012_chunk84.txt,,,5,ecg_diagnosis_deID_2012_chunk84.txt
ecg_diagnosis_input_2021_chunk14.txt,,,5,ecg_diagnosis_deID_2021_chunk14.txt
ecg_diagnosis_input_2019_chunk491.txt,,,5,ecg_diagnosis_deID_2019_chunk491.txt
ecg_diagnosis_input_2018_chunk37.txt,,,5,ecg_diagnosis_deID_2018_chunk37.txt
ecg_diagnosis_input_2005_chunk164.txt,,,5,ecg_diagnosis_deID_2005_chunk164.txt
ecg_diagnosis_input_2004_chunk22.txt,,,5,ecg_diagnosis_deID_2004_chunk22.txt
ecg_diagnosis_input_2018_chunk23.txt,,,5,ecg_diagnosis_deID_2018_chunk23.txt
ecg_diagnosis_input_2004_chunk36.txt,,,5,ecg_diagnosis_deID_2004_chunk36.txt
ecg_diagnosis_input_2005_chunk170.txt,,,5,ecg_diagnosis_deID_2005_chunk170.txt
ecg_diagnosis_input_2016_chunk412.txt,,,5,ecg_diagnosis_deID_2016_chunk412.txt
ecg_diagnosis_input_2010_chunk213.txt,,,5,ecg_diagnosis_deID_2010_chunk213.txt
ecg_diagnosis_input_2012_chunk90.txt,,,5,ecg_diagnosis_deID_2012_chunk90.txt
ecg_diagnosis_input_2019_chunk485.txt,,,5,ecg_diagnosis_deID_2019_chunk485.txt
ecg_diagnosis_input_2004_chunk215.txt,,,5,ecg_diagnosis_deID_2004_chunk215.txt
ecg_diagnosis_input_2016_chunk374.txt,,,5,ecg_diagnosis_deID_2016_chunk374.txt
ecg_diagnosis_input_2011_chunk176.txt,,,5,ecg_diagnosis_deID_2011_chunk176.txt
ecg_diagnosis_input_2022_chunk147.txt,,,5,ecg_diagnosis_deID_2022_chunk147.txt
ecg_diagnosis_input_2009_chunk312.txt,,,5,ecg_diagnosis_deID_2009_chunk312.txt
ecg_diagnosis_input_2015_chunk77.txt,,,5,ecg_diagnosis_deID_2015_chunk77.txt
ecg_diagnosis_input_2012_chunk383.txt,,,5,ecg_diagnosis_deID_2012_chunk383.txt
ecg_diagnosis_input_2009_chunk62.txt,,,5,ecg_diagnosis_deID_2009_chunk62.txt
ecg_diagnosis_input_1990_chunk26.txt,,,5,ecg_diagnosis_deID_1990_chunk26.txt
ecg_diagnosis_input_2005_chunk158.txt,,,5,ecg_diagnosis_deID_2005_chunk158.txt
ecg_diagnosis_input_2015_chunk181.txt,,,5,ecg_diagnosis_deID_2015_chunk181.txt
ecg_diagnosis_input_2021_chunk28.txt,,,5,ecg_diagnosis_deID_2021_chunk28.txt
ecg_diagnosis_input_2015_chunk195.txt,,,5,ecg_diagnosis_deID_2015_chunk195.txt
ecg_diagnosis_input_2012_chunk397.txt,,,5,ecg_diagnosis_deID_2012_chunk397.txt
ecg_diagnosis_input_2015_chunk63.txt,,,5,ecg_diagnosis_deID_2015_chunk63.txt
ecg_diagnosis_input_2009_chunk76.txt,,,5,ecg_diagnosis_deID_2009_chunk76.txt
ecg_diagnosis_input_1990_chunk32.txt,,,5,ecg_diagnosis_deID_1990_chunk32.txt
ecg_diagnosis_input_2022_chunk153.txt,,,5,ecg_diagnosis_deID_2022_chunk153.txt
ecg_diagnosis_input_2009_chunk306.txt,,,5,ecg_diagnosis_deID_2009_chunk306.txt
ecg_diagnosis_input_1994_chunk5.txt,,,5,ecg_diagnosis_deID_1994_chunk5.txt
ecg_diagnosis_input_1985_chunk7.txt,,,5,ecg_diagnosis_deID_1985_chunk7.txt
ecg_diagnosis_input_2004_chunk229.txt,,,5,ecg_diagnosis_deID_2004_chunk229.txt
ecg_diagnosis_input_2016_chunk348.txt,,,5,ecg_diagnosis_deID_2016_chunk348.txt
ecg_diagnosis_input_2019_chunk334.txt,,,5,ecg_diagnosis_deID_2019_chunk334.txt
ecg_diagnosis_input_2021_chunk403.txt,,,5,ecg_diagnosis_deID_2021_chunk403.txt
ecg_diagnosis_input_2021_chunk365.txt,,,5,ecg_diagnosis_deID_2021_chunk365.txt
ecg_diagnosis_input_2015_chunk88.txt,,,5,ecg_diagnosis_deID_2015_chunk88.txt
ecg_diagnosis_input_1997_chunk16.txt,,,5,ecg_diagnosis_deID_1997_chunk16.txt
ecg_diagnosis_input_2012_chunk47.txt,,,5,ecg_diagnosis_deID_2012_chunk47.txt
ecg_diagnosis_input_2019_chunk452.txt,,,5,ecg_diagnosis_deID_2019_chunk452.txt
ecg_diagnosis_input_2012_chunk53.txt,,,5,ecg_diagnosis_deID_2012_chunk53.txt
ecg_diagnosis_input_2019_chunk446.txt,,,5,ecg_diagnosis_deID_2019_chunk446.txt
ecg_diagnosis_input_2021_chunk371.txt,,,5,ecg_diagnosis_deID_2021_chunk371.txt
ecg_diagnosis_input_2012_chunk368.txt,,,5,ecg_diagnosis_deID_2012_chunk368.txt
ecg_diagnosis_input_2009_chunk89.txt,,,5,ecg_diagnosis_deID_2009_chunk89.txt
ecg_diagnosis_input_2021_chunk417.txt,,,5,ecg_diagnosis_deID_2021_chunk417.txt
ecg_diagnosis_input_2019_chunk320.txt,,,5,ecg_diagnosis_deID_2019_chunk320.txt
ecg_diagnosis_input_2014_chunk227.txt,,,5,ecg_diagnosis_deID_2014_chunk227.txt
ecg_diagnosis_input_2022_chunk184.txt,,,5,ecg_diagnosis_deID_2022_chunk184.txt
ecg_diagnosis_input_2001_chunk144.txt,,,5,ecg_diagnosis_deID_2001_chunk144.txt
ecg_diagnosis_input_2019_chunk308.txt,,,5,ecg_diagnosis_deID_2019_chunk308.txt
ecg_diagnosis_input_2003_chunk12.txt,,,5,ecg_diagnosis_deID_2003_chunk12.txt
ecg_diagnosis_input_1986_chunk43.txt,,,5,ecg_diagnosis_deID_1986_chunk43.txt
ecg_diagnosis_input_2015_chunk142.txt,,,5,ecg_diagnosis_deID_2015_chunk142.txt
ecg_diagnosis_input_1995_chunk146.txt,,,5,ecg_diagnosis_deID_1995_chunk146.txt
ecg_diagnosis_input_2021_chunk359.txt,,,5,ecg_diagnosis_deID_2021_chunk359.txt
ecg_diagnosis_input_2012_chunk340.txt,,,5,ecg_diagnosis_deID_2012_chunk340.txt
ecg_diagnosis_input_1995_chunk152.txt,,,5,ecg_diagnosis_deID_1995_chunk152.txt
ecg_diagnosis_input_2012_chunk354.txt,,,5,ecg_diagnosis_deID_2012_chunk354.txt
ecg_diagnosis_input_1986_chunk57.txt,,,5,ecg_diagnosis_deID_1986_chunk57.txt
ecg_diagnosis_input_2015_chunk156.txt,,,5,ecg_diagnosis_deID_2015_chunk156.txt
ecg_diagnosis_input_2001_chunk150.txt,,,5,ecg_diagnosis_deID_2001_chunk150.txt
ecg_diagnosis_input_2014_chunk233.txt,,,5,ecg_diagnosis_deID_2014_chunk233.txt
ecg_diagnosis_input_2011_chunk189.txt,,,5,ecg_diagnosis_deID_2011_chunk189.txt
ecg_diagnosis_input_2022_chunk190.txt,,,5,ecg_diagnosis_deID_2022_chunk190.txt
ecg_diagnosis_input_2022_chunk189.txt,,,5,ecg_diagnosis_deID_2022_chunk189.txt
ecg_diagnosis_input_2021_chunk432.txt,,,5,ecg_diagnosis_deID_2021_chunk432.txt
ecg_diagnosis_input_2011_chunk190.txt,,,5,ecg_diagnosis_deID_2011_chunk190.txt
ecg_diagnosis_input_2019_chunk305.txt,,,5,ecg_diagnosis_deID_2019_chunk305.txt
ecg_diagnosis_input_2001_chunk149.txt,,,5,ecg_diagnosis_deID_2001_chunk149.txt
ecg_diagnosis_input_2016_chunk392.txt,,,5,ecg_diagnosis_deID_2016_chunk392.txt
ecg_diagnosis_input_1997_chunk27.txt,,,5,ecg_diagnosis_deID_1997_chunk27.txt
ecg_diagnosis_input_2019_chunk463.txt,,,5,ecg_diagnosis_deID_2019_chunk463.txt
ecg_diagnosis_input_2012_chunk76.txt,,,5,ecg_diagnosis_deID_2012_chunk76.txt
ecg_diagnosis_input_2005_chunk196.txt,,,5,ecg_diagnosis_deID_2005_chunk196.txt
ecg_diagnosis_input_2021_chunk354.txt,,,5,ecg_diagnosis_deID_2021_chunk354.txt
ecg_diagnosis_input_2012_chunk359.txt,,,5,ecg_diagnosis_deID_2012_chunk359.txt
ecg_diagnosis_input_2005_chunk182.txt,,,5,ecg_diagnosis_deID_2005_chunk182.txt
ecg_diagnosis_input_2021_chunk340.txt,,,5,ecg_diagnosis_deID_2021_chunk340.txt
ecg_diagnosis_input_1997_chunk33.txt,,,5,ecg_diagnosis_deID_1997_chunk33.txt
ecg_diagnosis_input_2019_chunk477.txt,,,5,ecg_diagnosis_deID_2019_chunk477.txt
ecg_diagnosis_input_2012_chunk62.txt,,,5,ecg_diagnosis_deID_2012_chunk62.txt
ecg_diagnosis_input_2019_chunk311.txt,,,5,ecg_diagnosis_deID_2019_chunk311.txt
ecg_diagnosis_input_2016_chunk386.txt,,,5,ecg_diagnosis_deID_2016_chunk386.txt
ecg_diagnosis_input_2021_chunk426.txt,,,5,ecg_diagnosis_deID_2021_chunk426.txt
ecg_diagnosis_input_2011_chunk184.txt,,,5,ecg_diagnosis_deID_2011_chunk184.txt
ecg_diagnosis_input_2019_chunk339.txt,,,5,ecg_diagnosis_deID_2019_chunk339.txt
ecg_diagnosis_input_2014_chunk216.txt,,,6,ecg_diagnosis_deID_2014_chunk216.txt
ecg_diagnosis_input_2012_chunk417.txt,,,6,ecg_diagnosis_deID_2012_chunk417.txt
ecg_diagnosis_input_2015_chunk85.txt,,,6,ecg_diagnosis_deID_2015_chunk85.txt
ecg_diagnosis_input_2012_chunk371.txt,,,6,ecg_diagnosis_deID_2012_chunk371.txt
ecg_diagnosis_input_2009_chunk90.txt,,,6,ecg_diagnosis_deID_2009_chunk90.txt
ecg_diagnosis_input_2021_chunk368.txt,,,6,ecg_diagnosis_deID_2021_chunk368.txt
ecg_diagnosis_input_2015_chunk173.txt,,,6,ecg_diagnosis_deID_2015_chunk173.txt
ecg_diagnosis_input_2003_chunk23.txt,,,6,ecg_diagnosis_deID_2003_chunk23.txt
ecg_diagnosis_input_2015_chunk167.txt,,,6,ecg_diagnosis_deID_2015_chunk167.txt
ecg_diagnosis_input_2003_chunk37.txt,,,6,ecg_diagnosis_deID_2003_chunk37.txt
ecg_diagnosis_input_2012_chunk365.txt,,,6,ecg_diagnosis_deID_2012_chunk365.txt
ecg_diagnosis_input_2015_chunk91.txt,,,6,ecg_diagnosis_deID_2015_chunk91.txt
ecg_diagnosis_input_2009_chunk84.txt,,,6,ecg_diagnosis_deID_2009_chunk84.txt
ecg_diagnosis_input_2014_chunk202.txt,,,6,ecg_diagnosis_deID_2014_chunk202.txt
ecg_diagnosis_input_2012_chunk403.txt,,,6,ecg_diagnosis_deID_2012_chunk403.txt
ecg_diagnosis_input_2001_chunk161.txt,,,6,ecg_diagnosis_deID_2001_chunk161.txt
ecg_diagnosis_input_2004_chunk230.txt,,,6,ecg_diagnosis_deID_2004_chunk230.txt
ecg_diagnosis_input_2016_chunk351.txt,,,6,ecg_diagnosis_deID_2016_chunk351.txt
ecg_diagnosis_input_2011_chunk153.txt,,,6,ecg_diagnosis_deID_2011_chunk153.txt
ecg_diagnosis_input_2021_chunk397.txt,,,6,ecg_diagnosis_deID_2021_chunk397.txt
ecg_diagnosis_input_2006_chunk3.txt,,,6,ecg_diagnosis_deID_2006_chunk3.txt
ecg_diagnosis_input_2005_chunk155.txt,,,6,ecg_diagnosis_deID_2005_chunk155.txt
ecg_diagnosis_input_2004_chunk13.txt,,,6,ecg_diagnosis_deID_2004_chunk13.txt
ecg_diagnosis_input_2021_chunk25.txt,,,6,ecg_diagnosis_deID_2021_chunk25.txt
ecg_diagnosis_input_2016_chunk437.txt,,,6,ecg_diagnosis_deID_2016_chunk437.txt
ecg_diagnosis_input_2010_chunk236.txt,,,6,ecg_diagnosis_deID_2010_chunk236.txt
ecg_diagnosis_input_2017_chunk1.txt,,,6,ecg_diagnosis_deID_2017_chunk1.txt
ecg_diagnosis_input_2021_chunk31.txt,,,6,ecg_diagnosis_deID_2021_chunk31.txt
ecg_diagnosis_input_2016_chunk423.txt,,,6,ecg_diagnosis_deID_2016_chunk423.txt
ecg_diagnosis_input_2015_chunk198.txt,,,6,ecg_diagnosis_deID_2015_chunk198.txt
ecg_diagnosis_input_2010_chunk222.txt,,,6,ecg_diagnosis_deID_2010_chunk222.txt
ecg_diagnosis_input_2021_chunk383.txt,,,6,ecg_diagnosis_deID_2021_chunk383.txt
ecg_diagnosis_input_2018_chunk12.txt,,,6,ecg_diagnosis_deID_2018_chunk12.txt
ecg_diagnosis_input_2005_chunk141.txt,,,6,ecg_diagnosis_deID_2005_chunk141.txt
ecg_diagnosis_input_2011_chunk147.txt,,,6,ecg_diagnosis_deID_2011_chunk147.txt
ecg_diagnosis_input_1994_chunk8.txt,,,6,ecg_diagnosis_deID_1994_chunk8.txt
ecg_diagnosis_input_2004_chunk224.txt,,,6,ecg_diagnosis_deID_2004_chunk224.txt
ecg_diagnosis_input_2016_chunk345.txt,,,6,ecg_diagnosis_deID_2016_chunk345.txt
ecg_diagnosis_input_2009_chunk323.txt,,,6,ecg_diagnosis_deID_2009_chunk323.txt
ecg_diagnosis_input_2022_chunk176.txt,,,6,ecg_diagnosis_deID_2022_chunk176.txt
ecg_diagnosis_input_2012_chunk89.txt,,,6,ecg_diagnosis_deID_2012_chunk89.txt
ecg_diagnosis_input_2021_chunk19.txt,,,6,ecg_diagnosis_deID_2021_chunk19.txt
ecg_diagnosis_input_2015_chunk46.txt,,,6,ecg_diagnosis_deID_2015_chunk46.txt
ecg_diagnosis_input_2005_chunk169.txt,,,6,ecg_diagnosis_deID_2005_chunk169.txt
ecg_diagnosis_input_1990_chunk17.txt,,,6,ecg_diagnosis_deID_1990_chunk17.txt
ecg_diagnosis_input_2009_chunk53.txt,,,6,ecg_diagnosis_deID_2009_chunk53.txt
ecg_diagnosis_input_2015_chunk52.txt,,,6,ecg_diagnosis_deID_2015_chunk52.txt
ecg_diagnosis_input_2009_chunk47.txt,,,6,ecg_diagnosis_deID_2009_chunk47.txt
ecg_diagnosis_input_2019_chunk488.txt,,,6,ecg_diagnosis_deID_2019_chunk488.txt
ecg_diagnosis_input_2020_chunk1.txt,,,6,ecg_diagnosis_deID_2020_chunk1.txt
ecg_diagnosis_input_2004_chunk218.txt,,,6,ecg_diagnosis_deID_2004_chunk218.txt
ecg_diagnosis_input_2016_chunk379.txt,,,6,ecg_diagnosis_deID_2016_chunk379.txt
ecg_diagnosis_input_2009_chunk337.txt,,,6,ecg_diagnosis_deID_2009_chunk337.txt
ecg_diagnosis_input_2022_chunk162.txt,,,6,ecg_diagnosis_deID_2022_chunk162.txt
ecg_diagnosis_input_2018_chunk262.txt,,,6,ecg_diagnosis_deID_2018_chunk262.txt
ecg_diagnosis_input_2021_chunk156.txt,,,6,ecg_diagnosis_deID_2021_chunk156.txt
ecg_diagnosis_input_1986_chunk4.txt,,,6,ecg_diagnosis_deID_1986_chunk4.txt
ecg_diagnosis_input_1997_chunk6.txt,,,6,ecg_diagnosis_deID_1997_chunk6.txt
ecg_diagnosis_input_2020_chunk555.txt,,,6,ecg_diagnosis_deID_2020_chunk555.txt
ecg_diagnosis_input_2016_chunk190.txt,,,6,ecg_diagnosis_deID_2016_chunk190.txt
ecg_diagnosis_input_2011_chunk39.txt,,,6,ecg_diagnosis_deID_2011_chunk39.txt
ecg_diagnosis_input_2020_chunk233.txt,,,6,ecg_diagnosis_deID_2020_chunk233.txt
ecg_diagnosis_input_1999_chunk14.txt,,,6,ecg_diagnosis_deID_1999_chunk14.txt
ecg_diagnosis_input_1994_chunk68.txt,,,6,ecg_diagnosis_deID_1994_chunk68.txt
ecg_diagnosis_input_2019_chunk107.txt,,,6,ecg_diagnosis_deID_2019_chunk107.txt
ecg_diagnosis_input_2000_chunk50.txt,,,6,ecg_diagnosis_deID_2000_chunk50.txt
ecg_diagnosis_input_2006_chunk149.txt,,,6,ecg_diagnosis_deID_2006_chunk149.txt
ecg_diagnosis_input_1999_chunk103.txt,,,6,ecg_diagnosis_deID_1999_chunk103.txt
ecg_diagnosis_input_2021_chunk630.txt,,,6,ecg_diagnosis_deID_2021_chunk630.txt
ecg_diagnosis_input_2018_chunk504.txt,,,6,ecg_diagnosis_deID_2018_chunk504.txt
ecg_diagnosis_input_1999_chunk117.txt,,,6,ecg_diagnosis_deID_1999_chunk117.txt
ecg_diagnosis_input_2021_chunk624.txt,,,6,ecg_diagnosis_deID_2021_chunk624.txt
ecg_diagnosis_input_2018_chunk510.txt,,,6,ecg_diagnosis_deID_2018_chunk510.txt
ecg_diagnosis_input_2016_chunk184.txt,,,6,ecg_diagnosis_deID_2016_chunk184.txt
ecg_diagnosis_input_1985_chunk15.txt,,,6,ecg_diagnosis_deID_1985_chunk15.txt
ecg_diagnosis_input_2020_chunk227.txt,,,6,ecg_diagnosis_deID_2020_chunk227.txt
ecg_diagnosis_input_1988_chunk69.txt,,,6,ecg_diagnosis_deID_1988_chunk69.txt
ecg_diagnosis_input_2019_chunk113.txt,,,6,ecg_diagnosis_deID_2019_chunk113.txt
ecg_diagnosis_input_2000_chunk44.txt,,,6,ecg_diagnosis_deID_2000_chunk44.txt
ecg_diagnosis_input_2020_chunk541.txt,,,6,ecg_diagnosis_deID_2020_chunk541.txt
ecg_diagnosis_input_2015_chunk359.txt,,,6,ecg_diagnosis_deID_2015_chunk359.txt
ecg_diagnosis_input_2002_chunk182.txt,,,6,ecg_diagnosis_deID_2002_chunk182.txt
ecg_diagnosis_input_2007_chunk238.txt,,,6,ecg_diagnosis_deID_2007_chunk238.txt
ecg_diagnosis_input_2018_chunk276.txt,,,6,ecg_diagnosis_deID_2018_chunk276.txt
ecg_diagnosis_input_2021_chunk142.txt,,,6,ecg_diagnosis_deID_2021_chunk142.txt
ecg_diagnosis_input_2008_chunk287.txt,,,6,ecg_diagnosis_deID_2008_chunk287.txt
ecg_diagnosis_input_2020_chunk569.txt,,,6,ecg_diagnosis_deID_2020_chunk569.txt
ecg_diagnosis_input_2015_chunk371.txt,,,6,ecg_diagnosis_deID_2015_chunk371.txt
ecg_diagnosis_input_2007_chunk210.txt,,,6,ecg_diagnosis_deID_2007_chunk210.txt
ecg_diagnosis_input_2012_chunk173.txt,,,6,ecg_diagnosis_deID_2012_chunk173.txt
ecg_diagnosis_input_2006_chunk175.txt,,,6,ecg_diagnosis_deID_2006_chunk175.txt
ecg_diagnosis_input_2013_chunk216.txt,,,6,ecg_diagnosis_deID_2013_chunk216.txt
ecg_diagnosis_input_2015_chunk417.txt,,,6,ecg_diagnosis_deID_2015_chunk417.txt
ecg_diagnosis_input_1988_chunk41.txt,,,6,ecg_diagnosis_deID_1988_chunk41.txt
ecg_diagnosis_input_2022_chunk95.txt,,,6,ecg_diagnosis_deID_2022_chunk95.txt
ecg_diagnosis_input_1994_chunk54.txt,,,6,ecg_diagnosis_deID_1994_chunk54.txt
ecg_diagnosis_input_1999_chunk28.txt,,,6,ecg_diagnosis_deID_1999_chunk28.txt
ecg_diagnosis_input_2013_chunk202.txt,,,6,ecg_diagnosis_deID_2013_chunk202.txt
ecg_diagnosis_input_2015_chunk403.txt,,,6,ecg_diagnosis_deID_2015_chunk403.txt
ecg_diagnosis_input_1988_chunk55.txt,,,6,ecg_diagnosis_deID_1988_chunk55.txt
ecg_diagnosis_input_1985_chunk29.txt,,,6,ecg_diagnosis_deID_1985_chunk29.txt
ecg_diagnosis_input_2011_chunk11.txt,,,6,ecg_diagnosis_deID_2011_chunk11.txt
ecg_diagnosis_input_2022_chunk81.txt,,,6,ecg_diagnosis_deID_2022_chunk81.txt
ecg_diagnosis_input_2000_chunk78.txt,,,6,ecg_diagnosis_deID_2000_chunk78.txt
ecg_diagnosis_input_1994_chunk40.txt,,,6,ecg_diagnosis_deID_1994_chunk40.txt
ecg_diagnosis_input_2006_chunk161.txt,,,6,ecg_diagnosis_deID_2006_chunk161.txt
ecg_diagnosis_input_2021_chunk618.txt,,,6,ecg_diagnosis_deID_2021_chunk618.txt
ecg_diagnosis_input_2012_chunk167.txt,,,6,ecg_diagnosis_deID_2012_chunk167.txt
ecg_diagnosis_input_2008_chunk293.txt,,,6,ecg_diagnosis_deID_2008_chunk293.txt
ecg_diagnosis_input_2015_chunk365.txt,,,6,ecg_diagnosis_deID_2015_chunk365.txt
ecg_diagnosis_input_2007_chunk204.txt,,,6,ecg_diagnosis_deID_2007_chunk204.txt
ecg_diagnosis_input_2002_chunk155.txt,,,6,ecg_diagnosis_deID_2002_chunk155.txt
ecg_diagnosis_input_2008_chunk278.txt,,,6,ecg_diagnosis_deID_2008_chunk278.txt
ecg_diagnosis_input_2017_chunk236.txt,,,6,ecg_diagnosis_deID_2017_chunk236.txt
ecg_diagnosis_input_2021_chunk195.txt,,,6,ecg_diagnosis_deID_2021_chunk195.txt
ecg_diagnosis_input_2022_chunk348.txt,,,6,ecg_diagnosis_deID_2022_chunk348.txt
ecg_diagnosis_input_1993_chunk64.txt,,,6,ecg_diagnosis_deID_1993_chunk64.txt
ecg_diagnosis_input_2016_chunk35.txt,,,6,ecg_diagnosis_deID_2016_chunk35.txt
ecg_diagnosis_input_2011_chunk351.txt,,,6,ecg_diagnosis_deID_2011_chunk351.txt
ecg_diagnosis_input_2000_chunk93.txt,,,6,ecg_diagnosis_deID_2000_chunk93.txt
ecg_diagnosis_input_2016_chunk153.txt,,,6,ecg_diagnosis_deID_2016_chunk153.txt
ecg_diagnosis_input_2000_chunk87.txt,,,6,ecg_diagnosis_deID_2000_chunk87.txt
ecg_diagnosis_input_2016_chunk147.txt,,,6,ecg_diagnosis_deID_2016_chunk147.txt
ecg_diagnosis_input_2009_chunk109.txt,,,6,ecg_diagnosis_deID_2009_chunk109.txt
ecg_diagnosis_input_1996_chunk143.txt,,,6,ecg_diagnosis_deID_1996_chunk143.txt
ecg_diagnosis_input_2007_chunk48.txt,,,6,ecg_diagnosis_deID_2007_chunk48.txt
ecg_diagnosis_input_2003_chunk224.txt,,,6,ecg_diagnosis_deID_2003_chunk224.txt
ecg_diagnosis_input_1993_chunk70.txt,,,6,ecg_diagnosis_deID_1993_chunk70.txt
ecg_diagnosis_input_1982_chunk19.txt,,,6,ecg_diagnosis_deID_1982_chunk19.txt
ecg_diagnosis_input_2011_chunk345.txt,,,6,ecg_diagnosis_deID_2011_chunk345.txt
ecg_diagnosis_input_2016_chunk21.txt,,,6,ecg_diagnosis_deID_2016_chunk21.txt
ecg_diagnosis_input_2017_chunk222.txt,,,6,ecg_diagnosis_deID_2017_chunk222.txt
ecg_diagnosis_input_2012_chunk198.txt,,,6,ecg_diagnosis_deID_2012_chunk198.txt
ecg_diagnosis_input_2021_chunk181.txt,,,6,ecg_diagnosis_deID_2021_chunk181.txt
ecg_diagnosis_input_2002_chunk141.txt,,,6,ecg_diagnosis_deID_2002_chunk141.txt
ecg_diagnosis_input_2020_chunk582.txt,,,6,ecg_diagnosis_deID_2020_chunk582.txt
ecg_diagnosis_input_2002_chunk169.txt,,,6,ecg_diagnosis_deID_2002_chunk169.txt
ecg_diagnosis_input_2008_chunk244.txt,,,6,ecg_diagnosis_deID_2008_chunk244.txt
ecg_diagnosis_input_1988_chunk82.txt,,,6,ecg_diagnosis_deID_1988_chunk82.txt
ecg_diagnosis_input_2022_chunk56.txt,,,6,ecg_diagnosis_deID_2022_chunk56.txt
ecg_diagnosis_input_1994_chunk97.txt,,,6,ecg_diagnosis_deID_1994_chunk97.txt
ecg_diagnosis_input_2022_chunk374.txt,,,6,ecg_diagnosis_deID_2022_chunk374.txt
ecg_diagnosis_input_2009_chunk121.txt,,,6,ecg_diagnosis_deID_2009_chunk121.txt
ecg_diagnosis_input_1993_chunk58.txt,,,6,ecg_diagnosis_deID_1993_chunk58.txt
ecg_diagnosis_input_2007_chunk60.txt,,,6,ecg_diagnosis_deID_2007_chunk60.txt
ecg_diagnosis_input_1982_chunk31.txt,,,6,ecg_diagnosis_deID_1982_chunk31.txt
ecg_diagnosis_input_2022_chunk360.txt,,,6,ecg_diagnosis_deID_2022_chunk360.txt
ecg_diagnosis_input_2009_chunk135.txt,,,6,ecg_diagnosis_deID_2009_chunk135.txt
ecg_diagnosis_input_2003_chunk218.txt,,,6,ecg_diagnosis_deID_2003_chunk218.txt
ecg_diagnosis_input_2007_chunk74.txt,,,6,ecg_diagnosis_deID_2007_chunk74.txt
ecg_diagnosis_input_1982_chunk25.txt,,,6,ecg_diagnosis_deID_1982_chunk25.txt
ecg_diagnosis_input_2011_chunk379.txt,,,6,ecg_diagnosis_deID_2011_chunk379.txt
ecg_diagnosis_input_2022_chunk42.txt,,,6,ecg_diagnosis_deID_2022_chunk42.txt
ecg_diagnosis_input_1994_chunk83.txt,,,6,ecg_diagnosis_deID_1994_chunk83.txt
ecg_diagnosis_input_2008_chunk250.txt,,,6,ecg_diagnosis_deID_2008_chunk250.txt
ecg_diagnosis_input_2018_chunk289.txt,,,6,ecg_diagnosis_deID_2018_chunk289.txt
ecg_diagnosis_input_2017_chunk381.txt,,,6,ecg_diagnosis_deID_2017_chunk381.txt
ecg_diagnosis_input_2018_chunk316.txt,,,6,ecg_diagnosis_deID_2018_chunk316.txt
ecg_diagnosis_input_2010_chunk183.txt,,,6,ecg_diagnosis_deID_2010_chunk183.txt
ecg_diagnosis_input_2015_chunk239.txt,,,6,ecg_diagnosis_deID_2015_chunk239.txt
ecg_diagnosis_input_2020_chunk421.txt,,,6,ecg_diagnosis_deID_2020_chunk421.txt
ecg_diagnosis_input_2003_chunk6.txt,,,6,ecg_diagnosis_deID_2003_chunk6.txt
ecg_diagnosis_input_2020_chunk347.txt,,,6,ecg_diagnosis_deID_2020_chunk347.txt
ecg_diagnosis_input_2004_chunk185.txt,,,6,ecg_diagnosis_deID_2004_chunk185.txt
ecg_diagnosis_input_1991_chunk92.txt,,,6,ecg_diagnosis_deID_1991_chunk92.txt
ecg_diagnosis_input_2002_chunk65.txt,,,6,ecg_diagnosis_deID_2002_chunk65.txt
ecg_diagnosis_input_2018_chunk470.txt,,,6,ecg_diagnosis_deID_2018_chunk470.txt
ecg_diagnosis_input_1987_chunk34.txt,,,6,ecg_diagnosis_deID_1987_chunk34.txt
ecg_diagnosis_input_2012_chunk4.txt,,,6,ecg_diagnosis_deID_2012_chunk4.txt
ecg_diagnosis_input_2002_chunk71.txt,,,6,ecg_diagnosis_deID_2002_chunk71.txt
ecg_diagnosis_input_1996_chunk49.txt,,,6,ecg_diagnosis_deID_1996_chunk49.txt
ecg_diagnosis_input_2018_chunk464.txt,,,6,ecg_diagnosis_deID_2018_chunk464.txt
ecg_diagnosis_input_1987_chunk20.txt,,,6,ecg_diagnosis_deID_1987_chunk20.txt
ecg_diagnosis_input_2013_chunk18.txt,,,6,ecg_diagnosis_deID_2013_chunk18.txt
ecg_diagnosis_input_2020_chunk88.txt,,,6,ecg_diagnosis_deID_2020_chunk88.txt
ecg_diagnosis_input_2014_chunk148.txt,,,6,ecg_diagnosis_deID_2014_chunk148.txt
ecg_diagnosis_input_2020_chunk353.txt,,,6,ecg_diagnosis_deID_2020_chunk353.txt
ecg_diagnosis_input_2004_chunk191.txt,,,6,ecg_diagnosis_deID_2004_chunk191.txt
ecg_diagnosis_input_1991_chunk86.txt,,,6,ecg_diagnosis_deID_1991_chunk86.txt
ecg_diagnosis_input_2010_chunk197.txt,,,6,ecg_diagnosis_deID_2010_chunk197.txt
ecg_diagnosis_input_2020_chunk435.txt,,,6,ecg_diagnosis_deID_2020_chunk435.txt
ecg_diagnosis_input_2017_chunk395.txt,,,6,ecg_diagnosis_deID_2017_chunk395.txt
ecg_diagnosis_input_2018_chunk302.txt,,,6,ecg_diagnosis_deID_2018_chunk302.txt
ecg_diagnosis_input_2013_chunk404.txt,,,6,ecg_diagnosis_deID_2013_chunk404.txt
ecg_diagnosis_input_2015_chunk205.txt,,,6,ecg_diagnosis_deID_2015_chunk205.txt
ecg_diagnosis_input_1996_chunk61.txt,,,6,ecg_diagnosis_deID_1996_chunk61.txt
ecg_diagnosis_input_2002_chunk59.txt,,,6,ecg_diagnosis_deID_2002_chunk59.txt
ecg_diagnosis_input_2013_chunk30.txt,,,6,ecg_diagnosis_deID_2013_chunk30.txt
ecg_diagnosis_input_2014_chunk160.txt,,,6,ecg_diagnosis_deID_2014_chunk160.txt
ecg_diagnosis_input_2019_chunk83.txt,,,6,ecg_diagnosis_deID_2019_chunk83.txt
ecg_diagnosis_input_2013_chunk362.txt,,,6,ecg_diagnosis_deID_2013_chunk362.txt
ecg_diagnosis_input_2005_chunk96.txt,,,6,ecg_diagnosis_deID_2005_chunk96.txt
ecg_diagnosis_input_2019_chunk97.txt,,,6,ecg_diagnosis_deID_2019_chunk97.txt
ecg_diagnosis_input_2005_chunk82.txt,,,6,ecg_diagnosis_deID_2005_chunk82.txt
ecg_diagnosis_input_2013_chunk376.txt,,,6,ecg_diagnosis_deID_2013_chunk376.txt
ecg_diagnosis_input_2018_chunk458.txt,,,6,ecg_diagnosis_deID_2018_chunk458.txt
ecg_diagnosis_input_1996_chunk75.txt,,,6,ecg_diagnosis_deID_1996_chunk75.txt
ecg_diagnosis_input_2013_chunk24.txt,,,6,ecg_diagnosis_deID_2013_chunk24.txt
ecg_diagnosis_input_2014_chunk174.txt,,,6,ecg_diagnosis_deID_2014_chunk174.txt
ecg_diagnosis_input_2013_chunk410.txt,,,6,ecg_diagnosis_deID_2013_chunk410.txt
ecg_diagnosis_input_2015_chunk211.txt,,,6,ecg_diagnosis_deID_2015_chunk211.txt
ecg_diagnosis_input_2020_chunk409.txt,,,6,ecg_diagnosis_deID_2020_chunk409.txt
ecg_diagnosis_input_2010_chunk140.txt,,,6,ecg_diagnosis_deID_2010_chunk140.txt
ecg_diagnosis_input_2017_chunk342.txt,,,6,ecg_diagnosis_deID_2017_chunk342.txt
ecg_diagnosis_input_2005_chunk223.txt,,,6,ecg_diagnosis_deID_2005_chunk223.txt
ecg_diagnosis_input_2011_chunk225.txt,,,6,ecg_diagnosis_deID_2011_chunk225.txt
ecg_diagnosis_input_2017_chunk424.txt,,,6,ecg_diagnosis_deID_2017_chunk424.txt
ecg_diagnosis_input_2004_chunk146.txt,,,6,ecg_diagnosis_deID_2004_chunk146.txt
ecg_diagnosis_input_2008_chunk15.txt,,,6,ecg_diagnosis_deID_2008_chunk15.txt
ecg_diagnosis_input_1991_chunk51.txt,,,6,ecg_diagnosis_deID_1991_chunk51.txt
ecg_diagnosis_input_2005_chunk69.txt,,,6,ecg_diagnosis_deID_2005_chunk69.txt
ecg_diagnosis_input_2020_chunk384.txt,,,6,ecg_diagnosis_deID_2020_chunk384.txt
ecg_diagnosis_input_2004_chunk152.txt,,,6,ecg_diagnosis_deID_2004_chunk152.txt
ecg_diagnosis_input_2014_chunk14.txt,,,6,ecg_diagnosis_deID_2014_chunk14.txt
ecg_diagnosis_input_2019_chunk68.txt,,,6,ecg_diagnosis_deID_2019_chunk68.txt
ecg_diagnosis_input_2013_chunk389.txt,,,6,ecg_diagnosis_deID_2013_chunk389.txt
ecg_diagnosis_input_1991_chunk45.txt,,,6,ecg_diagnosis_deID_1991_chunk45.txt
ecg_diagnosis_input_2020_chunk390.txt,,,6,ecg_diagnosis_deID_2020_chunk390.txt
ecg_diagnosis_input_2011_chunk231.txt,,,6,ecg_diagnosis_deID_2011_chunk231.txt
ecg_diagnosis_input_2017_chunk430.txt,,,6,ecg_diagnosis_deID_2017_chunk430.txt
ecg_diagnosis_input_2022_chunk228.txt,,,6,ecg_diagnosis_deID_2022_chunk228.txt
ecg_diagnosis_input_2017_chunk356.txt,,,6,ecg_diagnosis_deID_2017_chunk356.txt
ecg_diagnosis_input_2005_chunk237.txt,,,6,ecg_diagnosis_deID_2005_chunk237.txt
ecg_diagnosis_input_2008_chunk318.txt,,,6,ecg_diagnosis_deID_2008_chunk318.txt
ecg_diagnosis_input_2010_chunk154.txt,,,6,ecg_diagnosis_deID_2010_chunk154.txt
ecg_diagnosis_input_2019_chunk40.txt,,,6,ecg_diagnosis_deID_2019_chunk40.txt
ecg_diagnosis_input_2005_chunk55.txt,,,6,ecg_diagnosis_deID_2005_chunk55.txt
ecg_diagnosis_input_2008_chunk29.txt,,,6,ecg_diagnosis_deID_2008_chunk29.txt
ecg_diagnosis_input_2011_chunk219.txt,,,6,ecg_diagnosis_deID_2011_chunk219.txt
ecg_diagnosis_input_2017_chunk418.txt,,,6,ecg_diagnosis_deID_2017_chunk418.txt
ecg_diagnosis_input_2022_chunk200.txt,,,6,ecg_diagnosis_deID_2022_chunk200.txt
ecg_diagnosis_input_2020_chunk63.txt,,,6,ecg_diagnosis_deID_2020_chunk63.txt
ecg_diagnosis_input_2022_chunk214.txt,,,6,ecg_diagnosis_deID_2022_chunk214.txt
ecg_diagnosis_input_2020_chunk77.txt,,,6,ecg_diagnosis_deID_2020_chunk77.txt
ecg_diagnosis_input_2019_chunk54.txt,,,6,ecg_diagnosis_deID_2019_chunk54.txt
ecg_diagnosis_input_2014_chunk28.txt,,,6,ecg_diagnosis_deID_2014_chunk28.txt
ecg_diagnosis_input_2005_chunk41.txt,,,6,ecg_diagnosis_deID_2005_chunk41.txt
ecg_diagnosis_input_1991_chunk79.txt,,,6,ecg_diagnosis_deID_1991_chunk79.txt
ecg_diagnosis_input_2010_chunk168.txt,,,6,ecg_diagnosis_deID_2010_chunk168.txt
ecg_diagnosis_input_2003_chunk185.txt,,,6,ecg_diagnosis_deID_2003_chunk185.txt
ecg_diagnosis_input_2021_chunk546.txt,,,6,ecg_diagnosis_deID_2021_chunk546.txt
ecg_diagnosis_input_2020_chunk145.txt,,,6,ecg_diagnosis_deID_2020_chunk145.txt
ecg_diagnosis_input_2019_chunk271.txt,,,6,ecg_diagnosis_deID_2019_chunk271.txt
ecg_diagnosis_input_2019_chunk517.txt,,,6,ecg_diagnosis_deID_2019_chunk517.txt
ecg_diagnosis_input_1998_chunk110.txt,,,6,ecg_diagnosis_deID_1998_chunk110.txt
ecg_diagnosis_input_2018_chunk114.txt,,,6,ecg_diagnosis_deID_2018_chunk114.txt
ecg_diagnosis_input_2010_chunk43.txt,,,6,ecg_diagnosis_deID_2010_chunk43.txt
ecg_diagnosis_input_2021_chunk220.txt,,,6,ecg_diagnosis_deID_2021_chunk220.txt
ecg_diagnosis_input_1995_chunk12.txt,,,6,ecg_diagnosis_deID_1995_chunk12.txt
ecg_diagnosis_input_2014_chunk438.txt,,,6,ecg_diagnosis_deID_2014_chunk438.txt
ecg_diagnosis_input_2012_chunk239.txt,,,6,ecg_diagnosis_deID_2012_chunk239.txt
ecg_diagnosis_input_2017_chunk183.txt,,,6,ecg_diagnosis_deID_2017_chunk183.txt
ecg_diagnosis_input_2018_chunk100.txt,,,6,ecg_diagnosis_deID_2018_chunk100.txt
ecg_diagnosis_input_2010_chunk57.txt,,,6,ecg_diagnosis_deID_2010_chunk57.txt
ecg_diagnosis_input_1989_chunk13.txt,,,6,ecg_diagnosis_deID_1989_chunk13.txt
ecg_diagnosis_input_2021_chunk234.txt,,,6,ecg_diagnosis_deID_2021_chunk234.txt
ecg_diagnosis_input_2017_chunk197.txt,,,6,ecg_diagnosis_deID_2017_chunk197.txt
ecg_diagnosis_input_2019_chunk503.txt,,,6,ecg_diagnosis_deID_2019_chunk503.txt
ecg_diagnosis_input_1998_chunk104.txt,,,6,ecg_diagnosis_deID_1998_chunk104.txt
ecg_diagnosis_input_2017_chunk98.txt,,,6,ecg_diagnosis_deID_2017_chunk98.txt
ecg_diagnosis_input_2013_chunk148.txt,,,6,ecg_diagnosis_deID_2013_chunk148.txt
ecg_diagnosis_input_2020_chunk151.txt,,,6,ecg_diagnosis_deID_2020_chunk151.txt
ecg_diagnosis_input_2019_chunk265.txt,,,6,ecg_diagnosis_deID_2019_chunk265.txt
ecg_diagnosis_input_2003_chunk191.txt,,,6,ecg_diagnosis_deID_2003_chunk191.txt
ecg_diagnosis_input_2021_chunk552.txt,,,6,ecg_diagnosis_deID_2021_chunk552.txt
ecg_diagnosis_input_2013_chunk160.txt,,,6,ecg_diagnosis_deID_2013_chunk160.txt
ecg_diagnosis_input_2020_chunk179.txt,,,6,ecg_diagnosis_deID_2020_chunk179.txt
ecg_diagnosis_input_2006_chunk203.txt,,,6,ecg_diagnosis_deID_2006_chunk203.txt
ecg_diagnosis_input_2014_chunk362.txt,,,6,ecg_diagnosis_deID_2014_chunk362.txt
ecg_diagnosis_input_2009_chunk294.txt,,,6,ecg_diagnosis_deID_2009_chunk294.txt
ecg_diagnosis_input_1984_chunk47.txt,,,6,ecg_diagnosis_deID_1984_chunk47.txt
ecg_diagnosis_input_2018_chunk128.txt,,,6,ecg_diagnosis_deID_2018_chunk128.txt
ecg_diagnosis_input_2001_chunk16.txt,,,6,ecg_diagnosis_deID_2001_chunk16.txt
ecg_diagnosis_input_1998_chunk52.txt,,,6,ecg_diagnosis_deID_1998_chunk52.txt
ecg_diagnosis_input_2014_chunk404.txt,,,6,ecg_diagnosis_deID_2014_chunk404.txt
ecg_diagnosis_input_2012_chunk205.txt,,,6,ecg_diagnosis_deID_2012_chunk205.txt
ecg_diagnosis_input_2007_chunk166.txt,,,6,ecg_diagnosis_deID_2007_chunk166.txt
ecg_diagnosis_input_2007_chunk172.txt,,,6,ecg_diagnosis_deID_2007_chunk172.txt
ecg_diagnosis_input_1998_chunk138.txt,,,6,ecg_diagnosis_deID_1998_chunk138.txt
ecg_diagnosis_input_2021_chunk208.txt,,,6,ecg_diagnosis_deID_2021_chunk208.txt
ecg_diagnosis_input_1998_chunk46.txt,,,6,ecg_diagnosis_deID_1998_chunk46.txt
ecg_diagnosis_input_2014_chunk410.txt,,,6,ecg_diagnosis_deID_2014_chunk410.txt
ecg_diagnosis_input_2012_chunk211.txt,,,6,ecg_diagnosis_deID_2012_chunk211.txt
ecg_diagnosis_input_2006_chunk217.txt,,,6,ecg_diagnosis_deID_2006_chunk217.txt
ecg_diagnosis_input_2014_chunk376.txt,,,6,ecg_diagnosis_deID_2014_chunk376.txt
ecg_diagnosis_input_2009_chunk280.txt,,,6,ecg_diagnosis_deID_2009_chunk280.txt
ecg_diagnosis_input_2013_chunk174.txt,,,6,ecg_diagnosis_deID_2013_chunk174.txt
ecg_diagnosis_input_2019_chunk259.txt,,,6,ecg_diagnosis_deID_2019_chunk259.txt
ecg_diagnosis_input_2020_chunk186.txt,,,6,ecg_diagnosis_deID_2020_chunk186.txt
ecg_diagnosis_input_2016_chunk225.txt,,,6,ecg_diagnosis_deID_2016_chunk225.txt
ecg_diagnosis_input_1983_chunk1.txt,,,6,ecg_diagnosis_deID_1983_chunk1.txt
ecg_diagnosis_input_2021_chunk585.txt,,,6,ecg_diagnosis_deID_2021_chunk585.txt
ecg_diagnosis_input_1992_chunk3.txt,,,6,ecg_diagnosis_deID_1992_chunk3.txt
ecg_diagnosis_input_1988_chunk9.txt,,,6,ecg_diagnosis_deID_1988_chunk9.txt
ecg_diagnosis_input_2003_chunk146.txt,,,6,ecg_diagnosis_deID_2003_chunk146.txt
ecg_diagnosis_input_2017_chunk140.txt,,,6,ecg_diagnosis_deID_2017_chunk140.txt
ecg_diagnosis_input_2010_chunk80.txt,,,6,ecg_diagnosis_deID_2010_chunk80.txt
ecg_diagnosis_input_2010_chunk342.txt,,,6,ecg_diagnosis_deID_2010_chunk342.txt
ecg_diagnosis_input_2006_chunk26.txt,,,6,ecg_diagnosis_deID_2006_chunk26.txt
ecg_diagnosis_input_2007_chunk199.txt,,,6,ecg_diagnosis_deID_2007_chunk199.txt
ecg_diagnosis_input_2006_chunk32.txt,,,6,ecg_diagnosis_deID_2006_chunk32.txt
ecg_diagnosis_input_2010_chunk356.txt,,,6,ecg_diagnosis_deID_2010_chunk356.txt
ecg_diagnosis_input_2000_chunk8.txt,,,6,ecg_diagnosis_deID_2000_chunk8.txt
ecg_diagnosis_input_2017_chunk154.txt,,,6,ecg_diagnosis_deID_2017_chunk154.txt
ecg_diagnosis_input_2010_chunk94.txt,,,6,ecg_diagnosis_deID_2010_chunk94.txt
ecg_diagnosis_input_2021_chunk591.txt,,,6,ecg_diagnosis_deID_2021_chunk591.txt
ecg_diagnosis_input_2003_chunk152.txt,,,6,ecg_diagnosis_deID_2003_chunk152.txt
ecg_diagnosis_input_2014_chunk389.txt,,,6,ecg_diagnosis_deID_2014_chunk389.txt
ecg_diagnosis_input_2020_chunk192.txt,,,6,ecg_diagnosis_deID_2020_chunk192.txt
ecg_diagnosis_input_2016_chunk231.txt,,,6,ecg_diagnosis_deID_2016_chunk231.txt
ecg_diagnosis_input_2009_chunk257.txt,,,6,ecg_diagnosis_deID_2009_chunk257.txt
ecg_diagnosis_input_2016_chunk219.txt,,,6,ecg_diagnosis_deID_2016_chunk219.txt
ecg_diagnosis_input_1992_chunk22.txt,,,6,ecg_diagnosis_deID_1992_chunk22.txt
ecg_diagnosis_input_2017_chunk73.txt,,,6,ecg_diagnosis_deID_2017_chunk73.txt
ecg_diagnosis_input_2008_chunk132.txt,,,6,ecg_diagnosis_deID_2008_chunk132.txt
ecg_diagnosis_input_1998_chunk91.txt,,,6,ecg_diagnosis_deID_1998_chunk91.txt
ecg_diagnosis_input_2017_chunk168.txt,,,6,ecg_diagnosis_deID_2017_chunk168.txt
ecg_diagnosis_input_1998_chunk85.txt,,,6,ecg_diagnosis_deID_1998_chunk85.txt
ecg_diagnosis_input_1992_chunk36.txt,,,6,ecg_diagnosis_deID_1992_chunk36.txt
ecg_diagnosis_input_2017_chunk67.txt,,,6,ecg_diagnosis_deID_2017_chunk67.txt
ecg_diagnosis_input_2008_chunk126.txt,,,6,ecg_diagnosis_deID_2008_chunk126.txt
ecg_diagnosis_input_2009_chunk243.txt,,,6,ecg_diagnosis_deID_2009_chunk243.txt
ecg_diagnosis_input_2008_chunk127.txt,,,6,ecg_diagnosis_deID_2008_chunk127.txt
ecg_diagnosis_input_2017_chunk66.txt,,,6,ecg_diagnosis_deID_2017_chunk66.txt
ecg_diagnosis_input_1992_chunk37.txt,,,6,ecg_diagnosis_deID_1992_chunk37.txt
ecg_diagnosis_input_1998_chunk84.txt,,,6,ecg_diagnosis_deID_1998_chunk84.txt
ecg_diagnosis_input_2017_chunk169.txt,,,6,ecg_diagnosis_deID_2017_chunk169.txt
ecg_diagnosis_input_2009_chunk242.txt,,,6,ecg_diagnosis_deID_2009_chunk242.txt
ecg_diagnosis_input_2016_chunk218.txt,,,6,ecg_diagnosis_deID_2016_chunk218.txt
ecg_diagnosis_input_2009_chunk256.txt,,,6,ecg_diagnosis_deID_2009_chunk256.txt
ecg_diagnosis_input_1998_chunk90.txt,,,6,ecg_diagnosis_deID_1998_chunk90.txt
ecg_diagnosis_input_2008_chunk133.txt,,,6,ecg_diagnosis_deID_2008_chunk133.txt
ecg_diagnosis_input_2017_chunk72.txt,,,6,ecg_diagnosis_deID_2017_chunk72.txt
ecg_diagnosis_input_1992_chunk23.txt,,,6,ecg_diagnosis_deID_1992_chunk23.txt
ecg_diagnosis_input_2010_chunk95.txt,,,6,ecg_diagnosis_deID_2010_chunk95.txt
ecg_diagnosis_input_2017_chunk155.txt,,,6,ecg_diagnosis_deID_2017_chunk155.txt
ecg_diagnosis_input_2000_chunk9.txt,,,6,ecg_diagnosis_deID_2000_chunk9.txt
ecg_diagnosis_input_2010_chunk357.txt,,,6,ecg_diagnosis_deID_2010_chunk357.txt
ecg_diagnosis_input_2006_chunk33.txt,,,6,ecg_diagnosis_deID_2006_chunk33.txt
ecg_diagnosis_input_2016_chunk230.txt,,,6,ecg_diagnosis_deID_2016_chunk230.txt
ecg_diagnosis_input_2020_chunk193.txt,,,6,ecg_diagnosis_deID_2020_chunk193.txt
ecg_diagnosis_input_2014_chunk388.txt,,,6,ecg_diagnosis_deID_2014_chunk388.txt
ecg_diagnosis_input_2003_chunk153.txt,,,6,ecg_diagnosis_deID_2003_chunk153.txt
ecg_diagnosis_input_2021_chunk590.txt,,,6,ecg_diagnosis_deID_2021_chunk590.txt
ecg_diagnosis_input_2003_chunk147.txt,,,6,ecg_diagnosis_deID_2003_chunk147.txt
ecg_diagnosis_input_1988_chunk8.txt,,,6,ecg_diagnosis_deID_1988_chunk8.txt
ecg_diagnosis_input_1992_chunk2.txt,,,6,ecg_diagnosis_deID_1992_chunk2.txt
ecg_diagnosis_input_2021_chunk584.txt,,,6,ecg_diagnosis_deID_2021_chunk584.txt
ecg_diagnosis_input_2016_chunk224.txt,,,6,ecg_diagnosis_deID_2016_chunk224.txt
ecg_diagnosis_input_2020_chunk187.txt,,,6,ecg_diagnosis_deID_2020_chunk187.txt
ecg_diagnosis_input_2007_chunk198.txt,,,6,ecg_diagnosis_deID_2007_chunk198.txt
ecg_diagnosis_input_2006_chunk27.txt,,,6,ecg_diagnosis_deID_2006_chunk27.txt
ecg_diagnosis_input_2010_chunk343.txt,,,6,ecg_diagnosis_deID_2010_chunk343.txt
ecg_diagnosis_input_2010_chunk81.txt,,,6,ecg_diagnosis_deID_2010_chunk81.txt
ecg_diagnosis_input_2017_chunk141.txt,,,6,ecg_diagnosis_deID_2017_chunk141.txt
ecg_diagnosis_input_2012_chunk210.txt,,,6,ecg_diagnosis_deID_2012_chunk210.txt
ecg_diagnosis_input_2014_chunk411.txt,,,6,ecg_diagnosis_deID_2014_chunk411.txt
ecg_diagnosis_input_2021_chunk209.txt,,,6,ecg_diagnosis_deID_2021_chunk209.txt
ecg_diagnosis_input_1998_chunk47.txt,,,6,ecg_diagnosis_deID_1998_chunk47.txt
ecg_diagnosis_input_1998_chunk139.txt,,,6,ecg_diagnosis_deID_1998_chunk139.txt
ecg_diagnosis_input_2007_chunk173.txt,,,6,ecg_diagnosis_deID_2007_chunk173.txt
ecg_diagnosis_input_2019_chunk258.txt,,,6,ecg_diagnosis_deID_2019_chunk258.txt
ecg_diagnosis_input_2013_chunk175.txt,,,6,ecg_diagnosis_deID_2013_chunk175.txt
ecg_diagnosis_input_2009_chunk281.txt,,,6,ecg_diagnosis_deID_2009_chunk281.txt
ecg_diagnosis_input_2014_chunk377.txt,,,6,ecg_diagnosis_deID_2014_chunk377.txt
ecg_diagnosis_input_2006_chunk216.txt,,,6,ecg_diagnosis_deID_2006_chunk216.txt
ecg_diagnosis_input_2009_chunk295.txt,,,6,ecg_diagnosis_deID_2009_chunk295.txt
ecg_diagnosis_input_2014_chunk363.txt,,,6,ecg_diagnosis_deID_2014_chunk363.txt
ecg_diagnosis_input_2006_chunk202.txt,,,6,ecg_diagnosis_deID_2006_chunk202.txt
ecg_diagnosis_input_2020_chunk178.txt,,,6,ecg_diagnosis_deID_2020_chunk178.txt
ecg_diagnosis_input_2013_chunk161.txt,,,6,ecg_diagnosis_deID_2013_chunk161.txt
ecg_diagnosis_input_2007_chunk167.txt,,,6,ecg_diagnosis_deID_2007_chunk167.txt
ecg_diagnosis_input_2012_chunk204.txt,,,6,ecg_diagnosis_deID_2012_chunk204.txt
ecg_diagnosis_input_2014_chunk405.txt,,,6,ecg_diagnosis_deID_2014_chunk405.txt
ecg_diagnosis_input_1998_chunk53.txt,,,6,ecg_diagnosis_deID_1998_chunk53.txt
ecg_diagnosis_input_2001_chunk17.txt,,,6,ecg_diagnosis_deID_2001_chunk17.txt
ecg_diagnosis_input_1984_chunk46.txt,,,6,ecg_diagnosis_deID_1984_chunk46.txt
ecg_diagnosis_input_2018_chunk129.txt,,,6,ecg_diagnosis_deID_2018_chunk129.txt
ecg_diagnosis_input_2017_chunk99.txt,,,6,ecg_diagnosis_deID_2017_chunk99.txt
ecg_diagnosis_input_1998_chunk105.txt,,,6,ecg_diagnosis_deID_1998_chunk105.txt
ecg_diagnosis_input_2019_chunk502.txt,,,6,ecg_diagnosis_deID_2019_chunk502.txt
ecg_diagnosis_input_2017_chunk196.txt,,,6,ecg_diagnosis_deID_2017_chunk196.txt
ecg_diagnosis_input_2021_chunk235.txt,,,6,ecg_diagnosis_deID_2021_chunk235.txt
ecg_diagnosis_input_1989_chunk12.txt,,,6,ecg_diagnosis_deID_1989_chunk12.txt
ecg_diagnosis_input_2010_chunk56.txt,,,6,ecg_diagnosis_deID_2010_chunk56.txt
ecg_diagnosis_input_2018_chunk101.txt,,,6,ecg_diagnosis_deID_2018_chunk101.txt
ecg_diagnosis_input_2021_chunk553.txt,,,6,ecg_diagnosis_deID_2021_chunk553.txt
ecg_diagnosis_input_2003_chunk190.txt,,,6,ecg_diagnosis_deID_2003_chunk190.txt
ecg_diagnosis_input_2019_chunk264.txt,,,6,ecg_diagnosis_deID_2019_chunk264.txt
ecg_diagnosis_input_2020_chunk150.txt,,,6,ecg_diagnosis_deID_2020_chunk150.txt
ecg_diagnosis_input_2013_chunk149.txt,,,6,ecg_diagnosis_deID_2013_chunk149.txt
ecg_diagnosis_input_2019_chunk270.txt,,,6,ecg_diagnosis_deID_2019_chunk270.txt
ecg_diagnosis_input_2020_chunk144.txt,,,6,ecg_diagnosis_deID_2020_chunk144.txt
ecg_diagnosis_input_2021_chunk547.txt,,,6,ecg_diagnosis_deID_2021_chunk547.txt
ecg_diagnosis_input_2003_chunk184.txt,,,6,ecg_diagnosis_deID_2003_chunk184.txt
ecg_diagnosis_input_2017_chunk182.txt,,,6,ecg_diagnosis_deID_2017_chunk182.txt
ecg_diagnosis_input_2012_chunk238.txt,,,6,ecg_diagnosis_deID_2012_chunk238.txt
ecg_diagnosis_input_2014_chunk439.txt,,,6,ecg_diagnosis_deID_2014_chunk439.txt
ecg_diagnosis_input_1995_chunk13.txt,,,6,ecg_diagnosis_deID_1995_chunk13.txt
ecg_diagnosis_input_2021_chunk221.txt,,,6,ecg_diagnosis_deID_2021_chunk221.txt
ecg_diagnosis_input_2010_chunk42.txt,,,6,ecg_diagnosis_deID_2010_chunk42.txt
ecg_diagnosis_input_2018_chunk115.txt,,,6,ecg_diagnosis_deID_2018_chunk115.txt
ecg_diagnosis_input_1998_chunk111.txt,,,6,ecg_diagnosis_deID_1998_chunk111.txt
ecg_diagnosis_input_2019_chunk516.txt,,,6,ecg_diagnosis_deID_2019_chunk516.txt
ecg_diagnosis_input_2005_chunk40.txt,,,6,ecg_diagnosis_deID_2005_chunk40.txt
ecg_diagnosis_input_1991_chunk78.txt,,,6,ecg_diagnosis_deID_1991_chunk78.txt
ecg_diagnosis_input_2014_chunk29.txt,,,6,ecg_diagnosis_deID_2014_chunk29.txt
ecg_diagnosis_input_2019_chunk55.txt,,,6,ecg_diagnosis_deID_2019_chunk55.txt
ecg_diagnosis_input_2020_chunk76.txt,,,6,ecg_diagnosis_deID_2020_chunk76.txt
ecg_diagnosis_input_2022_chunk215.txt,,,6,ecg_diagnosis_deID_2022_chunk215.txt
ecg_diagnosis_input_2010_chunk169.txt,,,6,ecg_diagnosis_deID_2010_chunk169.txt
ecg_diagnosis_input_2020_chunk62.txt,,,6,ecg_diagnosis_deID_2020_chunk62.txt
ecg_diagnosis_input_2022_chunk201.txt,,,6,ecg_diagnosis_deID_2022_chunk201.txt
ecg_diagnosis_input_2017_chunk419.txt,,,6,ecg_diagnosis_deID_2017_chunk419.txt
ecg_diagnosis_input_2011_chunk218.txt,,,6,ecg_diagnosis_deID_2011_chunk218.txt
ecg_diagnosis_input_2008_chunk28.txt,,,6,ecg_diagnosis_deID_2008_chunk28.txt
ecg_diagnosis_input_2005_chunk54.txt,,,6,ecg_diagnosis_deID_2005_chunk54.txt
ecg_diagnosis_input_2019_chunk41.txt,,,6,ecg_diagnosis_deID_2019_chunk41.txt
ecg_diagnosis_input_2022_chunk229.txt,,,6,ecg_diagnosis_deID_2022_chunk229.txt
ecg_diagnosis_input_2017_chunk431.txt,,,6,ecg_diagnosis_deID_2017_chunk431.txt
ecg_diagnosis_input_2011_chunk230.txt,,,6,ecg_diagnosis_deID_2011_chunk230.txt
ecg_diagnosis_input_2020_chunk391.txt,,,6,ecg_diagnosis_deID_2020_chunk391.txt
ecg_diagnosis_input_2013_chunk388.txt,,,6,ecg_diagnosis_deID_2013_chunk388.txt
ecg_diagnosis_input_1991_chunk44.txt,,,6,ecg_diagnosis_deID_1991_chunk44.txt
ecg_diagnosis_input_2019_chunk69.txt,,,6,ecg_diagnosis_deID_2019_chunk69.txt
ecg_diagnosis_input_2014_chunk15.txt,,,6,ecg_diagnosis_deID_2014_chunk15.txt
ecg_diagnosis_input_2004_chunk153.txt,,,6,ecg_diagnosis_deID_2004_chunk153.txt
ecg_diagnosis_input_2010_chunk155.txt,,,6,ecg_diagnosis_deID_2010_chunk155.txt
ecg_diagnosis_input_2008_chunk319.txt,,,6,ecg_diagnosis_deID_2008_chunk319.txt
ecg_diagnosis_input_2005_chunk236.txt,,,6,ecg_diagnosis_deID_2005_chunk236.txt
ecg_diagnosis_input_2017_chunk357.txt,,,6,ecg_diagnosis_deID_2017_chunk357.txt
ecg_diagnosis_input_2005_chunk222.txt,,,6,ecg_diagnosis_deID_2005_chunk222.txt
ecg_diagnosis_input_2017_chunk343.txt,,,6,ecg_diagnosis_deID_2017_chunk343.txt
ecg_diagnosis_input_2010_chunk141.txt,,,6,ecg_diagnosis_deID_2010_chunk141.txt
ecg_diagnosis_input_2020_chunk385.txt,,,6,ecg_diagnosis_deID_2020_chunk385.txt
ecg_diagnosis_input_1991_chunk50.txt,,,6,ecg_diagnosis_deID_1991_chunk50.txt
ecg_diagnosis_input_2005_chunk68.txt,,,6,ecg_diagnosis_deID_2005_chunk68.txt
ecg_diagnosis_input_2008_chunk14.txt,,,6,ecg_diagnosis_deID_2008_chunk14.txt
ecg_diagnosis_input_2004_chunk147.txt,,,6,ecg_diagnosis_deID_2004_chunk147.txt
ecg_diagnosis_input_2017_chunk425.txt,,,6,ecg_diagnosis_deID_2017_chunk425.txt
ecg_diagnosis_input_2011_chunk224.txt,,,6,ecg_diagnosis_deID_2011_chunk224.txt
ecg_diagnosis_input_2014_chunk175.txt,,,6,ecg_diagnosis_deID_2014_chunk175.txt
ecg_diagnosis_input_2013_chunk25.txt,,,6,ecg_diagnosis_deID_2013_chunk25.txt
ecg_diagnosis_input_1996_chunk74.txt,,,6,ecg_diagnosis_deID_1996_chunk74.txt
ecg_diagnosis_input_2018_chunk459.txt,,,6,ecg_diagnosis_deID_2018_chunk459.txt
ecg_diagnosis_input_2013_chunk377.txt,,,6,ecg_diagnosis_deID_2013_chunk377.txt
ecg_diagnosis_input_2005_chunk83.txt,,,6,ecg_diagnosis_deID_2005_chunk83.txt
ecg_diagnosis_input_2019_chunk96.txt,,,6,ecg_diagnosis_deID_2019_chunk96.txt
ecg_diagnosis_input_2020_chunk408.txt,,,6,ecg_diagnosis_deID_2020_chunk408.txt
ecg_diagnosis_input_2015_chunk210.txt,,,6,ecg_diagnosis_deID_2015_chunk210.txt
ecg_diagnosis_input_2013_chunk411.txt,,,6,ecg_diagnosis_deID_2013_chunk411.txt
ecg_diagnosis_input_2015_chunk204.txt,,,6,ecg_diagnosis_deID_2015_chunk204.txt
ecg_diagnosis_input_2013_chunk405.txt,,,6,ecg_diagnosis_deID_2013_chunk405.txt
ecg_diagnosis_input_2005_chunk97.txt,,,6,ecg_diagnosis_deID_2005_chunk97.txt
ecg_diagnosis_input_2013_chunk363.txt,,,6,ecg_diagnosis_deID_2013_chunk363.txt
ecg_diagnosis_input_2019_chunk82.txt,,,6,ecg_diagnosis_deID_2019_chunk82.txt
ecg_diagnosis_input_2014_chunk161.txt,,,6,ecg_diagnosis_deID_2014_chunk161.txt
ecg_diagnosis_input_2013_chunk31.txt,,,6,ecg_diagnosis_deID_2013_chunk31.txt
ecg_diagnosis_input_1996_chunk60.txt,,,6,ecg_diagnosis_deID_1996_chunk60.txt
ecg_diagnosis_input_2002_chunk58.txt,,,6,ecg_diagnosis_deID_2002_chunk58.txt
ecg_diagnosis_input_1991_chunk87.txt,,,6,ecg_diagnosis_deID_1991_chunk87.txt
ecg_diagnosis_input_2004_chunk190.txt,,,6,ecg_diagnosis_deID_2004_chunk190.txt
ecg_diagnosis_input_2020_chunk352.txt,,,6,ecg_diagnosis_deID_2020_chunk352.txt
ecg_diagnosis_input_2014_chunk149.txt,,,6,ecg_diagnosis_deID_2014_chunk149.txt
ecg_diagnosis_input_1987_chunk21.txt,,,6,ecg_diagnosis_deID_1987_chunk21.txt
ecg_diagnosis_input_2020_chunk89.txt,,,6,ecg_diagnosis_deID_2020_chunk89.txt
ecg_diagnosis_input_2013_chunk19.txt,,,6,ecg_diagnosis_deID_2013_chunk19.txt
ecg_diagnosis_input_2018_chunk465.txt,,,6,ecg_diagnosis_deID_2018_chunk465.txt
ecg_diagnosis_input_2002_chunk70.txt,,,6,ecg_diagnosis_deID_2002_chunk70.txt
ecg_diagnosis_input_1996_chunk48.txt,,,6,ecg_diagnosis_deID_1996_chunk48.txt
ecg_diagnosis_input_2018_chunk303.txt,,,6,ecg_diagnosis_deID_2018_chunk303.txt
ecg_diagnosis_input_2017_chunk394.txt,,,6,ecg_diagnosis_deID_2017_chunk394.txt
ecg_diagnosis_input_2020_chunk434.txt,,,6,ecg_diagnosis_deID_2020_chunk434.txt
ecg_diagnosis_input_2010_chunk196.txt,,,6,ecg_diagnosis_deID_2010_chunk196.txt
ecg_diagnosis_input_2020_chunk420.txt,,,6,ecg_diagnosis_deID_2020_chunk420.txt
ecg_diagnosis_input_2015_chunk238.txt,,,6,ecg_diagnosis_deID_2015_chunk238.txt
ecg_diagnosis_input_2010_chunk182.txt,,,6,ecg_diagnosis_deID_2010_chunk182.txt
ecg_diagnosis_input_2018_chunk317.txt,,,6,ecg_diagnosis_deID_2018_chunk317.txt
ecg_diagnosis_input_2017_chunk380.txt,,,6,ecg_diagnosis_deID_2017_chunk380.txt
ecg_diagnosis_input_2012_chunk5.txt,,,6,ecg_diagnosis_deID_2012_chunk5.txt
ecg_diagnosis_input_1987_chunk35.txt,,,6,ecg_diagnosis_deID_1987_chunk35.txt
ecg_diagnosis_input_2018_chunk471.txt,,,6,ecg_diagnosis_deID_2018_chunk471.txt
ecg_diagnosis_input_2002_chunk64.txt,,,6,ecg_diagnosis_deID_2002_chunk64.txt
ecg_diagnosis_input_1991_chunk93.txt,,,6,ecg_diagnosis_deID_1991_chunk93.txt
ecg_diagnosis_input_2004_chunk184.txt,,,6,ecg_diagnosis_deID_2004_chunk184.txt
ecg_diagnosis_input_2020_chunk346.txt,,,6,ecg_diagnosis_deID_2020_chunk346.txt
ecg_diagnosis_input_2003_chunk7.txt,,,6,ecg_diagnosis_deID_2003_chunk7.txt
ecg_diagnosis_input_1994_chunk82.txt,,,6,ecg_diagnosis_deID_1994_chunk82.txt
ecg_diagnosis_input_2022_chunk43.txt,,,6,ecg_diagnosis_deID_2022_chunk43.txt
ecg_diagnosis_input_1982_chunk24.txt,,,6,ecg_diagnosis_deID_1982_chunk24.txt
ecg_diagnosis_input_2011_chunk378.txt,,,6,ecg_diagnosis_deID_2011_chunk378.txt
ecg_diagnosis_input_2007_chunk75.txt,,,6,ecg_diagnosis_deID_2007_chunk75.txt
ecg_diagnosis_input_2003_chunk219.txt,,,6,ecg_diagnosis_deID_2003_chunk219.txt
ecg_diagnosis_input_2009_chunk134.txt,,,6,ecg_diagnosis_deID_2009_chunk134.txt
ecg_diagnosis_input_2022_chunk361.txt,,,6,ecg_diagnosis_deID_2022_chunk361.txt
ecg_diagnosis_input_2018_chunk288.txt,,,6,ecg_diagnosis_deID_2018_chunk288.txt
ecg_diagnosis_input_2008_chunk251.txt,,,6,ecg_diagnosis_deID_2008_chunk251.txt
ecg_diagnosis_input_2008_chunk245.txt,,,6,ecg_diagnosis_deID_2008_chunk245.txt
ecg_diagnosis_input_2002_chunk168.txt,,,6,ecg_diagnosis_deID_2002_chunk168.txt
ecg_diagnosis_input_1982_chunk30.txt,,,6,ecg_diagnosis_deID_1982_chunk30.txt
ecg_diagnosis_input_1993_chunk59.txt,,,6,ecg_diagnosis_deID_1993_chunk59.txt
ecg_diagnosis_input_2007_chunk61.txt,,,6,ecg_diagnosis_deID_2007_chunk61.txt
ecg_diagnosis_input_2009_chunk120.txt,,,6,ecg_diagnosis_deID_2009_chunk120.txt
ecg_diagnosis_input_2022_chunk375.txt,,,6,ecg_diagnosis_deID_2022_chunk375.txt
ecg_diagnosis_input_1994_chunk96.txt,,,6,ecg_diagnosis_deID_1994_chunk96.txt
ecg_diagnosis_input_2022_chunk57.txt,,,6,ecg_diagnosis_deID_2022_chunk57.txt
ecg_diagnosis_input_1988_chunk83.txt,,,6,ecg_diagnosis_deID_1988_chunk83.txt
ecg_diagnosis_input_1982_chunk18.txt,,,6,ecg_diagnosis_deID_1982_chunk18.txt
ecg_diagnosis_input_2016_chunk20.txt,,,6,ecg_diagnosis_deID_2016_chunk20.txt
ecg_diagnosis_input_2011_chunk344.txt,,,6,ecg_diagnosis_deID_2011_chunk344.txt
ecg_diagnosis_input_2003_chunk225.txt,,,6,ecg_diagnosis_deID_2003_chunk225.txt
ecg_diagnosis_input_2007_chunk49.txt,,,6,ecg_diagnosis_deID_2007_chunk49.txt
ecg_diagnosis_input_1993_chunk71.txt,,,6,ecg_diagnosis_deID_1993_chunk71.txt
ecg_diagnosis_input_1996_chunk142.txt,,,6,ecg_diagnosis_deID_1996_chunk142.txt
ecg_diagnosis_input_2009_chunk108.txt,,,6,ecg_diagnosis_deID_2009_chunk108.txt
ecg_diagnosis_input_2016_chunk146.txt,,,6,ecg_diagnosis_deID_2016_chunk146.txt
ecg_diagnosis_input_2000_chunk86.txt,,,6,ecg_diagnosis_deID_2000_chunk86.txt
ecg_diagnosis_input_2020_chunk583.txt,,,6,ecg_diagnosis_deID_2020_chunk583.txt
ecg_diagnosis_input_2002_chunk140.txt,,,6,ecg_diagnosis_deID_2002_chunk140.txt
ecg_diagnosis_input_2021_chunk180.txt,,,6,ecg_diagnosis_deID_2021_chunk180.txt
ecg_diagnosis_input_2012_chunk199.txt,,,6,ecg_diagnosis_deID_2012_chunk199.txt
ecg_diagnosis_input_2017_chunk223.txt,,,6,ecg_diagnosis_deID_2017_chunk223.txt
ecg_diagnosis_input_2021_chunk194.txt,,,6,ecg_diagnosis_deID_2021_chunk194.txt
ecg_diagnosis_input_2017_chunk237.txt,,,6,ecg_diagnosis_deID_2017_chunk237.txt
ecg_diagnosis_input_2008_chunk279.txt,,,6,ecg_diagnosis_deID_2008_chunk279.txt
ecg_diagnosis_input_2002_chunk154.txt,,,6,ecg_diagnosis_deID_2002_chunk154.txt
ecg_diagnosis_input_2016_chunk152.txt,,,6,ecg_diagnosis_deID_2016_chunk152.txt
ecg_diagnosis_input_2000_chunk92.txt,,,6,ecg_diagnosis_deID_2000_chunk92.txt
ecg_diagnosis_input_2011_chunk350.txt,,,6,ecg_diagnosis_deID_2011_chunk350.txt
ecg_diagnosis_input_2016_chunk34.txt,,,6,ecg_diagnosis_deID_2016_chunk34.txt
ecg_diagnosis_input_1993_chunk65.txt,,,6,ecg_diagnosis_deID_1993_chunk65.txt
ecg_diagnosis_input_2022_chunk349.txt,,,6,ecg_diagnosis_deID_2022_chunk349.txt
ecg_diagnosis_input_2021_chunk619.txt,,,6,ecg_diagnosis_deID_2021_chunk619.txt
ecg_diagnosis_input_2006_chunk160.txt,,,6,ecg_diagnosis_deID_2006_chunk160.txt
ecg_diagnosis_input_2000_chunk79.txt,,,6,ecg_diagnosis_deID_2000_chunk79.txt
ecg_diagnosis_input_1994_chunk41.txt,,,6,ecg_diagnosis_deID_1994_chunk41.txt
ecg_diagnosis_input_1985_chunk28.txt,,,6,ecg_diagnosis_deID_1985_chunk28.txt
ecg_diagnosis_input_2022_chunk80.txt,,,6,ecg_diagnosis_deID_2022_chunk80.txt
ecg_diagnosis_input_2011_chunk10.txt,,,6,ecg_diagnosis_deID_2011_chunk10.txt
ecg_diagnosis_input_1988_chunk54.txt,,,6,ecg_diagnosis_deID_1988_chunk54.txt
ecg_diagnosis_input_2015_chunk402.txt,,,6,ecg_diagnosis_deID_2015_chunk402.txt
ecg_diagnosis_input_2013_chunk203.txt,,,6,ecg_diagnosis_deID_2013_chunk203.txt
ecg_diagnosis_input_2007_chunk205.txt,,,6,ecg_diagnosis_deID_2007_chunk205.txt
ecg_diagnosis_input_2015_chunk364.txt,,,6,ecg_diagnosis_deID_2015_chunk364.txt
ecg_diagnosis_input_2008_chunk292.txt,,,6,ecg_diagnosis_deID_2008_chunk292.txt
ecg_diagnosis_input_2012_chunk166.txt,,,6,ecg_diagnosis_deID_2012_chunk166.txt
ecg_diagnosis_input_2012_chunk172.txt,,,6,ecg_diagnosis_deID_2012_chunk172.txt
ecg_diagnosis_input_2007_chunk211.txt,,,6,ecg_diagnosis_deID_2007_chunk211.txt
ecg_diagnosis_input_2015_chunk370.txt,,,6,ecg_diagnosis_deID_2015_chunk370.txt
ecg_diagnosis_input_2020_chunk568.txt,,,6,ecg_diagnosis_deID_2020_chunk568.txt
ecg_diagnosis_input_2008_chunk286.txt,,,6,ecg_diagnosis_deID_2008_chunk286.txt
ecg_diagnosis_input_1999_chunk29.txt,,,6,ecg_diagnosis_deID_1999_chunk29.txt
ecg_diagnosis_input_1994_chunk55.txt,,,6,ecg_diagnosis_deID_1994_chunk55.txt
ecg_diagnosis_input_2022_chunk94.txt,,,6,ecg_diagnosis_deID_2022_chunk94.txt
ecg_diagnosis_input_1988_chunk40.txt,,,6,ecg_diagnosis_deID_1988_chunk40.txt
ecg_diagnosis_input_2015_chunk416.txt,,,6,ecg_diagnosis_deID_2015_chunk416.txt
ecg_diagnosis_input_2013_chunk217.txt,,,6,ecg_diagnosis_deID_2013_chunk217.txt
ecg_diagnosis_input_2006_chunk174.txt,,,6,ecg_diagnosis_deID_2006_chunk174.txt
ecg_diagnosis_input_2000_chunk45.txt,,,6,ecg_diagnosis_deID_2000_chunk45.txt
ecg_diagnosis_input_2019_chunk112.txt,,,6,ecg_diagnosis_deID_2019_chunk112.txt
ecg_diagnosis_input_2020_chunk226.txt,,,6,ecg_diagnosis_deID_2020_chunk226.txt
ecg_diagnosis_input_1988_chunk68.txt,,,6,ecg_diagnosis_deID_1988_chunk68.txt
ecg_diagnosis_input_1985_chunk14.txt,,,6,ecg_diagnosis_deID_1985_chunk14.txt
ecg_diagnosis_input_2016_chunk185.txt,,,6,ecg_diagnosis_deID_2016_chunk185.txt
ecg_diagnosis_input_2018_chunk511.txt,,,6,ecg_diagnosis_deID_2018_chunk511.txt
ecg_diagnosis_input_2021_chunk625.txt,,,6,ecg_diagnosis_deID_2021_chunk625.txt
ecg_diagnosis_input_1999_chunk116.txt,,,6,ecg_diagnosis_deID_1999_chunk116.txt
ecg_diagnosis_input_2021_chunk143.txt,,,6,ecg_diagnosis_deID_2021_chunk143.txt
ecg_diagnosis_input_2018_chunk277.txt,,,6,ecg_diagnosis_deID_2018_chunk277.txt
ecg_diagnosis_input_2007_chunk239.txt,,,6,ecg_diagnosis_deID_2007_chunk239.txt
ecg_diagnosis_input_2002_chunk183.txt,,,6,ecg_diagnosis_deID_2002_chunk183.txt
ecg_diagnosis_input_2015_chunk358.txt,,,6,ecg_diagnosis_deID_2015_chunk358.txt
ecg_diagnosis_input_2020_chunk540.txt,,,6,ecg_diagnosis_deID_2020_chunk540.txt
ecg_diagnosis_input_2020_chunk554.txt,,,6,ecg_diagnosis_deID_2020_chunk554.txt
ecg_diagnosis_input_1997_chunk7.txt,,,6,ecg_diagnosis_deID_1997_chunk7.txt
ecg_diagnosis_input_1986_chunk5.txt,,,6,ecg_diagnosis_deID_1986_chunk5.txt
ecg_diagnosis_input_2021_chunk157.txt,,,6,ecg_diagnosis_deID_2021_chunk157.txt
ecg_diagnosis_input_2018_chunk263.txt,,,6,ecg_diagnosis_deID_2018_chunk263.txt
ecg_diagnosis_input_2018_chunk505.txt,,,6,ecg_diagnosis_deID_2018_chunk505.txt
ecg_diagnosis_input_2021_chunk631.txt,,,6,ecg_diagnosis_deID_2021_chunk631.txt
ecg_diagnosis_input_1999_chunk102.txt,,,6,ecg_diagnosis_deID_1999_chunk102.txt
ecg_diagnosis_input_2006_chunk148.txt,,,6,ecg_diagnosis_deID_2006_chunk148.txt
ecg_diagnosis_input_1994_chunk69.txt,,,6,ecg_diagnosis_deID_1994_chunk69.txt
ecg_diagnosis_input_2000_chunk51.txt,,,6,ecg_diagnosis_deID_2000_chunk51.txt
ecg_diagnosis_input_2019_chunk106.txt,,,6,ecg_diagnosis_deID_2019_chunk106.txt
ecg_diagnosis_input_1999_chunk15.txt,,,6,ecg_diagnosis_deID_1999_chunk15.txt
ecg_diagnosis_input_2020_chunk232.txt,,,6,ecg_diagnosis_deID_2020_chunk232.txt
ecg_diagnosis_input_2011_chunk38.txt,,,6,ecg_diagnosis_deID_2011_chunk38.txt
ecg_diagnosis_input_2016_chunk191.txt,,,6,ecg_diagnosis_deID_2016_chunk191.txt
ecg_diagnosis_input_2019_chunk489.txt,,,6,ecg_diagnosis_deID_2019_chunk489.txt
ecg_diagnosis_input_2009_chunk46.txt,,,6,ecg_diagnosis_deID_2009_chunk46.txt
ecg_diagnosis_input_2015_chunk53.txt,,,6,ecg_diagnosis_deID_2015_chunk53.txt
ecg_diagnosis_input_2022_chunk163.txt,,,6,ecg_diagnosis_deID_2022_chunk163.txt
ecg_diagnosis_input_2009_chunk336.txt,,,6,ecg_diagnosis_deID_2009_chunk336.txt
ecg_diagnosis_input_2016_chunk378.txt,,,6,ecg_diagnosis_deID_2016_chunk378.txt
ecg_diagnosis_input_2004_chunk219.txt,,,6,ecg_diagnosis_deID_2004_chunk219.txt
ecg_diagnosis_input_2022_chunk177.txt,,,6,ecg_diagnosis_deID_2022_chunk177.txt
ecg_diagnosis_input_2009_chunk322.txt,,,6,ecg_diagnosis_deID_2009_chunk322.txt
ecg_diagnosis_input_2009_chunk52.txt,,,6,ecg_diagnosis_deID_2009_chunk52.txt
ecg_diagnosis_input_2005_chunk168.txt,,,6,ecg_diagnosis_deID_2005_chunk168.txt
ecg_diagnosis_input_1990_chunk16.txt,,,6,ecg_diagnosis_deID_1990_chunk16.txt
ecg_diagnosis_input_2015_chunk47.txt,,,6,ecg_diagnosis_deID_2015_chunk47.txt
ecg_diagnosis_input_2021_chunk18.txt,,,6,ecg_diagnosis_deID_2021_chunk18.txt
ecg_diagnosis_input_2012_chunk88.txt,,,6,ecg_diagnosis_deID_2012_chunk88.txt
ecg_diagnosis_input_2005_chunk140.txt,,,6,ecg_diagnosis_deID_2005_chunk140.txt
ecg_diagnosis_input_2018_chunk13.txt,,,6,ecg_diagnosis_deID_2018_chunk13.txt
ecg_diagnosis_input_2021_chunk382.txt,,,6,ecg_diagnosis_deID_2021_chunk382.txt
ecg_diagnosis_input_2010_chunk223.txt,,,6,ecg_diagnosis_deID_2010_chunk223.txt
ecg_diagnosis_input_2015_chunk199.txt,,,6,ecg_diagnosis_deID_2015_chunk199.txt
ecg_diagnosis_input_2016_chunk422.txt,,,6,ecg_diagnosis_deID_2016_chunk422.txt
ecg_diagnosis_input_2021_chunk30.txt,,,6,ecg_diagnosis_deID_2021_chunk30.txt
ecg_diagnosis_input_2016_chunk344.txt,,,6,ecg_diagnosis_deID_2016_chunk344.txt
ecg_diagnosis_input_2004_chunk225.txt,,,6,ecg_diagnosis_deID_2004_chunk225.txt
ecg_diagnosis_input_1994_chunk9.txt,,,6,ecg_diagnosis_deID_1994_chunk9.txt
ecg_diagnosis_input_2011_chunk146.txt,,,6,ecg_diagnosis_deID_2011_chunk146.txt
ecg_diagnosis_input_2011_chunk152.txt,,,6,ecg_diagnosis_deID_2011_chunk152.txt
ecg_diagnosis_input_2016_chunk350.txt,,,6,ecg_diagnosis_deID_2016_chunk350.txt
ecg_diagnosis_input_2004_chunk231.txt,,,6,ecg_diagnosis_deID_2004_chunk231.txt
ecg_diagnosis_input_2010_chunk237.txt,,,6,ecg_diagnosis_deID_2010_chunk237.txt
ecg_diagnosis_input_2016_chunk436.txt,,,6,ecg_diagnosis_deID_2016_chunk436.txt
ecg_diagnosis_input_2021_chunk24.txt,,,6,ecg_diagnosis_deID_2021_chunk24.txt
ecg_diagnosis_input_2004_chunk12.txt,,,6,ecg_diagnosis_deID_2004_chunk12.txt
ecg_diagnosis_input_2005_chunk154.txt,,,6,ecg_diagnosis_deID_2005_chunk154.txt
ecg_diagnosis_input_2006_chunk2.txt,,,6,ecg_diagnosis_deID_2006_chunk2.txt
ecg_diagnosis_input_2021_chunk396.txt,,,6,ecg_diagnosis_deID_2021_chunk396.txt
ecg_diagnosis_input_2009_chunk85.txt,,,6,ecg_diagnosis_deID_2009_chunk85.txt
ecg_diagnosis_input_2015_chunk90.txt,,,6,ecg_diagnosis_deID_2015_chunk90.txt
ecg_diagnosis_input_2012_chunk364.txt,,,6,ecg_diagnosis_deID_2012_chunk364.txt
ecg_diagnosis_input_2003_chunk36.txt,,,6,ecg_diagnosis_deID_2003_chunk36.txt
ecg_diagnosis_input_2015_chunk166.txt,,,6,ecg_diagnosis_deID_2015_chunk166.txt
ecg_diagnosis_input_2001_chunk160.txt,,,6,ecg_diagnosis_deID_2001_chunk160.txt
ecg_diagnosis_input_2012_chunk402.txt,,,6,ecg_diagnosis_deID_2012_chunk402.txt
ecg_diagnosis_input_2014_chunk203.txt,,,6,ecg_diagnosis_deID_2014_chunk203.txt
ecg_diagnosis_input_2012_chunk416.txt,,,6,ecg_diagnosis_deID_2012_chunk416.txt
ecg_diagnosis_input_2014_chunk217.txt,,,6,ecg_diagnosis_deID_2014_chunk217.txt
ecg_diagnosis_input_2019_chunk338.txt,,,6,ecg_diagnosis_deID_2019_chunk338.txt
ecg_diagnosis_input_2003_chunk22.txt,,,6,ecg_diagnosis_deID_2003_chunk22.txt
ecg_diagnosis_input_2015_chunk172.txt,,,6,ecg_diagnosis_deID_2015_chunk172.txt
ecg_diagnosis_input_2021_chunk369.txt,,,6,ecg_diagnosis_deID_2021_chunk369.txt
ecg_diagnosis_input_2009_chunk91.txt,,,6,ecg_diagnosis_deID_2009_chunk91.txt
ecg_diagnosis_input_2012_chunk370.txt,,,6,ecg_diagnosis_deID_2012_chunk370.txt
ecg_diagnosis_input_2015_chunk84.txt,,,6,ecg_diagnosis_deID_2015_chunk84.txt
ecg_diagnosis_input_2012_chunk63.txt,,,6,ecg_diagnosis_deID_2012_chunk63.txt
ecg_diagnosis_input_2019_chunk476.txt,,,6,ecg_diagnosis_deID_2019_chunk476.txt
ecg_diagnosis_input_1997_chunk32.txt,,,6,ecg_diagnosis_deID_1997_chunk32.txt
ecg_diagnosis_input_2021_chunk341.txt,,,6,ecg_diagnosis_deID_2021_chunk341.txt
ecg_diagnosis_input_2005_chunk183.txt,,,6,ecg_diagnosis_deID_2005_chunk183.txt
ecg_diagnosis_input_2012_chunk358.txt,,,6,ecg_diagnosis_deID_2012_chunk358.txt
ecg_diagnosis_input_2011_chunk185.txt,,,6,ecg_diagnosis_deID_2011_chunk185.txt
ecg_diagnosis_input_2021_chunk427.txt,,,6,ecg_diagnosis_deID_2021_chunk427.txt
ecg_diagnosis_input_2016_chunk387.txt,,,6,ecg_diagnosis_deID_2016_chunk387.txt
ecg_diagnosis_input_2019_chunk310.txt,,,6,ecg_diagnosis_deID_2019_chunk310.txt
ecg_diagnosis_input_2016_chunk393.txt,,,6,ecg_diagnosis_deID_2016_chunk393.txt
ecg_diagnosis_input_2001_chunk148.txt,,,6,ecg_diagnosis_deID_2001_chunk148.txt
ecg_diagnosis_input_2019_chunk304.txt,,,6,ecg_diagnosis_deID_2019_chunk304.txt
ecg_diagnosis_input_2011_chunk191.txt,,,6,ecg_diagnosis_deID_2011_chunk191.txt
ecg_diagnosis_input_2021_chunk433.txt,,,6,ecg_diagnosis_deID_2021_chunk433.txt
ecg_diagnosis_input_2022_chunk188.txt,,,6,ecg_diagnosis_deID_2022_chunk188.txt
ecg_diagnosis_input_2021_chunk355.txt,,,6,ecg_diagnosis_deID_2021_chunk355.txt
ecg_diagnosis_input_2005_chunk197.txt,,,6,ecg_diagnosis_deID_2005_chunk197.txt
ecg_diagnosis_input_2012_chunk77.txt,,,6,ecg_diagnosis_deID_2012_chunk77.txt
ecg_diagnosis_input_2019_chunk462.txt,,,6,ecg_diagnosis_deID_2019_chunk462.txt
ecg_diagnosis_input_1997_chunk26.txt,,,6,ecg_diagnosis_deID_1997_chunk26.txt
ecg_diagnosis_input_2019_chunk312.txt,,,6,ecg_diagnosis_deID_2019_chunk312.txt
ecg_diagnosis_input_2016_chunk385.txt,,,6,ecg_diagnosis_deID_2016_chunk385.txt
ecg_diagnosis_input_2021_chunk425.txt,,,6,ecg_diagnosis_deID_2021_chunk425.txt
ecg_diagnosis_input_2011_chunk187.txt,,,6,ecg_diagnosis_deID_2011_chunk187.txt
ecg_diagnosis_input_2005_chunk181.txt,,,6,ecg_diagnosis_deID_2005_chunk181.txt
ecg_diagnosis_input_2021_chunk343.txt,,,6,ecg_diagnosis_deID_2021_chunk343.txt
ecg_diagnosis_input_2015_chunk158.txt,,,6,ecg_diagnosis_deID_2015_chunk158.txt
ecg_diagnosis_input_1997_chunk30.txt,,,6,ecg_diagnosis_deID_1997_chunk30.txt
ecg_diagnosis_input_1986_chunk59.txt,,,6,ecg_diagnosis_deID_1986_chunk59.txt
ecg_diagnosis_input_2012_chunk61.txt,,,6,ecg_diagnosis_deID_2012_chunk61.txt
ecg_diagnosis_input_2019_chunk474.txt,,,6,ecg_diagnosis_deID_2019_chunk474.txt
ecg_diagnosis_input_1997_chunk24.txt,,,6,ecg_diagnosis_deID_1997_chunk24.txt
ecg_diagnosis_input_2012_chunk75.txt,,,6,ecg_diagnosis_deID_2012_chunk75.txt
ecg_diagnosis_input_2019_chunk460.txt,,,6,ecg_diagnosis_deID_2019_chunk460.txt
ecg_diagnosis_input_2005_chunk195.txt,,,6,ecg_diagnosis_deID_2005_chunk195.txt
ecg_diagnosis_input_1995_chunk148.txt,,,6,ecg_diagnosis_deID_1995_chunk148.txt
ecg_diagnosis_input_2021_chunk357.txt,,,6,ecg_diagnosis_deID_2021_chunk357.txt
ecg_diagnosis_input_2021_chunk431.txt,,,6,ecg_diagnosis_deID_2021_chunk431.txt
ecg_diagnosis_input_2014_chunk229.txt,,,6,ecg_diagnosis_deID_2014_chunk229.txt
ecg_diagnosis_input_2011_chunk193.txt,,,6,ecg_diagnosis_deID_2011_chunk193.txt
ecg_diagnosis_input_2019_chunk306.txt,,,6,ecg_diagnosis_deID_2019_chunk306.txt
ecg_diagnosis_input_2016_chunk391.txt,,,6,ecg_diagnosis_deID_2016_chunk391.txt
ecg_diagnosis_input_2021_chunk419.txt,,,6,ecg_diagnosis_deID_2021_chunk419.txt
ecg_diagnosis_input_2014_chunk201.txt,,,6,ecg_diagnosis_deID_2014_chunk201.txt
ecg_diagnosis_input_2012_chunk400.txt,,,6,ecg_diagnosis_deID_2012_chunk400.txt
ecg_diagnosis_input_2001_chunk162.txt,,,6,ecg_diagnosis_deID_2001_chunk162.txt
ecg_diagnosis_input_2015_chunk164.txt,,,6,ecg_diagnosis_deID_2015_chunk164.txt
ecg_diagnosis_input_2003_chunk34.txt,,,6,ecg_diagnosis_deID_2003_chunk34.txt
ecg_diagnosis_input_2019_chunk448.txt,,,6,ecg_diagnosis_deID_2019_chunk448.txt
ecg_diagnosis_input_2012_chunk366.txt,,,6,ecg_diagnosis_deID_2012_chunk366.txt
ecg_diagnosis_input_2015_chunk92.txt,,,6,ecg_diagnosis_deID_2015_chunk92.txt
ecg_diagnosis_input_2009_chunk87.txt,,,6,ecg_diagnosis_deID_2009_chunk87.txt
ecg_diagnosis_input_2015_chunk86.txt,,,6,ecg_diagnosis_deID_2015_chunk86.txt
ecg_diagnosis_input_2012_chunk372.txt,,,6,ecg_diagnosis_deID_2012_chunk372.txt
ecg_diagnosis_input_2009_chunk93.txt,,,6,ecg_diagnosis_deID_2009_chunk93.txt
ecg_diagnosis_input_2015_chunk170.txt,,,6,ecg_diagnosis_deID_2015_chunk170.txt
ecg_diagnosis_input_1997_chunk18.txt,,,6,ecg_diagnosis_deID_1997_chunk18.txt
ecg_diagnosis_input_2003_chunk20.txt,,,6,ecg_diagnosis_deID_2003_chunk20.txt
ecg_diagnosis_input_2012_chunk49.txt,,,6,ecg_diagnosis_deID_2012_chunk49.txt
ecg_diagnosis_input_2014_chunk215.txt,,,6,ecg_diagnosis_deID_2014_chunk215.txt
ecg_diagnosis_input_2012_chunk414.txt,,,6,ecg_diagnosis_deID_2012_chunk414.txt
ecg_diagnosis_input_2011_chunk144.txt,,,6,ecg_diagnosis_deID_2011_chunk144.txt
ecg_diagnosis_input_2009_chunk308.txt,,,6,ecg_diagnosis_deID_2009_chunk308.txt
ecg_diagnosis_input_2004_chunk227.txt,,,6,ecg_diagnosis_deID_2004_chunk227.txt
ecg_diagnosis_input_2016_chunk346.txt,,,6,ecg_diagnosis_deID_2016_chunk346.txt
ecg_diagnosis_input_1985_chunk9.txt,,,6,ecg_diagnosis_deID_1985_chunk9.txt
ecg_diagnosis_input_2021_chunk32.txt,,,6,ecg_diagnosis_deID_2021_chunk32.txt
ecg_diagnosis_input_2016_chunk420.txt,,,6,ecg_diagnosis_deID_2016_chunk420.txt
ecg_diagnosis_input_2010_chunk221.txt,,,6,ecg_diagnosis_deID_2010_chunk221.txt
ecg_diagnosis_input_2021_chunk380.txt,,,6,ecg_diagnosis_deID_2021_chunk380.txt
ecg_diagnosis_input_2018_chunk11.txt,,,6,ecg_diagnosis_deID_2018_chunk11.txt
ecg_diagnosis_input_2012_chunk399.txt,,,6,ecg_diagnosis_deID_2012_chunk399.txt
ecg_diagnosis_input_2005_chunk142.txt,,,6,ecg_diagnosis_deID_2005_chunk142.txt
ecg_diagnosis_input_2009_chunk78.txt,,,6,ecg_diagnosis_deID_2009_chunk78.txt
ecg_diagnosis_input_2021_chunk394.txt,,,6,ecg_diagnosis_deID_2021_chunk394.txt
ecg_diagnosis_input_2015_chunk79.txt,,,6,ecg_diagnosis_deID_2015_chunk79.txt
ecg_diagnosis_input_1990_chunk28.txt,,,6,ecg_diagnosis_deID_1990_chunk28.txt
ecg_diagnosis_input_2005_chunk156.txt,,,6,ecg_diagnosis_deID_2005_chunk156.txt
ecg_diagnosis_input_2004_chunk10.txt,,,6,ecg_diagnosis_deID_2004_chunk10.txt
ecg_diagnosis_input_2021_chunk26.txt,,,6,ecg_diagnosis_deID_2021_chunk26.txt
ecg_diagnosis_input_2016_chunk434.txt,,,6,ecg_diagnosis_deID_2016_chunk434.txt
ecg_diagnosis_input_2017_chunk2.txt,,,6,ecg_diagnosis_deID_2017_chunk2.txt
ecg_diagnosis_input_2010_chunk235.txt,,,6,ecg_diagnosis_deID_2010_chunk235.txt
ecg_diagnosis_input_2004_chunk233.txt,,,6,ecg_diagnosis_deID_2004_chunk233.txt
ecg_diagnosis_input_2016_chunk352.txt,,,6,ecg_diagnosis_deID_2016_chunk352.txt
ecg_diagnosis_input_2011_chunk150.txt,,,6,ecg_diagnosis_deID_2011_chunk150.txt
ecg_diagnosis_input_2022_chunk149.txt,,,6,ecg_diagnosis_deID_2022_chunk149.txt
ecg_diagnosis_input_2011_chunk178.txt,,,6,ecg_diagnosis_deID_2011_chunk178.txt
ecg_diagnosis_input_2022_chunk161.txt,,,6,ecg_diagnosis_deID_2022_chunk161.txt
ecg_diagnosis_input_2009_chunk334.txt,,,6,ecg_diagnosis_deID_2009_chunk334.txt
ecg_diagnosis_input_2015_chunk51.txt,,,6,ecg_diagnosis_deID_2015_chunk51.txt
ecg_diagnosis_input_2009_chunk44.txt,,,6,ecg_diagnosis_deID_2009_chunk44.txt
ecg_diagnosis_input_2004_chunk38.txt,,,6,ecg_diagnosis_deID_2004_chunk38.txt
ecg_diagnosis_input_2020_chunk2.txt,,,6,ecg_diagnosis_deID_2020_chunk2.txt
ecg_diagnosis_input_2016_chunk408.txt,,,6,ecg_diagnosis_deID_2016_chunk408.txt
ecg_diagnosis_input_2010_chunk209.txt,,,6,ecg_diagnosis_deID_2010_chunk209.txt
ecg_diagnosis_input_2015_chunk45.txt,,,6,ecg_diagnosis_deID_2015_chunk45.txt
ecg_diagnosis_input_2018_chunk39.txt,,,6,ecg_diagnosis_deID_2018_chunk39.txt
ecg_diagnosis_input_2009_chunk50.txt,,,6,ecg_diagnosis_deID_2009_chunk50.txt
ecg_diagnosis_input_1990_chunk14.txt,,,6,ecg_diagnosis_deID_1990_chunk14.txt
ecg_diagnosis_input_2022_chunk175.txt,,,6,ecg_diagnosis_deID_2022_chunk175.txt
ecg_diagnosis_input_2009_chunk320.txt,,,6,ecg_diagnosis_deID_2009_chunk320.txt
ecg_diagnosis_input_2020_chunk542.txt,,,6,ecg_diagnosis_deID_2020_chunk542.txt
ecg_diagnosis_input_2002_chunk181.txt,,,6,ecg_diagnosis_deID_2002_chunk181.txt
ecg_diagnosis_input_2018_chunk275.txt,,,6,ecg_diagnosis_deID_2018_chunk275.txt
ecg_diagnosis_input_2021_chunk141.txt,,,6,ecg_diagnosis_deID_2021_chunk141.txt
ecg_diagnosis_input_2012_chunk158.txt,,,6,ecg_diagnosis_deID_2012_chunk158.txt
ecg_diagnosis_input_1999_chunk114.txt,,,6,ecg_diagnosis_deID_1999_chunk114.txt
ecg_diagnosis_input_2007_chunk88.txt,,,6,ecg_diagnosis_deID_2007_chunk88.txt
ecg_diagnosis_input_2021_chunk627.txt,,,6,ecg_diagnosis_deID_2021_chunk627.txt
ecg_diagnosis_input_2018_chunk513.txt,,,6,ecg_diagnosis_deID_2018_chunk513.txt
ecg_diagnosis_input_2016_chunk187.txt,,,6,ecg_diagnosis_deID_2016_chunk187.txt
ecg_diagnosis_input_2020_chunk224.txt,,,6,ecg_diagnosis_deID_2020_chunk224.txt
ecg_diagnosis_input_1985_chunk16.txt,,,6,ecg_diagnosis_deID_1985_chunk16.txt
ecg_diagnosis_input_2000_chunk47.txt,,,6,ecg_diagnosis_deID_2000_chunk47.txt
ecg_diagnosis_input_2019_chunk110.txt,,,6,ecg_diagnosis_deID_2019_chunk110.txt
ecg_diagnosis_input_2016_chunk193.txt,,,6,ecg_diagnosis_deID_2016_chunk193.txt
ecg_diagnosis_input_2013_chunk229.txt,,,6,ecg_diagnosis_deID_2013_chunk229.txt
ecg_diagnosis_input_2020_chunk230.txt,,,6,ecg_diagnosis_deID_2020_chunk230.txt
ecg_diagnosis_input_2000_chunk53.txt,,,6,ecg_diagnosis_deID_2000_chunk53.txt
ecg_diagnosis_input_2019_chunk104.txt,,,6,ecg_diagnosis_deID_2019_chunk104.txt
ecg_diagnosis_input_1999_chunk17.txt,,,6,ecg_diagnosis_deID_1999_chunk17.txt
ecg_diagnosis_input_1999_chunk100.txt,,,6,ecg_diagnosis_deID_1999_chunk100.txt
ecg_diagnosis_input_2021_chunk633.txt,,,6,ecg_diagnosis_deID_2021_chunk633.txt
ecg_diagnosis_input_2022_chunk388.txt,,,6,ecg_diagnosis_deID_2022_chunk388.txt
ecg_diagnosis_input_2018_chunk507.txt,,,6,ecg_diagnosis_deID_2018_chunk507.txt
ecg_diagnosis_input_2018_chunk261.txt,,,6,ecg_diagnosis_deID_2018_chunk261.txt
ecg_diagnosis_input_2021_chunk155.txt,,,6,ecg_diagnosis_deID_2021_chunk155.txt
ecg_diagnosis_input_1986_chunk7.txt,,,6,ecg_diagnosis_deID_1986_chunk7.txt
ecg_diagnosis_input_1997_chunk5.txt,,,6,ecg_diagnosis_deID_1997_chunk5.txt
ecg_diagnosis_input_2020_chunk556.txt,,,6,ecg_diagnosis_deID_2020_chunk556.txt
ecg_diagnosis_input_2018_chunk249.txt,,,6,ecg_diagnosis_deID_2018_chunk249.txt
ecg_diagnosis_input_2012_chunk164.txt,,,6,ecg_diagnosis_deID_2012_chunk164.txt
ecg_diagnosis_input_2008_chunk290.txt,,,6,ecg_diagnosis_deID_2008_chunk290.txt
ecg_diagnosis_input_2015_chunk366.txt,,,6,ecg_diagnosis_deID_2015_chunk366.txt
ecg_diagnosis_input_2007_chunk207.txt,,,6,ecg_diagnosis_deID_2007_chunk207.txt
ecg_diagnosis_input_2013_chunk201.txt,,,6,ecg_diagnosis_deID_2013_chunk201.txt
ecg_diagnosis_input_2015_chunk400.txt,,,6,ecg_diagnosis_deID_2015_chunk400.txt
ecg_diagnosis_input_2011_chunk12.txt,,,6,ecg_diagnosis_deID_2011_chunk12.txt
ecg_diagnosis_input_2022_chunk82.txt,,,6,ecg_diagnosis_deID_2022_chunk82.txt
ecg_diagnosis_input_1988_chunk56.txt,,,6,ecg_diagnosis_deID_1988_chunk56.txt
ecg_diagnosis_input_2020_chunk218.txt,,,6,ecg_diagnosis_deID_2020_chunk218.txt
ecg_diagnosis_input_1994_chunk43.txt,,,6,ecg_diagnosis_deID_1994_chunk43.txt
ecg_diagnosis_input_2006_chunk162.txt,,,6,ecg_diagnosis_deID_2006_chunk162.txt
ecg_diagnosis_input_1999_chunk128.txt,,,6,ecg_diagnosis_deID_1999_chunk128.txt
ecg_diagnosis_input_1993_chunk98.txt,,,6,ecg_diagnosis_deID_1993_chunk98.txt
ecg_diagnosis_input_2006_chunk176.txt,,,6,ecg_diagnosis_deID_2006_chunk176.txt
ecg_diagnosis_input_2013_chunk215.txt,,,6,ecg_diagnosis_deID_2013_chunk215.txt
ecg_diagnosis_input_2015_chunk414.txt,,,6,ecg_diagnosis_deID_2015_chunk414.txt
ecg_diagnosis_input_2022_chunk96.txt,,,6,ecg_diagnosis_deID_2022_chunk96.txt
ecg_diagnosis_input_1988_chunk42.txt,,,6,ecg_diagnosis_deID_1988_chunk42.txt
ecg_diagnosis_input_2019_chunk138.txt,,,6,ecg_diagnosis_deID_2019_chunk138.txt
ecg_diagnosis_input_1994_chunk57.txt,,,6,ecg_diagnosis_deID_1994_chunk57.txt
ecg_diagnosis_input_2008_chunk284.txt,,,6,ecg_diagnosis_deID_2008_chunk284.txt
ecg_diagnosis_input_2015_chunk372.txt,,,6,ecg_diagnosis_deID_2015_chunk372.txt
ecg_diagnosis_input_2007_chunk213.txt,,,6,ecg_diagnosis_deID_2007_chunk213.txt
ecg_diagnosis_input_2021_chunk169.txt,,,6,ecg_diagnosis_deID_2021_chunk169.txt
ecg_diagnosis_input_2012_chunk170.txt,,,6,ecg_diagnosis_deID_2012_chunk170.txt
ecg_diagnosis_input_2017_chunk221.txt,,,6,ecg_diagnosis_deID_2017_chunk221.txt
ecg_diagnosis_input_2021_chunk182.txt,,,6,ecg_diagnosis_deID_2021_chunk182.txt
ecg_diagnosis_input_2015_chunk399.txt,,,6,ecg_diagnosis_deID_2015_chunk399.txt
ecg_diagnosis_input_2002_chunk142.txt,,,6,ecg_diagnosis_deID_2002_chunk142.txt
ecg_diagnosis_input_2020_chunk581.txt,,,6,ecg_diagnosis_deID_2020_chunk581.txt
ecg_diagnosis_input_2000_chunk84.txt,,,6,ecg_diagnosis_deID_2000_chunk84.txt
ecg_diagnosis_input_2016_chunk144.txt,,,6,ecg_diagnosis_deID_2016_chunk144.txt
ecg_diagnosis_input_1996_chunk140.txt,,,6,ecg_diagnosis_deID_1996_chunk140.txt
ecg_diagnosis_input_1993_chunk73.txt,,,6,ecg_diagnosis_deID_1993_chunk73.txt
ecg_diagnosis_input_2003_chunk227.txt,,,6,ecg_diagnosis_deID_2003_chunk227.txt
ecg_diagnosis_input_2011_chunk346.txt,,,6,ecg_diagnosis_deID_2011_chunk346.txt
ecg_diagnosis_input_2016_chunk22.txt,,,6,ecg_diagnosis_deID_2016_chunk22.txt
ecg_diagnosis_input_2006_chunk189.txt,,,6,ecg_diagnosis_deID_2006_chunk189.txt
ecg_diagnosis_input_1993_chunk67.txt,,,6,ecg_diagnosis_deID_1993_chunk67.txt
ecg_diagnosis_input_2016_chunk36.txt,,,6,ecg_diagnosis_deID_2016_chunk36.txt
ecg_diagnosis_input_2011_chunk352.txt,,,6,ecg_diagnosis_deID_2011_chunk352.txt
ecg_diagnosis_input_2022_chunk69.txt,,,6,ecg_diagnosis_deID_2022_chunk69.txt
ecg_diagnosis_input_2000_chunk90.txt,,,6,ecg_diagnosis_deID_2000_chunk90.txt
ecg_diagnosis_input_2016_chunk150.txt,,,6,ecg_diagnosis_deID_2016_chunk150.txt
ecg_diagnosis_input_2002_chunk156.txt,,,6,ecg_diagnosis_deID_2002_chunk156.txt
ecg_diagnosis_input_2017_chunk235.txt,,,6,ecg_diagnosis_deID_2017_chunk235.txt
ecg_diagnosis_input_2021_chunk196.txt,,,6,ecg_diagnosis_deID_2021_chunk196.txt
ecg_diagnosis_input_2008_chunk253.txt,,,6,ecg_diagnosis_deID_2008_chunk253.txt
ecg_diagnosis_input_2009_chunk136.txt,,,6,ecg_diagnosis_deID_2009_chunk136.txt
ecg_diagnosis_input_2022_chunk363.txt,,,6,ecg_diagnosis_deID_2022_chunk363.txt
ecg_diagnosis_input_2007_chunk77.txt,,,6,ecg_diagnosis_deID_2007_chunk77.txt
ecg_diagnosis_input_1982_chunk26.txt,,,6,ecg_diagnosis_deID_1982_chunk26.txt
ecg_diagnosis_input_2022_chunk41.txt,,,6,ecg_diagnosis_deID_2022_chunk41.txt
ecg_diagnosis_input_1994_chunk80.txt,,,6,ecg_diagnosis_deID_1994_chunk80.txt
ecg_diagnosis_input_2016_chunk178.txt,,,6,ecg_diagnosis_deID_2016_chunk178.txt
ecg_diagnosis_input_2022_chunk55.txt,,,6,ecg_diagnosis_deID_2022_chunk55.txt
ecg_diagnosis_input_1988_chunk81.txt,,,6,ecg_diagnosis_deID_1988_chunk81.txt
ecg_diagnosis_input_1994_chunk94.txt,,,6,ecg_diagnosis_deID_1994_chunk94.txt
ecg_diagnosis_input_2009_chunk122.txt,,,6,ecg_diagnosis_deID_2009_chunk122.txt
ecg_diagnosis_input_2022_chunk377.txt,,,6,ecg_diagnosis_deID_2022_chunk377.txt
ecg_diagnosis_input_2007_chunk63.txt,,,6,ecg_diagnosis_deID_2007_chunk63.txt
ecg_diagnosis_input_1982_chunk32.txt,,,6,ecg_diagnosis_deID_1982_chunk32.txt
ecg_diagnosis_input_2017_chunk209.txt,,,6,ecg_diagnosis_deID_2017_chunk209.txt
ecg_diagnosis_input_2008_chunk247.txt,,,6,ecg_diagnosis_deID_2008_chunk247.txt
ecg_diagnosis_input_2010_chunk194.txt,,,6,ecg_diagnosis_deID_2010_chunk194.txt
ecg_diagnosis_input_2020_chunk436.txt,,,6,ecg_diagnosis_deID_2020_chunk436.txt
ecg_diagnosis_input_2017_chunk396.txt,,,6,ecg_diagnosis_deID_2017_chunk396.txt
ecg_diagnosis_input_2018_chunk301.txt,,,6,ecg_diagnosis_deID_2018_chunk301.txt
ecg_diagnosis_input_2018_chunk467.txt,,,6,ecg_diagnosis_deID_2018_chunk467.txt
ecg_diagnosis_input_2002_chunk72.txt,,,6,ecg_diagnosis_deID_2002_chunk72.txt
ecg_diagnosis_input_1987_chunk23.txt,,,6,ecg_diagnosis_deID_1987_chunk23.txt
ecg_diagnosis_input_2020_chunk350.txt,,,6,ecg_diagnosis_deID_2020_chunk350.txt
ecg_diagnosis_input_2004_chunk192.txt,,,6,ecg_diagnosis_deID_2004_chunk192.txt
ecg_diagnosis_input_2013_chunk349.txt,,,6,ecg_diagnosis_deID_2013_chunk349.txt
ecg_diagnosis_input_1991_chunk85.txt,,,6,ecg_diagnosis_deID_1991_chunk85.txt
ecg_diagnosis_input_2020_chunk344.txt,,,6,ecg_diagnosis_deID_2020_chunk344.txt
ecg_diagnosis_input_2003_chunk5.txt,,,6,ecg_diagnosis_deID_2003_chunk5.txt
ecg_diagnosis_input_2004_chunk186.txt,,,6,ecg_diagnosis_deID_2004_chunk186.txt
ecg_diagnosis_input_1991_chunk91.txt,,,6,ecg_diagnosis_deID_1991_chunk91.txt
ecg_diagnosis_input_2018_chunk473.txt,,,6,ecg_diagnosis_deID_2018_chunk473.txt
ecg_diagnosis_input_2002_chunk66.txt,,,6,ecg_diagnosis_deID_2002_chunk66.txt
ecg_diagnosis_input_1987_chunk37.txt,,,6,ecg_diagnosis_deID_1987_chunk37.txt
ecg_diagnosis_input_2012_chunk7.txt,,,6,ecg_diagnosis_deID_2012_chunk7.txt
ecg_diagnosis_input_2017_chunk382.txt,,,6,ecg_diagnosis_deID_2017_chunk382.txt
ecg_diagnosis_input_2000_chunk159.txt,,,6,ecg_diagnosis_deID_2000_chunk159.txt
ecg_diagnosis_input_2018_chunk315.txt,,,6,ecg_diagnosis_deID_2018_chunk315.txt
ecg_diagnosis_input_2010_chunk180.txt,,,6,ecg_diagnosis_deID_2010_chunk180.txt
ecg_diagnosis_input_2020_chunk422.txt,,,6,ecg_diagnosis_deID_2020_chunk422.txt
ecg_diagnosis_input_2013_chunk413.txt,,,6,ecg_diagnosis_deID_2013_chunk413.txt
ecg_diagnosis_input_2015_chunk212.txt,,,6,ecg_diagnosis_deID_2015_chunk212.txt
ecg_diagnosis_input_2019_chunk94.txt,,,6,ecg_diagnosis_deID_2019_chunk94.txt
ecg_diagnosis_input_2005_chunk81.txt,,,6,ecg_diagnosis_deID_2005_chunk81.txt
ecg_diagnosis_input_2013_chunk375.txt,,,6,ecg_diagnosis_deID_2013_chunk375.txt
ecg_diagnosis_input_1996_chunk76.txt,,,6,ecg_diagnosis_deID_1996_chunk76.txt
ecg_diagnosis_input_2013_chunk27.txt,,,6,ecg_diagnosis_deID_2013_chunk27.txt
ecg_diagnosis_input_2014_chunk177.txt,,,6,ecg_diagnosis_deID_2014_chunk177.txt
ecg_diagnosis_input_1996_chunk62.txt,,,6,ecg_diagnosis_deID_1996_chunk62.txt
ecg_diagnosis_input_2013_chunk33.txt,,,6,ecg_diagnosis_deID_2013_chunk33.txt
ecg_diagnosis_input_2014_chunk163.txt,,,6,ecg_diagnosis_deID_2014_chunk163.txt
ecg_diagnosis_input_2020_chunk378.txt,,,6,ecg_diagnosis_deID_2020_chunk378.txt
ecg_diagnosis_input_2019_chunk80.txt,,,6,ecg_diagnosis_deID_2019_chunk80.txt
ecg_diagnosis_input_2013_chunk361.txt,,,6,ecg_diagnosis_deID_2013_chunk361.txt
ecg_diagnosis_input_2005_chunk95.txt,,,6,ecg_diagnosis_deID_2005_chunk95.txt
ecg_diagnosis_input_2013_chunk407.txt,,,6,ecg_diagnosis_deID_2013_chunk407.txt
ecg_diagnosis_input_2015_chunk206.txt,,,6,ecg_diagnosis_deID_2015_chunk206.txt
ecg_diagnosis_input_2018_chunk329.txt,,,6,ecg_diagnosis_deID_2018_chunk329.txt
ecg_diagnosis_input_2017_chunk355.txt,,,6,ecg_diagnosis_deID_2017_chunk355.txt
ecg_diagnosis_input_2005_chunk234.txt,,,6,ecg_diagnosis_deID_2005_chunk234.txt
ecg_diagnosis_input_2010_chunk157.txt,,,6,ecg_diagnosis_deID_2010_chunk157.txt
ecg_diagnosis_input_2004_chunk151.txt,,,6,ecg_diagnosis_deID_2004_chunk151.txt
ecg_diagnosis_input_2014_chunk17.txt,,,6,ecg_diagnosis_deID_2014_chunk17.txt
ecg_diagnosis_input_1991_chunk46.txt,,,6,ecg_diagnosis_deID_1991_chunk46.txt
ecg_diagnosis_input_2020_chunk393.txt,,,6,ecg_diagnosis_deID_2020_chunk393.txt
ecg_diagnosis_input_2011_chunk232.txt,,,6,ecg_diagnosis_deID_2011_chunk232.txt
ecg_diagnosis_input_2014_chunk188.txt,,,6,ecg_diagnosis_deID_2014_chunk188.txt
ecg_diagnosis_input_2017_chunk433.txt,,,6,ecg_diagnosis_deID_2017_chunk433.txt
ecg_diagnosis_input_1996_chunk89.txt,,,6,ecg_diagnosis_deID_1996_chunk89.txt
ecg_diagnosis_input_2020_chunk48.txt,,,6,ecg_diagnosis_deID_2020_chunk48.txt
ecg_diagnosis_input_2011_chunk226.txt,,,6,ecg_diagnosis_deID_2011_chunk226.txt
ecg_diagnosis_input_2017_chunk427.txt,,,6,ecg_diagnosis_deID_2017_chunk427.txt
ecg_diagnosis_input_2004_chunk145.txt,,,6,ecg_diagnosis_deID_2004_chunk145.txt
ecg_diagnosis_input_1991_chunk52.txt,,,6,ecg_diagnosis_deID_1991_chunk52.txt
ecg_diagnosis_input_2008_chunk16.txt,,,6,ecg_diagnosis_deID_2008_chunk16.txt
ecg_diagnosis_input_2020_chunk387.txt,,,6,ecg_diagnosis_deID_2020_chunk387.txt
ecg_diagnosis_input_2010_chunk143.txt,,,6,ecg_diagnosis_deID_2010_chunk143.txt
ecg_diagnosis_input_2017_chunk341.txt,,,6,ecg_diagnosis_deID_2017_chunk341.txt
ecg_diagnosis_input_2005_chunk220.txt,,,6,ecg_diagnosis_deID_2005_chunk220.txt
ecg_diagnosis_input_2017_chunk369.txt,,,6,ecg_diagnosis_deID_2017_chunk369.txt
ecg_diagnosis_input_2005_chunk208.txt,,,6,ecg_diagnosis_deID_2005_chunk208.txt
ecg_diagnosis_input_2022_chunk217.txt,,,6,ecg_diagnosis_deID_2022_chunk217.txt
ecg_diagnosis_input_2018_chunk498.txt,,,6,ecg_diagnosis_deID_2018_chunk498.txt
ecg_diagnosis_input_2020_chunk74.txt,,,6,ecg_diagnosis_deID_2020_chunk74.txt
ecg_diagnosis_input_2019_chunk57.txt,,,6,ecg_diagnosis_deID_2019_chunk57.txt
ecg_diagnosis_input_2005_chunk42.txt,,,6,ecg_diagnosis_deID_2005_chunk42.txt
ecg_diagnosis_input_2004_chunk179.txt,,,6,ecg_diagnosis_deID_2004_chunk179.txt
ecg_diagnosis_input_2019_chunk43.txt,,,6,ecg_diagnosis_deID_2019_chunk43.txt
ecg_diagnosis_input_2005_chunk56.txt,,,6,ecg_diagnosis_deID_2005_chunk56.txt
ecg_diagnosis_input_2002_chunk99.txt,,,6,ecg_diagnosis_deID_2002_chunk99.txt
ecg_diagnosis_input_2022_chunk203.txt,,,6,ecg_diagnosis_deID_2022_chunk203.txt
ecg_diagnosis_input_2020_chunk60.txt,,,6,ecg_diagnosis_deID_2020_chunk60.txt
ecg_diagnosis_input_2020_chunk152.txt,,,6,ecg_diagnosis_deID_2020_chunk152.txt
ecg_diagnosis_input_2019_chunk266.txt,,,6,ecg_diagnosis_deID_2019_chunk266.txt
ecg_diagnosis_input_2006_chunk228.txt,,,6,ecg_diagnosis_deID_2006_chunk228.txt
ecg_diagnosis_input_2003_chunk192.txt,,,6,ecg_diagnosis_deID_2003_chunk192.txt
ecg_diagnosis_input_2014_chunk349.txt,,,6,ecg_diagnosis_deID_2014_chunk349.txt
ecg_diagnosis_input_2021_chunk551.txt,,,6,ecg_diagnosis_deID_2021_chunk551.txt
ecg_diagnosis_input_1989_chunk10.txt,,,6,ecg_diagnosis_deID_1989_chunk10.txt
ecg_diagnosis_input_2010_chunk54.txt,,,6,ecg_diagnosis_deID_2010_chunk54.txt
ecg_diagnosis_input_2018_chunk103.txt,,,6,ecg_diagnosis_deID_2018_chunk103.txt
ecg_diagnosis_input_1998_chunk79.txt,,,6,ecg_diagnosis_deID_1998_chunk79.txt
ecg_diagnosis_input_2021_chunk237.txt,,,6,ecg_diagnosis_deID_2021_chunk237.txt
ecg_diagnosis_input_2017_chunk194.txt,,,6,ecg_diagnosis_deID_2017_chunk194.txt
ecg_diagnosis_input_2019_chunk500.txt,,,6,ecg_diagnosis_deID_2019_chunk500.txt
ecg_diagnosis_input_1998_chunk107.txt,,,6,ecg_diagnosis_deID_1998_chunk107.txt
ecg_diagnosis_input_2019_chunk514.txt,,,6,ecg_diagnosis_deID_2019_chunk514.txt
ecg_diagnosis_input_2007_chunk159.txt,,,6,ecg_diagnosis_deID_2007_chunk159.txt
ecg_diagnosis_input_1998_chunk113.txt,,,6,ecg_diagnosis_deID_1998_chunk113.txt
ecg_diagnosis_input_2010_chunk40.txt,,,6,ecg_diagnosis_deID_2010_chunk40.txt
ecg_diagnosis_input_2018_chunk117.txt,,,6,ecg_diagnosis_deID_2018_chunk117.txt
ecg_diagnosis_input_1995_chunk11.txt,,,6,ecg_diagnosis_deID_1995_chunk11.txt
ecg_diagnosis_input_2001_chunk29.txt,,,6,ecg_diagnosis_deID_2001_chunk29.txt
ecg_diagnosis_input_2021_chunk223.txt,,,6,ecg_diagnosis_deID_2021_chunk223.txt
ecg_diagnosis_input_2017_chunk180.txt,,,6,ecg_diagnosis_deID_2017_chunk180.txt
ecg_diagnosis_input_2003_chunk186.txt,,,6,ecg_diagnosis_deID_2003_chunk186.txt
ecg_diagnosis_input_2021_chunk545.txt,,,6,ecg_diagnosis_deID_2021_chunk545.txt
ecg_diagnosis_input_2020_chunk146.txt,,,6,ecg_diagnosis_deID_2020_chunk146.txt
ecg_diagnosis_input_2019_chunk272.txt,,,6,ecg_diagnosis_deID_2019_chunk272.txt
ecg_diagnosis_input_2006_chunk214.txt,,,6,ecg_diagnosis_deID_2006_chunk214.txt
ecg_diagnosis_input_2014_chunk375.txt,,,6,ecg_diagnosis_deID_2014_chunk375.txt
ecg_diagnosis_input_2009_chunk283.txt,,,6,ecg_diagnosis_deID_2009_chunk283.txt
ecg_diagnosis_input_2013_chunk177.txt,,,6,ecg_diagnosis_deID_2013_chunk177.txt
ecg_diagnosis_input_2007_chunk171.txt,,,6,ecg_diagnosis_deID_2007_chunk171.txt
ecg_diagnosis_input_2010_chunk68.txt,,,6,ecg_diagnosis_deID_2010_chunk68.txt
ecg_diagnosis_input_1998_chunk45.txt,,,6,ecg_diagnosis_deID_1998_chunk45.txt
ecg_diagnosis_input_1995_chunk39.txt,,,6,ecg_diagnosis_deID_1995_chunk39.txt
ecg_diagnosis_input_2014_chunk413.txt,,,6,ecg_diagnosis_deID_2014_chunk413.txt
ecg_diagnosis_input_2012_chunk212.txt,,,6,ecg_diagnosis_deID_2012_chunk212.txt
ecg_diagnosis_input_1984_chunk44.txt,,,6,ecg_diagnosis_deID_1984_chunk44.txt
ecg_diagnosis_input_1989_chunk38.txt,,,6,ecg_diagnosis_deID_1989_chunk38.txt
ecg_diagnosis_input_1998_chunk51.txt,,,6,ecg_diagnosis_deID_1998_chunk51.txt
ecg_diagnosis_input_2001_chunk15.txt,,,6,ecg_diagnosis_deID_2001_chunk15.txt
ecg_diagnosis_input_2014_chunk407.txt,,,6,ecg_diagnosis_deID_2014_chunk407.txt
ecg_diagnosis_input_2012_chunk206.txt,,,6,ecg_diagnosis_deID_2012_chunk206.txt
ecg_diagnosis_input_2019_chunk528.txt,,,6,ecg_diagnosis_deID_2019_chunk528.txt
ecg_diagnosis_input_2007_chunk165.txt,,,6,ecg_diagnosis_deID_2007_chunk165.txt
ecg_diagnosis_input_2013_chunk163.txt,,,6,ecg_diagnosis_deID_2013_chunk163.txt
ecg_diagnosis_input_2006_chunk200.txt,,,6,ecg_diagnosis_deID_2006_chunk200.txt
ecg_diagnosis_input_2014_chunk361.txt,,,6,ecg_diagnosis_deID_2014_chunk361.txt
ecg_diagnosis_input_2021_chunk579.txt,,,6,ecg_diagnosis_deID_2021_chunk579.txt
ecg_diagnosis_input_2009_chunk297.txt,,,6,ecg_diagnosis_deID_2009_chunk297.txt
ecg_diagnosis_input_2021_chunk592.txt,,,6,ecg_diagnosis_deID_2021_chunk592.txt
ecg_diagnosis_input_2003_chunk151.txt,,,6,ecg_diagnosis_deID_2003_chunk151.txt
ecg_diagnosis_input_2020_chunk191.txt,,,6,ecg_diagnosis_deID_2020_chunk191.txt
ecg_diagnosis_input_2013_chunk188.txt,,,6,ecg_diagnosis_deID_2013_chunk188.txt
ecg_diagnosis_input_2016_chunk232.txt,,,6,ecg_diagnosis_deID_2016_chunk232.txt
ecg_diagnosis_input_2006_chunk31.txt,,,6,ecg_diagnosis_deID_2006_chunk31.txt
ecg_diagnosis_input_2010_chunk355.txt,,,6,ecg_diagnosis_deID_2010_chunk355.txt
ecg_diagnosis_input_2017_chunk58.txt,,,6,ecg_diagnosis_deID_2017_chunk58.txt
ecg_diagnosis_input_2008_chunk119.txt,,,6,ecg_diagnosis_deID_2008_chunk119.txt
ecg_diagnosis_input_2011_chunk9.txt,,,6,ecg_diagnosis_deID_2011_chunk9.txt
ecg_diagnosis_input_2017_chunk157.txt,,,6,ecg_diagnosis_deID_2017_chunk157.txt
ecg_diagnosis_input_2010_chunk97.txt,,,6,ecg_diagnosis_deID_2010_chunk97.txt
ecg_diagnosis_input_2017_chunk143.txt,,,6,ecg_diagnosis_deID_2017_chunk143.txt
ecg_diagnosis_input_2010_chunk83.txt,,,6,ecg_diagnosis_deID_2010_chunk83.txt
ecg_diagnosis_input_2010_chunk341.txt,,,6,ecg_diagnosis_deID_2010_chunk341.txt
ecg_diagnosis_input_2006_chunk25.txt,,,6,ecg_diagnosis_deID_2006_chunk25.txt
ecg_diagnosis_input_1999_chunk8.txt,,,6,ecg_diagnosis_deID_1999_chunk8.txt
ecg_diagnosis_input_2020_chunk185.txt,,,6,ecg_diagnosis_deID_2020_chunk185.txt
ecg_diagnosis_input_2016_chunk226.txt,,,6,ecg_diagnosis_deID_2016_chunk226.txt
ecg_diagnosis_input_1983_chunk2.txt,,,6,ecg_diagnosis_deID_1983_chunk2.txt
ecg_diagnosis_input_2021_chunk586.txt,,,6,ecg_diagnosis_deID_2021_chunk586.txt
ecg_diagnosis_input_2009_chunk268.txt,,,6,ecg_diagnosis_deID_2009_chunk268.txt
ecg_diagnosis_input_2003_chunk145.txt,,,6,ecg_diagnosis_deID_2003_chunk145.txt
ecg_diagnosis_input_2019_chunk299.txt,,,6,ecg_diagnosis_deID_2019_chunk299.txt
ecg_diagnosis_input_2009_chunk240.txt,,,6,ecg_diagnosis_deID_2009_chunk240.txt
ecg_diagnosis_input_1998_chunk86.txt,,,6,ecg_diagnosis_deID_1998_chunk86.txt
ecg_diagnosis_input_2010_chunk369.txt,,,6,ecg_diagnosis_deID_2010_chunk369.txt
ecg_diagnosis_input_1992_chunk35.txt,,,6,ecg_diagnosis_deID_1992_chunk35.txt
ecg_diagnosis_input_2017_chunk64.txt,,,6,ecg_diagnosis_deID_2017_chunk64.txt
ecg_diagnosis_input_2008_chunk125.txt,,,6,ecg_diagnosis_deID_2008_chunk125.txt
ecg_diagnosis_input_1992_chunk21.txt,,,6,ecg_diagnosis_deID_1992_chunk21.txt
ecg_diagnosis_input_2006_chunk19.txt,,,6,ecg_diagnosis_deID_2006_chunk19.txt
ecg_diagnosis_input_2017_chunk70.txt,,,6,ecg_diagnosis_deID_2017_chunk70.txt
ecg_diagnosis_input_2008_chunk131.txt,,,6,ecg_diagnosis_deID_2008_chunk131.txt
ecg_diagnosis_input_1998_chunk92.txt,,,6,ecg_diagnosis_deID_1998_chunk92.txt
ecg_diagnosis_input_2009_chunk254.txt,,,6,ecg_diagnosis_deID_2009_chunk254.txt
ecg_diagnosis_input_2003_chunk179.txt,,,6,ecg_diagnosis_deID_2003_chunk179.txt
ecg_diagnosis_input_1998_chunk93.txt,,,6,ecg_diagnosis_deID_1998_chunk93.txt
ecg_diagnosis_input_2008_chunk130.txt,,,6,ecg_diagnosis_deID_2008_chunk130.txt
ecg_diagnosis_input_2017_chunk71.txt,,,6,ecg_diagnosis_deID_2017_chunk71.txt
ecg_diagnosis_input_1992_chunk20.txt,,,6,ecg_diagnosis_deID_1992_chunk20.txt
ecg_diagnosis_input_2006_chunk18.txt,,,6,ecg_diagnosis_deID_2006_chunk18.txt
ecg_diagnosis_input_2003_chunk178.txt,,,6,ecg_diagnosis_deID_2003_chunk178.txt
ecg_diagnosis_input_2009_chunk255.txt,,,6,ecg_diagnosis_deID_2009_chunk255.txt
ecg_diagnosis_input_2009_chunk241.txt,,,6,ecg_diagnosis_deID_2009_chunk241.txt
ecg_diagnosis_input_2019_chunk298.txt,,,6,ecg_diagnosis_deID_2019_chunk298.txt
ecg_diagnosis_input_2008_chunk124.txt,,,6,ecg_diagnosis_deID_2008_chunk124.txt
ecg_diagnosis_input_2017_chunk65.txt,,,6,ecg_diagnosis_deID_2017_chunk65.txt
ecg_diagnosis_input_2010_chunk368.txt,,,6,ecg_diagnosis_deID_2010_chunk368.txt
ecg_diagnosis_input_1992_chunk34.txt,,,6,ecg_diagnosis_deID_1992_chunk34.txt
ecg_diagnosis_input_1998_chunk87.txt,,,6,ecg_diagnosis_deID_1998_chunk87.txt
ecg_diagnosis_input_2006_chunk24.txt,,,6,ecg_diagnosis_deID_2006_chunk24.txt
ecg_diagnosis_input_2010_chunk340.txt,,,6,ecg_diagnosis_deID_2010_chunk340.txt
ecg_diagnosis_input_2010_chunk82.txt,,,6,ecg_diagnosis_deID_2010_chunk82.txt
ecg_diagnosis_input_2017_chunk142.txt,,,6,ecg_diagnosis_deID_2017_chunk142.txt
ecg_diagnosis_input_2003_chunk144.txt,,,6,ecg_diagnosis_deID_2003_chunk144.txt
ecg_diagnosis_input_2009_chunk269.txt,,,6,ecg_diagnosis_deID_2009_chunk269.txt
ecg_diagnosis_input_2021_chunk587.txt,,,6,ecg_diagnosis_deID_2021_chunk587.txt
ecg_diagnosis_input_1992_chunk1.txt,,,6,ecg_diagnosis_deID_1992_chunk1.txt
ecg_diagnosis_input_1983_chunk3.txt,,,6,ecg_diagnosis_deID_1983_chunk3.txt
ecg_diagnosis_input_2016_chunk227.txt,,,6,ecg_diagnosis_deID_2016_chunk227.txt
ecg_diagnosis_input_2020_chunk184.txt,,,6,ecg_diagnosis_deID_2020_chunk184.txt
ecg_diagnosis_input_1999_chunk9.txt,,,6,ecg_diagnosis_deID_1999_chunk9.txt
ecg_diagnosis_input_2016_chunk233.txt,,,6,ecg_diagnosis_deID_2016_chunk233.txt
ecg_diagnosis_input_2013_chunk189.txt,,,6,ecg_diagnosis_deID_2013_chunk189.txt
ecg_diagnosis_input_2020_chunk190.txt,,,6,ecg_diagnosis_deID_2020_chunk190.txt
ecg_diagnosis_input_2003_chunk150.txt,,,6,ecg_diagnosis_deID_2003_chunk150.txt
ecg_diagnosis_input_2021_chunk593.txt,,,6,ecg_diagnosis_deID_2021_chunk593.txt
ecg_diagnosis_input_2010_chunk96.txt,,,6,ecg_diagnosis_deID_2010_chunk96.txt
ecg_diagnosis_input_2017_chunk156.txt,,,6,ecg_diagnosis_deID_2017_chunk156.txt
ecg_diagnosis_input_2011_chunk8.txt,,,6,ecg_diagnosis_deID_2011_chunk8.txt
ecg_diagnosis_input_2008_chunk118.txt,,,6,ecg_diagnosis_deID_2008_chunk118.txt
ecg_diagnosis_input_2017_chunk59.txt,,,6,ecg_diagnosis_deID_2017_chunk59.txt
ecg_diagnosis_input_2010_chunk354.txt,,,6,ecg_diagnosis_deID_2010_chunk354.txt
ecg_diagnosis_input_2006_chunk30.txt,,,6,ecg_diagnosis_deID_2006_chunk30.txt
ecg_diagnosis_input_2007_chunk164.txt,,,6,ecg_diagnosis_deID_2007_chunk164.txt
ecg_diagnosis_input_2019_chunk529.txt,,,6,ecg_diagnosis_deID_2019_chunk529.txt
ecg_diagnosis_input_2012_chunk207.txt,,,6,ecg_diagnosis_deID_2012_chunk207.txt
ecg_diagnosis_input_2014_chunk406.txt,,,6,ecg_diagnosis_deID_2014_chunk406.txt
ecg_diagnosis_input_2001_chunk14.txt,,,6,ecg_diagnosis_deID_2001_chunk14.txt
ecg_diagnosis_input_1998_chunk50.txt,,,6,ecg_diagnosis_deID_1998_chunk50.txt
ecg_diagnosis_input_1989_chunk39.txt,,,6,ecg_diagnosis_deID_1989_chunk39.txt
ecg_diagnosis_input_1984_chunk45.txt,,,6,ecg_diagnosis_deID_1984_chunk45.txt
ecg_diagnosis_input_2009_chunk296.txt,,,6,ecg_diagnosis_deID_2009_chunk296.txt
ecg_diagnosis_input_2021_chunk578.txt,,,6,ecg_diagnosis_deID_2021_chunk578.txt
ecg_diagnosis_input_2014_chunk360.txt,,,6,ecg_diagnosis_deID_2014_chunk360.txt
ecg_diagnosis_input_2006_chunk201.txt,,,6,ecg_diagnosis_deID_2006_chunk201.txt
ecg_diagnosis_input_2013_chunk162.txt,,,6,ecg_diagnosis_deID_2013_chunk162.txt
ecg_diagnosis_input_2013_chunk176.txt,,,6,ecg_diagnosis_deID_2013_chunk176.txt
ecg_diagnosis_input_2009_chunk282.txt,,,6,ecg_diagnosis_deID_2009_chunk282.txt
ecg_diagnosis_input_2014_chunk374.txt,,,6,ecg_diagnosis_deID_2014_chunk374.txt
ecg_diagnosis_input_2006_chunk215.txt,,,6,ecg_diagnosis_deID_2006_chunk215.txt
ecg_diagnosis_input_2012_chunk213.txt,,,6,ecg_diagnosis_deID_2012_chunk213.txt
ecg_diagnosis_input_2014_chunk412.txt,,,6,ecg_diagnosis_deID_2014_chunk412.txt
ecg_diagnosis_input_1995_chunk38.txt,,,6,ecg_diagnosis_deID_1995_chunk38.txt
ecg_diagnosis_input_1998_chunk44.txt,,,6,ecg_diagnosis_deID_1998_chunk44.txt
ecg_diagnosis_input_2010_chunk69.txt,,,7,ecg_diagnosis_deID_2010_chunk69.txt
ecg_diagnosis_input_2007_chunk170.txt,,,7,ecg_diagnosis_deID_2007_chunk170.txt
ecg_diagnosis_input_2017_chunk181.txt,,,7,ecg_diagnosis_deID_2017_chunk181.txt
ecg_diagnosis_input_2021_chunk222.txt,,,7,ecg_diagnosis_deID_2021_chunk222.txt
ecg_diagnosis_input_1995_chunk10.txt,,,7,ecg_diagnosis_deID_1995_chunk10.txt
ecg_diagnosis_input_2001_chunk28.txt,,,7,ecg_diagnosis_deID_2001_chunk28.txt
ecg_diagnosis_input_2018_chunk116.txt,,,7,ecg_diagnosis_deID_2018_chunk116.txt
ecg_diagnosis_input_2010_chunk41.txt,,,7,ecg_diagnosis_deID_2010_chunk41.txt
ecg_diagnosis_input_1998_chunk112.txt,,,7,ecg_diagnosis_deID_1998_chunk112.txt
ecg_diagnosis_input_2007_chunk158.txt,,,7,ecg_diagnosis_deID_2007_chunk158.txt
ecg_diagnosis_input_2019_chunk515.txt,,,7,ecg_diagnosis_deID_2019_chunk515.txt
ecg_diagnosis_input_2019_chunk273.txt,,,7,ecg_diagnosis_deID_2019_chunk273.txt
ecg_diagnosis_input_2020_chunk147.txt,,,7,ecg_diagnosis_deID_2020_chunk147.txt
ecg_diagnosis_input_2021_chunk544.txt,,,7,ecg_diagnosis_deID_2021_chunk544.txt
ecg_diagnosis_input_2003_chunk187.txt,,,7,ecg_diagnosis_deID_2003_chunk187.txt
ecg_diagnosis_input_2021_chunk550.txt,,,7,ecg_diagnosis_deID_2021_chunk550.txt
ecg_diagnosis_input_2014_chunk348.txt,,,7,ecg_diagnosis_deID_2014_chunk348.txt
ecg_diagnosis_input_2003_chunk193.txt,,,7,ecg_diagnosis_deID_2003_chunk193.txt
ecg_diagnosis_input_2006_chunk229.txt,,,7,ecg_diagnosis_deID_2006_chunk229.txt
ecg_diagnosis_input_2019_chunk267.txt,,,7,ecg_diagnosis_deID_2019_chunk267.txt
ecg_diagnosis_input_2020_chunk153.txt,,,7,ecg_diagnosis_deID_2020_chunk153.txt
ecg_diagnosis_input_1998_chunk106.txt,,,7,ecg_diagnosis_deID_1998_chunk106.txt
ecg_diagnosis_input_2019_chunk501.txt,,,7,ecg_diagnosis_deID_2019_chunk501.txt
ecg_diagnosis_input_2017_chunk195.txt,,,7,ecg_diagnosis_deID_2017_chunk195.txt
ecg_diagnosis_input_1998_chunk78.txt,,,7,ecg_diagnosis_deID_1998_chunk78.txt
ecg_diagnosis_input_2021_chunk236.txt,,,7,ecg_diagnosis_deID_2021_chunk236.txt
ecg_diagnosis_input_2018_chunk102.txt,,,7,ecg_diagnosis_deID_2018_chunk102.txt
ecg_diagnosis_input_2010_chunk55.txt,,,7,ecg_diagnosis_deID_2010_chunk55.txt
ecg_diagnosis_input_1989_chunk11.txt,,,7,ecg_diagnosis_deID_1989_chunk11.txt
ecg_diagnosis_input_2020_chunk61.txt,,,7,ecg_diagnosis_deID_2020_chunk61.txt
ecg_diagnosis_input_2022_chunk202.txt,,,7,ecg_diagnosis_deID_2022_chunk202.txt
ecg_diagnosis_input_2002_chunk98.txt,,,7,ecg_diagnosis_deID_2002_chunk98.txt
ecg_diagnosis_input_2005_chunk57.txt,,,7,ecg_diagnosis_deID_2005_chunk57.txt
ecg_diagnosis_input_2019_chunk42.txt,,,7,ecg_diagnosis_deID_2019_chunk42.txt
ecg_diagnosis_input_2004_chunk178.txt,,,7,ecg_diagnosis_deID_2004_chunk178.txt
ecg_diagnosis_input_2005_chunk209.txt,,,7,ecg_diagnosis_deID_2005_chunk209.txt
ecg_diagnosis_input_2017_chunk368.txt,,,7,ecg_diagnosis_deID_2017_chunk368.txt
ecg_diagnosis_input_2005_chunk43.txt,,,7,ecg_diagnosis_deID_2005_chunk43.txt
ecg_diagnosis_input_2019_chunk56.txt,,,7,ecg_diagnosis_deID_2019_chunk56.txt
ecg_diagnosis_input_2020_chunk75.txt,,,7,ecg_diagnosis_deID_2020_chunk75.txt
ecg_diagnosis_input_2018_chunk499.txt,,,7,ecg_diagnosis_deID_2018_chunk499.txt
ecg_diagnosis_input_2022_chunk216.txt,,,7,ecg_diagnosis_deID_2022_chunk216.txt
ecg_diagnosis_input_2020_chunk386.txt,,,7,ecg_diagnosis_deID_2020_chunk386.txt
ecg_diagnosis_input_2008_chunk17.txt,,,7,ecg_diagnosis_deID_2008_chunk17.txt
ecg_diagnosis_input_1991_chunk53.txt,,,7,ecg_diagnosis_deID_1991_chunk53.txt
ecg_diagnosis_input_2004_chunk144.txt,,,7,ecg_diagnosis_deID_2004_chunk144.txt
ecg_diagnosis_input_2017_chunk426.txt,,,7,ecg_diagnosis_deID_2017_chunk426.txt
ecg_diagnosis_input_2011_chunk227.txt,,,7,ecg_diagnosis_deID_2011_chunk227.txt
ecg_diagnosis_input_2005_chunk221.txt,,,7,ecg_diagnosis_deID_2005_chunk221.txt
ecg_diagnosis_input_2017_chunk340.txt,,,7,ecg_diagnosis_deID_2017_chunk340.txt
ecg_diagnosis_input_2010_chunk142.txt,,,7,ecg_diagnosis_deID_2010_chunk142.txt
ecg_diagnosis_input_2010_chunk156.txt,,,7,ecg_diagnosis_deID_2010_chunk156.txt
ecg_diagnosis_input_2005_chunk235.txt,,,7,ecg_diagnosis_deID_2005_chunk235.txt
ecg_diagnosis_input_2017_chunk354.txt,,,7,ecg_diagnosis_deID_2017_chunk354.txt
ecg_diagnosis_input_2020_chunk49.txt,,,7,ecg_diagnosis_deID_2020_chunk49.txt
ecg_diagnosis_input_1996_chunk88.txt,,,7,ecg_diagnosis_deID_1996_chunk88.txt
ecg_diagnosis_input_2017_chunk432.txt,,,7,ecg_diagnosis_deID_2017_chunk432.txt
ecg_diagnosis_input_2014_chunk189.txt,,,7,ecg_diagnosis_deID_2014_chunk189.txt
ecg_diagnosis_input_2011_chunk233.txt,,,7,ecg_diagnosis_deID_2011_chunk233.txt
ecg_diagnosis_input_2020_chunk392.txt,,,7,ecg_diagnosis_deID_2020_chunk392.txt
ecg_diagnosis_input_1991_chunk47.txt,,,7,ecg_diagnosis_deID_1991_chunk47.txt
ecg_diagnosis_input_2014_chunk16.txt,,,7,ecg_diagnosis_deID_2014_chunk16.txt
ecg_diagnosis_input_2004_chunk150.txt,,,7,ecg_diagnosis_deID_2004_chunk150.txt
ecg_diagnosis_input_2005_chunk94.txt,,,7,ecg_diagnosis_deID_2005_chunk94.txt
ecg_diagnosis_input_2013_chunk360.txt,,,7,ecg_diagnosis_deID_2013_chunk360.txt
ecg_diagnosis_input_2019_chunk81.txt,,,7,ecg_diagnosis_deID_2019_chunk81.txt
ecg_diagnosis_input_2020_chunk379.txt,,,7,ecg_diagnosis_deID_2020_chunk379.txt
ecg_diagnosis_input_2014_chunk162.txt,,,7,ecg_diagnosis_deID_2014_chunk162.txt
ecg_diagnosis_input_2013_chunk32.txt,,,7,ecg_diagnosis_deID_2013_chunk32.txt
ecg_diagnosis_input_1996_chunk63.txt,,,7,ecg_diagnosis_deID_1996_chunk63.txt
ecg_diagnosis_input_2018_chunk328.txt,,,7,ecg_diagnosis_deID_2018_chunk328.txt
ecg_diagnosis_input_2015_chunk207.txt,,,7,ecg_diagnosis_deID_2015_chunk207.txt
ecg_diagnosis_input_2013_chunk406.txt,,,7,ecg_diagnosis_deID_2013_chunk406.txt
ecg_diagnosis_input_2015_chunk213.txt,,,7,ecg_diagnosis_deID_2015_chunk213.txt
ecg_diagnosis_input_2013_chunk412.txt,,,7,ecg_diagnosis_deID_2013_chunk412.txt
ecg_diagnosis_input_2014_chunk176.txt,,,7,ecg_diagnosis_deID_2014_chunk176.txt
ecg_diagnosis_input_2013_chunk26.txt,,,7,ecg_diagnosis_deID_2013_chunk26.txt
ecg_diagnosis_input_1996_chunk77.txt,,,7,ecg_diagnosis_deID_1996_chunk77.txt
ecg_diagnosis_input_2013_chunk374.txt,,,7,ecg_diagnosis_deID_2013_chunk374.txt
ecg_diagnosis_input_2005_chunk80.txt,,,7,ecg_diagnosis_deID_2005_chunk80.txt
ecg_diagnosis_input_2019_chunk95.txt,,,7,ecg_diagnosis_deID_2019_chunk95.txt
ecg_diagnosis_input_2012_chunk6.txt,,,7,ecg_diagnosis_deID_2012_chunk6.txt
ecg_diagnosis_input_1987_chunk36.txt,,,7,ecg_diagnosis_deID_1987_chunk36.txt
ecg_diagnosis_input_2002_chunk67.txt,,,7,ecg_diagnosis_deID_2002_chunk67.txt
ecg_diagnosis_input_2018_chunk472.txt,,,7,ecg_diagnosis_deID_2018_chunk472.txt
ecg_diagnosis_input_1991_chunk90.txt,,,7,ecg_diagnosis_deID_1991_chunk90.txt
ecg_diagnosis_input_2004_chunk187.txt,,,7,ecg_diagnosis_deID_2004_chunk187.txt
ecg_diagnosis_input_2003_chunk4.txt,,,7,ecg_diagnosis_deID_2003_chunk4.txt
ecg_diagnosis_input_2020_chunk345.txt,,,7,ecg_diagnosis_deID_2020_chunk345.txt
ecg_diagnosis_input_2020_chunk423.txt,,,7,ecg_diagnosis_deID_2020_chunk423.txt
ecg_diagnosis_input_2010_chunk181.txt,,,7,ecg_diagnosis_deID_2010_chunk181.txt
ecg_diagnosis_input_2018_chunk314.txt,,,7,ecg_diagnosis_deID_2018_chunk314.txt
ecg_diagnosis_input_2000_chunk158.txt,,,7,ecg_diagnosis_deID_2000_chunk158.txt
ecg_diagnosis_input_2017_chunk383.txt,,,7,ecg_diagnosis_deID_2017_chunk383.txt
ecg_diagnosis_input_2018_chunk300.txt,,,7,ecg_diagnosis_deID_2018_chunk300.txt
ecg_diagnosis_input_2017_chunk397.txt,,,7,ecg_diagnosis_deID_2017_chunk397.txt
ecg_diagnosis_input_2020_chunk437.txt,,,7,ecg_diagnosis_deID_2020_chunk437.txt
ecg_diagnosis_input_2010_chunk195.txt,,,7,ecg_diagnosis_deID_2010_chunk195.txt
ecg_diagnosis_input_2013_chunk348.txt,,,7,ecg_diagnosis_deID_2013_chunk348.txt
ecg_diagnosis_input_1991_chunk84.txt,,,7,ecg_diagnosis_deID_1991_chunk84.txt
ecg_diagnosis_input_2004_chunk193.txt,,,7,ecg_diagnosis_deID_2004_chunk193.txt
ecg_diagnosis_input_2020_chunk351.txt,,,7,ecg_diagnosis_deID_2020_chunk351.txt
ecg_diagnosis_input_1987_chunk22.txt,,,7,ecg_diagnosis_deID_1987_chunk22.txt
ecg_diagnosis_input_2002_chunk73.txt,,,7,ecg_diagnosis_deID_2002_chunk73.txt
ecg_diagnosis_input_2018_chunk466.txt,,,7,ecg_diagnosis_deID_2018_chunk466.txt
ecg_diagnosis_input_1982_chunk33.txt,,,7,ecg_diagnosis_deID_1982_chunk33.txt
ecg_diagnosis_input_2007_chunk62.txt,,,7,ecg_diagnosis_deID_2007_chunk62.txt
ecg_diagnosis_input_2022_chunk376.txt,,,7,ecg_diagnosis_deID_2022_chunk376.txt
ecg_diagnosis_input_2009_chunk123.txt,,,7,ecg_diagnosis_deID_2009_chunk123.txt
ecg_diagnosis_input_1994_chunk95.txt,,,7,ecg_diagnosis_deID_1994_chunk95.txt
ecg_diagnosis_input_1988_chunk80.txt,,,7,ecg_diagnosis_deID_1988_chunk80.txt
ecg_diagnosis_input_2022_chunk54.txt,,,7,ecg_diagnosis_deID_2022_chunk54.txt
ecg_diagnosis_input_2008_chunk246.txt,,,7,ecg_diagnosis_deID_2008_chunk246.txt
ecg_diagnosis_input_2017_chunk208.txt,,,7,ecg_diagnosis_deID_2017_chunk208.txt
ecg_diagnosis_input_2008_chunk252.txt,,,7,ecg_diagnosis_deID_2008_chunk252.txt
ecg_diagnosis_input_2016_chunk179.txt,,,7,ecg_diagnosis_deID_2016_chunk179.txt
ecg_diagnosis_input_1994_chunk81.txt,,,7,ecg_diagnosis_deID_1994_chunk81.txt
ecg_diagnosis_input_2022_chunk40.txt,,,7,ecg_diagnosis_deID_2022_chunk40.txt
ecg_diagnosis_input_1982_chunk27.txt,,,7,ecg_diagnosis_deID_1982_chunk27.txt
ecg_diagnosis_input_2007_chunk76.txt,,,7,ecg_diagnosis_deID_2007_chunk76.txt
ecg_diagnosis_input_2022_chunk362.txt,,,7,ecg_diagnosis_deID_2022_chunk362.txt
ecg_diagnosis_input_2009_chunk137.txt,,,7,ecg_diagnosis_deID_2009_chunk137.txt
ecg_diagnosis_input_2016_chunk151.txt,,,7,ecg_diagnosis_deID_2016_chunk151.txt
ecg_diagnosis_input_2000_chunk91.txt,,,7,ecg_diagnosis_deID_2000_chunk91.txt
ecg_diagnosis_input_2022_chunk68.txt,,,7,ecg_diagnosis_deID_2022_chunk68.txt
ecg_diagnosis_input_2011_chunk353.txt,,,7,ecg_diagnosis_deID_2011_chunk353.txt
ecg_diagnosis_input_2016_chunk37.txt,,,7,ecg_diagnosis_deID_2016_chunk37.txt
ecg_diagnosis_input_2006_chunk188.txt,,,7,ecg_diagnosis_deID_2006_chunk188.txt
ecg_diagnosis_input_1993_chunk66.txt,,,7,ecg_diagnosis_deID_1993_chunk66.txt
ecg_diagnosis_input_2021_chunk197.txt,,,7,ecg_diagnosis_deID_2021_chunk197.txt
ecg_diagnosis_input_2017_chunk234.txt,,,7,ecg_diagnosis_deID_2017_chunk234.txt
ecg_diagnosis_input_2002_chunk157.txt,,,7,ecg_diagnosis_deID_2002_chunk157.txt
ecg_diagnosis_input_2020_chunk580.txt,,,7,ecg_diagnosis_deID_2020_chunk580.txt
ecg_diagnosis_input_2002_chunk143.txt,,,7,ecg_diagnosis_deID_2002_chunk143.txt
ecg_diagnosis_input_2015_chunk398.txt,,,7,ecg_diagnosis_deID_2015_chunk398.txt
ecg_diagnosis_input_2021_chunk183.txt,,,7,ecg_diagnosis_deID_2021_chunk183.txt
ecg_diagnosis_input_2017_chunk220.txt,,,7,ecg_diagnosis_deID_2017_chunk220.txt
ecg_diagnosis_input_2016_chunk23.txt,,,7,ecg_diagnosis_deID_2016_chunk23.txt
ecg_diagnosis_input_2011_chunk347.txt,,,7,ecg_diagnosis_deID_2011_chunk347.txt
ecg_diagnosis_input_1993_chunk72.txt,,,7,ecg_diagnosis_deID_1993_chunk72.txt
ecg_diagnosis_input_2003_chunk226.txt,,,7,ecg_diagnosis_deID_2003_chunk226.txt
ecg_diagnosis_input_1996_chunk141.txt,,,7,ecg_diagnosis_deID_1996_chunk141.txt
ecg_diagnosis_input_2016_chunk145.txt,,,7,ecg_diagnosis_deID_2016_chunk145.txt
ecg_diagnosis_input_2000_chunk85.txt,,,7,ecg_diagnosis_deID_2000_chunk85.txt
ecg_diagnosis_input_2019_chunk139.txt,,,7,ecg_diagnosis_deID_2019_chunk139.txt
ecg_diagnosis_input_1994_chunk56.txt,,,7,ecg_diagnosis_deID_1994_chunk56.txt
ecg_diagnosis_input_1988_chunk43.txt,,,7,ecg_diagnosis_deID_1988_chunk43.txt
ecg_diagnosis_input_2022_chunk97.txt,,,7,ecg_diagnosis_deID_2022_chunk97.txt
ecg_diagnosis_input_2015_chunk415.txt,,,7,ecg_diagnosis_deID_2015_chunk415.txt
ecg_diagnosis_input_2013_chunk214.txt,,,7,ecg_diagnosis_deID_2013_chunk214.txt
ecg_diagnosis_input_1993_chunk99.txt,,,7,ecg_diagnosis_deID_1993_chunk99.txt
ecg_diagnosis_input_2006_chunk177.txt,,,7,ecg_diagnosis_deID_2006_chunk177.txt
ecg_diagnosis_input_2012_chunk171.txt,,,7,ecg_diagnosis_deID_2012_chunk171.txt
ecg_diagnosis_input_2021_chunk168.txt,,,7,ecg_diagnosis_deID_2021_chunk168.txt
ecg_diagnosis_input_2007_chunk212.txt,,,7,ecg_diagnosis_deID_2007_chunk212.txt
ecg_diagnosis_input_2015_chunk373.txt,,,7,ecg_diagnosis_deID_2015_chunk373.txt
ecg_diagnosis_input_2008_chunk285.txt,,,7,ecg_diagnosis_deID_2008_chunk285.txt
ecg_diagnosis_input_2007_chunk206.txt,,,7,ecg_diagnosis_deID_2007_chunk206.txt
ecg_diagnosis_input_2015_chunk367.txt,,,7,ecg_diagnosis_deID_2015_chunk367.txt
ecg_diagnosis_input_2008_chunk291.txt,,,7,ecg_diagnosis_deID_2008_chunk291.txt
ecg_diagnosis_input_2012_chunk165.txt,,,7,ecg_diagnosis_deID_2012_chunk165.txt
ecg_diagnosis_input_2018_chunk248.txt,,,7,ecg_diagnosis_deID_2018_chunk248.txt
ecg_diagnosis_input_1999_chunk129.txt,,,7,ecg_diagnosis_deID_1999_chunk129.txt
ecg_diagnosis_input_2006_chunk163.txt,,,7,ecg_diagnosis_deID_2006_chunk163.txt
ecg_diagnosis_input_1994_chunk42.txt,,,7,ecg_diagnosis_deID_1994_chunk42.txt
ecg_diagnosis_input_1988_chunk57.txt,,,7,ecg_diagnosis_deID_1988_chunk57.txt
ecg_diagnosis_input_2020_chunk219.txt,,,7,ecg_diagnosis_deID_2020_chunk219.txt
ecg_diagnosis_input_2022_chunk83.txt,,,7,ecg_diagnosis_deID_2022_chunk83.txt
ecg_diagnosis_input_2011_chunk13.txt,,,7,ecg_diagnosis_deID_2011_chunk13.txt
ecg_diagnosis_input_2015_chunk401.txt,,,7,ecg_diagnosis_deID_2015_chunk401.txt
ecg_diagnosis_input_2013_chunk200.txt,,,7,ecg_diagnosis_deID_2013_chunk200.txt
ecg_diagnosis_input_2018_chunk506.txt,,,7,ecg_diagnosis_deID_2018_chunk506.txt
ecg_diagnosis_input_2022_chunk389.txt,,,7,ecg_diagnosis_deID_2022_chunk389.txt
ecg_diagnosis_input_2021_chunk632.txt,,,7,ecg_diagnosis_deID_2021_chunk632.txt
ecg_diagnosis_input_1999_chunk101.txt,,,7,ecg_diagnosis_deID_1999_chunk101.txt
ecg_diagnosis_input_1999_chunk16.txt,,,7,ecg_diagnosis_deID_1999_chunk16.txt
ecg_diagnosis_input_2019_chunk105.txt,,,7,ecg_diagnosis_deID_2019_chunk105.txt
ecg_diagnosis_input_2000_chunk52.txt,,,7,ecg_diagnosis_deID_2000_chunk52.txt
ecg_diagnosis_input_2020_chunk231.txt,,,7,ecg_diagnosis_deID_2020_chunk231.txt
ecg_diagnosis_input_2013_chunk228.txt,,,7,ecg_diagnosis_deID_2013_chunk228.txt
ecg_diagnosis_input_2016_chunk192.txt,,,7,ecg_diagnosis_deID_2016_chunk192.txt
ecg_diagnosis_input_2020_chunk557.txt,,,7,ecg_diagnosis_deID_2020_chunk557.txt
ecg_diagnosis_input_1997_chunk4.txt,,,7,ecg_diagnosis_deID_1997_chunk4.txt
ecg_diagnosis_input_1986_chunk6.txt,,,7,ecg_diagnosis_deID_1986_chunk6.txt
ecg_diagnosis_input_2021_chunk154.txt,,,7,ecg_diagnosis_deID_2021_chunk154.txt
ecg_diagnosis_input_2018_chunk260.txt,,,7,ecg_diagnosis_deID_2018_chunk260.txt
ecg_diagnosis_input_2012_chunk159.txt,,,7,ecg_diagnosis_deID_2012_chunk159.txt
ecg_diagnosis_input_2021_chunk140.txt,,,7,ecg_diagnosis_deID_2021_chunk140.txt
ecg_diagnosis_input_2018_chunk274.txt,,,7,ecg_diagnosis_deID_2018_chunk274.txt
ecg_diagnosis_input_2002_chunk180.txt,,,7,ecg_diagnosis_deID_2002_chunk180.txt
ecg_diagnosis_input_2020_chunk543.txt,,,7,ecg_diagnosis_deID_2020_chunk543.txt
ecg_diagnosis_input_2019_chunk111.txt,,,7,ecg_diagnosis_deID_2019_chunk111.txt
ecg_diagnosis_input_2000_chunk46.txt,,,7,ecg_diagnosis_deID_2000_chunk46.txt
ecg_diagnosis_input_1985_chunk17.txt,,,7,ecg_diagnosis_deID_1985_chunk17.txt
ecg_diagnosis_input_2020_chunk225.txt,,,7,ecg_diagnosis_deID_2020_chunk225.txt
ecg_diagnosis_input_2016_chunk186.txt,,,7,ecg_diagnosis_deID_2016_chunk186.txt
ecg_diagnosis_input_2018_chunk512.txt,,,7,ecg_diagnosis_deID_2018_chunk512.txt
ecg_diagnosis_input_2021_chunk626.txt,,,7,ecg_diagnosis_deID_2021_chunk626.txt
ecg_diagnosis_input_2011_chunk384.txt,,,7,ecg_diagnosis_deID_2011_chunk384.txt
ecg_diagnosis_input_2007_chunk89.txt,,,7,ecg_diagnosis_deID_2007_chunk89.txt
ecg_diagnosis_input_1999_chunk115.txt,,,7,ecg_diagnosis_deID_1999_chunk115.txt
ecg_diagnosis_input_1990_chunk15.txt,,,7,ecg_diagnosis_deID_1990_chunk15.txt
ecg_diagnosis_input_2009_chunk51.txt,,,7,ecg_diagnosis_deID_2009_chunk51.txt
ecg_diagnosis_input_2018_chunk38.txt,,,7,ecg_diagnosis_deID_2018_chunk38.txt
ecg_diagnosis_input_2015_chunk44.txt,,,7,ecg_diagnosis_deID_2015_chunk44.txt
ecg_diagnosis_input_2010_chunk208.txt,,,7,ecg_diagnosis_deID_2010_chunk208.txt
ecg_diagnosis_input_2016_chunk409.txt,,,7,ecg_diagnosis_deID_2016_chunk409.txt
ecg_diagnosis_input_2009_chunk321.txt,,,7,ecg_diagnosis_deID_2009_chunk321.txt
ecg_diagnosis_input_2022_chunk174.txt,,,7,ecg_diagnosis_deID_2022_chunk174.txt
ecg_diagnosis_input_2009_chunk335.txt,,,7,ecg_diagnosis_deID_2009_chunk335.txt
ecg_diagnosis_input_2022_chunk160.txt,,,7,ecg_diagnosis_deID_2022_chunk160.txt
ecg_diagnosis_input_2011_chunk179.txt,,,7,ecg_diagnosis_deID_2011_chunk179.txt
ecg_diagnosis_input_2020_chunk3.txt,,,7,ecg_diagnosis_deID_2020_chunk3.txt
ecg_diagnosis_input_2004_chunk39.txt,,,7,ecg_diagnosis_deID_2004_chunk39.txt
ecg_diagnosis_input_2009_chunk45.txt,,,7,ecg_diagnosis_deID_2009_chunk45.txt
ecg_diagnosis_input_2015_chunk50.txt,,,7,ecg_diagnosis_deID_2015_chunk50.txt
ecg_diagnosis_input_2010_chunk234.txt,,,7,ecg_diagnosis_deID_2010_chunk234.txt
ecg_diagnosis_input_2017_chunk3.txt,,,7,ecg_diagnosis_deID_2017_chunk3.txt
ecg_diagnosis_input_2016_chunk435.txt,,,7,ecg_diagnosis_deID_2016_chunk435.txt
ecg_diagnosis_input_2021_chunk27.txt,,,7,ecg_diagnosis_deID_2021_chunk27.txt
ecg_diagnosis_input_1990_chunk29.txt,,,7,ecg_diagnosis_deID_1990_chunk29.txt
ecg_diagnosis_input_2004_chunk11.txt,,,7,ecg_diagnosis_deID_2004_chunk11.txt
ecg_diagnosis_input_2005_chunk157.txt,,,7,ecg_diagnosis_deID_2005_chunk157.txt
ecg_diagnosis_input_2015_chunk78.txt,,,7,ecg_diagnosis_deID_2015_chunk78.txt
ecg_diagnosis_input_2006_chunk1.txt,,,7,ecg_diagnosis_deID_2006_chunk1.txt
ecg_diagnosis_input_2021_chunk395.txt,,,7,ecg_diagnosis_deID_2021_chunk395.txt
ecg_diagnosis_input_2022_chunk148.txt,,,7,ecg_diagnosis_deID_2022_chunk148.txt
ecg_diagnosis_input_2011_chunk151.txt,,,7,ecg_diagnosis_deID_2011_chunk151.txt
ecg_diagnosis_input_2016_chunk353.txt,,,7,ecg_diagnosis_deID_2016_chunk353.txt
ecg_diagnosis_input_2004_chunk232.txt,,,7,ecg_diagnosis_deID_2004_chunk232.txt
ecg_diagnosis_input_1985_chunk8.txt,,,7,ecg_diagnosis_deID_1985_chunk8.txt
ecg_diagnosis_input_2016_chunk347.txt,,,7,ecg_diagnosis_deID_2016_chunk347.txt
ecg_diagnosis_input_2004_chunk226.txt,,,7,ecg_diagnosis_deID_2004_chunk226.txt
ecg_diagnosis_input_2009_chunk309.txt,,,7,ecg_diagnosis_deID_2009_chunk309.txt
ecg_diagnosis_input_2011_chunk145.txt,,,7,ecg_diagnosis_deID_2011_chunk145.txt
ecg_diagnosis_input_2009_chunk79.txt,,,7,ecg_diagnosis_deID_2009_chunk79.txt
ecg_diagnosis_input_2005_chunk143.txt,,,7,ecg_diagnosis_deID_2005_chunk143.txt
ecg_diagnosis_input_2012_chunk398.txt,,,7,ecg_diagnosis_deID_2012_chunk398.txt
ecg_diagnosis_input_2018_chunk10.txt,,,7,ecg_diagnosis_deID_2018_chunk10.txt
ecg_diagnosis_input_2021_chunk381.txt,,,7,ecg_diagnosis_deID_2021_chunk381.txt
ecg_diagnosis_input_2010_chunk220.txt,,,7,ecg_diagnosis_deID_2010_chunk220.txt
ecg_diagnosis_input_2016_chunk421.txt,,,7,ecg_diagnosis_deID_2016_chunk421.txt
ecg_diagnosis_input_2021_chunk33.txt,,,7,ecg_diagnosis_deID_2021_chunk33.txt
ecg_diagnosis_input_2012_chunk48.txt,,,7,ecg_diagnosis_deID_2012_chunk48.txt
ecg_diagnosis_input_1997_chunk19.txt,,,7,ecg_diagnosis_deID_1997_chunk19.txt
ecg_diagnosis_input_2003_chunk21.txt,,,7,ecg_diagnosis_deID_2003_chunk21.txt
ecg_diagnosis_input_2015_chunk171.txt,,,7,ecg_diagnosis_deID_2015_chunk171.txt
ecg_diagnosis_input_2009_chunk92.txt,,,7,ecg_diagnosis_deID_2009_chunk92.txt
ecg_diagnosis_input_2012_chunk373.txt,,,7,ecg_diagnosis_deID_2012_chunk373.txt
ecg_diagnosis_input_2015_chunk87.txt,,,7,ecg_diagnosis_deID_2015_chunk87.txt
ecg_diagnosis_input_2012_chunk415.txt,,,7,ecg_diagnosis_deID_2012_chunk415.txt
ecg_diagnosis_input_2014_chunk214.txt,,,7,ecg_diagnosis_deID_2014_chunk214.txt
ecg_diagnosis_input_2001_chunk163.txt,,,7,ecg_diagnosis_deID_2001_chunk163.txt
ecg_diagnosis_input_2012_chunk401.txt,,,7,ecg_diagnosis_deID_2012_chunk401.txt
ecg_diagnosis_input_2014_chunk200.txt,,,7,ecg_diagnosis_deID_2014_chunk200.txt
ecg_diagnosis_input_2021_chunk418.txt,,,7,ecg_diagnosis_deID_2021_chunk418.txt
ecg_diagnosis_input_2009_chunk86.txt,,,7,ecg_diagnosis_deID_2009_chunk86.txt
ecg_diagnosis_input_2015_chunk93.txt,,,7,ecg_diagnosis_deID_2015_chunk93.txt
ecg_diagnosis_input_2012_chunk367.txt,,,7,ecg_diagnosis_deID_2012_chunk367.txt
ecg_diagnosis_input_2019_chunk449.txt,,,7,ecg_diagnosis_deID_2019_chunk449.txt
ecg_diagnosis_input_2003_chunk35.txt,,,7,ecg_diagnosis_deID_2003_chunk35.txt
ecg_diagnosis_input_2015_chunk165.txt,,,7,ecg_diagnosis_deID_2015_chunk165.txt
ecg_diagnosis_input_1995_chunk149.txt,,,7,ecg_diagnosis_deID_1995_chunk149.txt
ecg_diagnosis_input_2021_chunk356.txt,,,7,ecg_diagnosis_deID_2021_chunk356.txt
ecg_diagnosis_input_2005_chunk194.txt,,,7,ecg_diagnosis_deID_2005_chunk194.txt
ecg_diagnosis_input_2019_chunk461.txt,,,7,ecg_diagnosis_deID_2019_chunk461.txt
ecg_diagnosis_input_2012_chunk74.txt,,,7,ecg_diagnosis_deID_2012_chunk74.txt
ecg_diagnosis_input_1997_chunk25.txt,,,7,ecg_diagnosis_deID_1997_chunk25.txt
ecg_diagnosis_input_2016_chunk390.txt,,,7,ecg_diagnosis_deID_2016_chunk390.txt
ecg_diagnosis_input_2019_chunk307.txt,,,7,ecg_diagnosis_deID_2019_chunk307.txt
ecg_diagnosis_input_2011_chunk192.txt,,,7,ecg_diagnosis_deID_2011_chunk192.txt
ecg_diagnosis_input_2014_chunk228.txt,,,7,ecg_diagnosis_deID_2014_chunk228.txt
ecg_diagnosis_input_2021_chunk430.txt,,,7,ecg_diagnosis_deID_2021_chunk430.txt
ecg_diagnosis_input_2011_chunk186.txt,,,7,ecg_diagnosis_deID_2011_chunk186.txt
ecg_diagnosis_input_2021_chunk424.txt,,,7,ecg_diagnosis_deID_2021_chunk424.txt
ecg_diagnosis_input_2016_chunk384.txt,,,7,ecg_diagnosis_deID_2016_chunk384.txt
ecg_diagnosis_input_2019_chunk313.txt,,,7,ecg_diagnosis_deID_2019_chunk313.txt
ecg_diagnosis_input_2019_chunk475.txt,,,7,ecg_diagnosis_deID_2019_chunk475.txt
ecg_diagnosis_input_1986_chunk58.txt,,,7,ecg_diagnosis_deID_1986_chunk58.txt
ecg_diagnosis_input_2012_chunk60.txt,,,7,ecg_diagnosis_deID_2012_chunk60.txt
ecg_diagnosis_input_1997_chunk31.txt,,,7,ecg_diagnosis_deID_1997_chunk31.txt
ecg_diagnosis_input_2015_chunk159.txt,,,7,ecg_diagnosis_deID_2015_chunk159.txt
ecg_diagnosis_input_2021_chunk342.txt,,,7,ecg_diagnosis_deID_2021_chunk342.txt
ecg_diagnosis_input_2005_chunk180.txt,,,7,ecg_diagnosis_deID_2005_chunk180.txt
ecg_diagnosis_input_2015_chunk161.txt,,,7,ecg_diagnosis_deID_2015_chunk161.txt
ecg_diagnosis_input_2012_chunk58.txt,,,7,ecg_diagnosis_deID_2012_chunk58.txt
ecg_diagnosis_input_1986_chunk60.txt,,,7,ecg_diagnosis_deID_1986_chunk60.txt
ecg_diagnosis_input_2003_chunk31.txt,,,7,ecg_diagnosis_deID_2003_chunk31.txt
ecg_diagnosis_input_2009_chunk82.txt,,,7,ecg_diagnosis_deID_2009_chunk82.txt
ecg_diagnosis_input_2012_chunk363.txt,,,7,ecg_diagnosis_deID_2012_chunk363.txt
ecg_diagnosis_input_2015_chunk97.txt,,,7,ecg_diagnosis_deID_2015_chunk97.txt
ecg_diagnosis_input_2012_chunk405.txt,,,7,ecg_diagnosis_deID_2012_chunk405.txt
ecg_diagnosis_input_2014_chunk204.txt,,,7,ecg_diagnosis_deID_2014_chunk204.txt
ecg_diagnosis_input_2021_chunk408.txt,,,7,ecg_diagnosis_deID_2021_chunk408.txt
ecg_diagnosis_input_2012_chunk411.txt,,,7,ecg_diagnosis_deID_2012_chunk411.txt
ecg_diagnosis_input_2014_chunk210.txt,,,7,ecg_diagnosis_deID_2014_chunk210.txt
ecg_diagnosis_input_2009_chunk96.txt,,,7,ecg_diagnosis_deID_2009_chunk96.txt
ecg_diagnosis_input_2015_chunk83.txt,,,7,ecg_diagnosis_deID_2015_chunk83.txt
ecg_diagnosis_input_2012_chunk377.txt,,,7,ecg_diagnosis_deID_2012_chunk377.txt
ecg_diagnosis_input_2015_chunk175.txt,,,7,ecg_diagnosis_deID_2015_chunk175.txt
ecg_diagnosis_input_2019_chunk459.txt,,,7,ecg_diagnosis_deID_2019_chunk459.txt
ecg_diagnosis_input_2003_chunk25.txt,,,7,ecg_diagnosis_deID_2003_chunk25.txt
ecg_diagnosis_input_2005_chunk184.txt,,,7,ecg_diagnosis_deID_2005_chunk184.txt
ecg_diagnosis_input_2021_chunk346.txt,,,7,ecg_diagnosis_deID_2021_chunk346.txt
ecg_diagnosis_input_2012_chunk64.txt,,,7,ecg_diagnosis_deID_2012_chunk64.txt
ecg_diagnosis_input_2019_chunk471.txt,,,7,ecg_diagnosis_deID_2019_chunk471.txt
ecg_diagnosis_input_1997_chunk35.txt,,,7,ecg_diagnosis_deID_1997_chunk35.txt
ecg_diagnosis_input_2019_chunk317.txt,,,7,ecg_diagnosis_deID_2019_chunk317.txt
ecg_diagnosis_input_2016_chunk380.txt,,,7,ecg_diagnosis_deID_2016_chunk380.txt
ecg_diagnosis_input_2021_chunk420.txt,,,7,ecg_diagnosis_deID_2021_chunk420.txt
ecg_diagnosis_input_2011_chunk182.txt,,,7,ecg_diagnosis_deID_2011_chunk182.txt
ecg_diagnosis_input_2014_chunk238.txt,,,7,ecg_diagnosis_deID_2014_chunk238.txt
ecg_diagnosis_input_2021_chunk434.txt,,,7,ecg_diagnosis_deID_2021_chunk434.txt
ecg_diagnosis_input_2011_chunk196.txt,,,7,ecg_diagnosis_deID_2011_chunk196.txt
ecg_diagnosis_input_2019_chunk303.txt,,,7,ecg_diagnosis_deID_2019_chunk303.txt
ecg_diagnosis_input_2016_chunk394.txt,,,7,ecg_diagnosis_deID_2016_chunk394.txt
ecg_diagnosis_input_2015_chunk149.txt,,,7,ecg_diagnosis_deID_2015_chunk149.txt
ecg_diagnosis_input_1986_chunk48.txt,,,7,ecg_diagnosis_deID_1986_chunk48.txt
ecg_diagnosis_input_2012_chunk70.txt,,,7,ecg_diagnosis_deID_2012_chunk70.txt
ecg_diagnosis_input_2019_chunk465.txt,,,7,ecg_diagnosis_deID_2019_chunk465.txt
ecg_diagnosis_input_2003_chunk19.txt,,,7,ecg_diagnosis_deID_2003_chunk19.txt
ecg_diagnosis_input_1997_chunk21.txt,,,7,ecg_diagnosis_deID_1997_chunk21.txt
ecg_diagnosis_input_2005_chunk190.txt,,,7,ecg_diagnosis_deID_2005_chunk190.txt
ecg_diagnosis_input_2021_chunk352.txt,,,7,ecg_diagnosis_deID_2021_chunk352.txt
ecg_diagnosis_input_2009_chunk41.txt,,,7,ecg_diagnosis_deID_2009_chunk41.txt
ecg_diagnosis_input_2015_chunk54.txt,,,7,ecg_diagnosis_deID_2015_chunk54.txt
ecg_diagnosis_input_2018_chunk28.txt,,,7,ecg_diagnosis_deID_2018_chunk28.txt
ecg_diagnosis_input_2010_chunk218.txt,,,7,ecg_diagnosis_deID_2010_chunk218.txt
ecg_diagnosis_input_2020_chunk7.txt,,,7,ecg_diagnosis_deID_2020_chunk7.txt
ecg_diagnosis_input_2016_chunk419.txt,,,7,ecg_diagnosis_deID_2016_chunk419.txt
ecg_diagnosis_input_2022_chunk164.txt,,,7,ecg_diagnosis_deID_2022_chunk164.txt
ecg_diagnosis_input_2009_chunk331.txt,,,7,ecg_diagnosis_deID_2009_chunk331.txt
ecg_diagnosis_input_2011_chunk169.txt,,,7,ecg_diagnosis_deID_2011_chunk169.txt
ecg_diagnosis_input_2022_chunk170.txt,,,7,ecg_diagnosis_deID_2022_chunk170.txt
ecg_diagnosis_input_2009_chunk325.txt,,,7,ecg_diagnosis_deID_2009_chunk325.txt
ecg_diagnosis_input_2009_chunk55.txt,,,7,ecg_diagnosis_deID_2009_chunk55.txt
ecg_diagnosis_input_2004_chunk29.txt,,,7,ecg_diagnosis_deID_2004_chunk29.txt
ecg_diagnosis_input_1990_chunk11.txt,,,7,ecg_diagnosis_deID_1990_chunk11.txt
ecg_diagnosis_input_2015_chunk40.txt,,,7,ecg_diagnosis_deID_2015_chunk40.txt
ecg_diagnosis_input_2021_chunk37.txt,,,7,ecg_diagnosis_deID_2021_chunk37.txt
ecg_diagnosis_input_2010_chunk224.txt,,,7,ecg_diagnosis_deID_2010_chunk224.txt
ecg_diagnosis_input_2016_chunk425.txt,,,7,ecg_diagnosis_deID_2016_chunk425.txt
ecg_diagnosis_input_2021_chunk385.txt,,,7,ecg_diagnosis_deID_2021_chunk385.txt
ecg_diagnosis_input_1990_chunk39.txt,,,7,ecg_diagnosis_deID_1990_chunk39.txt
ecg_diagnosis_input_2005_chunk147.txt,,,7,ecg_diagnosis_deID_2005_chunk147.txt
ecg_diagnosis_input_2018_chunk14.txt,,,7,ecg_diagnosis_deID_2018_chunk14.txt
ecg_diagnosis_input_2015_chunk68.txt,,,7,ecg_diagnosis_deID_2015_chunk68.txt
ecg_diagnosis_input_2011_chunk141.txt,,,7,ecg_diagnosis_deID_2011_chunk141.txt
ecg_diagnosis_input_2022_chunk158.txt,,,7,ecg_diagnosis_deID_2022_chunk158.txt
ecg_diagnosis_input_2016_chunk343.txt,,,7,ecg_diagnosis_deID_2016_chunk343.txt
ecg_diagnosis_input_2004_chunk222.txt,,,7,ecg_diagnosis_deID_2004_chunk222.txt
ecg_diagnosis_input_2016_chunk357.txt,,,7,ecg_diagnosis_deID_2016_chunk357.txt
ecg_diagnosis_input_2004_chunk236.txt,,,7,ecg_diagnosis_deID_2004_chunk236.txt
ecg_diagnosis_input_2011_chunk155.txt,,,7,ecg_diagnosis_deID_2011_chunk155.txt
ecg_diagnosis_input_2009_chunk319.txt,,,7,ecg_diagnosis_deID_2009_chunk319.txt
ecg_diagnosis_input_2006_chunk5.txt,,,7,ecg_diagnosis_deID_2006_chunk5.txt
ecg_diagnosis_input_2021_chunk391.txt,,,7,ecg_diagnosis_deID_2021_chunk391.txt
ecg_diagnosis_input_2005_chunk153.txt,,,7,ecg_diagnosis_deID_2005_chunk153.txt
ecg_diagnosis_input_2004_chunk15.txt,,,7,ecg_diagnosis_deID_2004_chunk15.txt
ecg_diagnosis_input_2009_chunk69.txt,,,7,ecg_diagnosis_deID_2009_chunk69.txt
ecg_diagnosis_input_2012_chunk388.txt,,,7,ecg_diagnosis_deID_2012_chunk388.txt
ecg_diagnosis_input_2021_chunk23.txt,,,7,ecg_diagnosis_deID_2021_chunk23.txt
ecg_diagnosis_input_2017_chunk7.txt,,,7,ecg_diagnosis_deID_2017_chunk7.txt
ecg_diagnosis_input_2010_chunk230.txt,,,7,ecg_diagnosis_deID_2010_chunk230.txt
ecg_diagnosis_input_2016_chunk431.txt,,,7,ecg_diagnosis_deID_2016_chunk431.txt
ecg_diagnosis_input_2015_chunk405.txt,,,7,ecg_diagnosis_deID_2015_chunk405.txt
ecg_diagnosis_input_2013_chunk204.txt,,,7,ecg_diagnosis_deID_2013_chunk204.txt
ecg_diagnosis_input_2019_chunk129.txt,,,7,ecg_diagnosis_deID_2019_chunk129.txt
ecg_diagnosis_input_1994_chunk46.txt,,,7,ecg_diagnosis_deID_1994_chunk46.txt
ecg_diagnosis_input_2011_chunk17.txt,,,7,ecg_diagnosis_deID_2011_chunk17.txt
ecg_diagnosis_input_2022_chunk87.txt,,,7,ecg_diagnosis_deID_2022_chunk87.txt
ecg_diagnosis_input_1988_chunk53.txt,,,7,ecg_diagnosis_deID_1988_chunk53.txt
ecg_diagnosis_input_1993_chunk89.txt,,,7,ecg_diagnosis_deID_1993_chunk89.txt
ecg_diagnosis_input_2006_chunk167.txt,,,7,ecg_diagnosis_deID_2006_chunk167.txt
ecg_diagnosis_input_2021_chunk178.txt,,,7,ecg_diagnosis_deID_2021_chunk178.txt
ecg_diagnosis_input_2012_chunk161.txt,,,7,ecg_diagnosis_deID_2012_chunk161.txt
ecg_diagnosis_input_2008_chunk295.txt,,,7,ecg_diagnosis_deID_2008_chunk295.txt
ecg_diagnosis_input_2007_chunk202.txt,,,7,ecg_diagnosis_deID_2007_chunk202.txt
ecg_diagnosis_input_2015_chunk363.txt,,,7,ecg_diagnosis_deID_2015_chunk363.txt
ecg_diagnosis_input_2008_chunk281.txt,,,7,ecg_diagnosis_deID_2008_chunk281.txt
ecg_diagnosis_input_2007_chunk216.txt,,,7,ecg_diagnosis_deID_2007_chunk216.txt
ecg_diagnosis_input_2015_chunk377.txt,,,7,ecg_diagnosis_deID_2015_chunk377.txt
ecg_diagnosis_input_2018_chunk258.txt,,,7,ecg_diagnosis_deID_2018_chunk258.txt
ecg_diagnosis_input_2012_chunk175.txt,,,7,ecg_diagnosis_deID_2012_chunk175.txt
ecg_diagnosis_input_2006_chunk173.txt,,,7,ecg_diagnosis_deID_2006_chunk173.txt
ecg_diagnosis_input_1999_chunk139.txt,,,7,ecg_diagnosis_deID_1999_chunk139.txt
ecg_diagnosis_input_2015_chunk411.txt,,,7,ecg_diagnosis_deID_2015_chunk411.txt
ecg_diagnosis_input_2013_chunk210.txt,,,7,ecg_diagnosis_deID_2013_chunk210.txt
ecg_diagnosis_input_1994_chunk52.txt,,,7,ecg_diagnosis_deID_1994_chunk52.txt
ecg_diagnosis_input_2022_chunk93.txt,,,7,ecg_diagnosis_deID_2022_chunk93.txt
ecg_diagnosis_input_1988_chunk47.txt,,,7,ecg_diagnosis_deID_1988_chunk47.txt
ecg_diagnosis_input_2020_chunk209.txt,,,7,ecg_diagnosis_deID_2020_chunk209.txt
ecg_diagnosis_input_2011_chunk380.txt,,,7,ecg_diagnosis_deID_2011_chunk380.txt
ecg_diagnosis_input_1999_chunk111.txt,,,7,ecg_diagnosis_deID_1999_chunk111.txt
ecg_diagnosis_input_2018_chunk516.txt,,,7,ecg_diagnosis_deID_2018_chunk516.txt
ecg_diagnosis_input_2021_chunk622.txt,,,7,ecg_diagnosis_deID_2021_chunk622.txt
ecg_diagnosis_input_2014_chunk9.txt,,,7,ecg_diagnosis_deID_2014_chunk9.txt
ecg_diagnosis_input_2013_chunk238.txt,,,7,ecg_diagnosis_deID_2013_chunk238.txt
ecg_diagnosis_input_2016_chunk182.txt,,,7,ecg_diagnosis_deID_2016_chunk182.txt
ecg_diagnosis_input_2000_chunk42.txt,,,7,ecg_diagnosis_deID_2000_chunk42.txt
ecg_diagnosis_input_2019_chunk115.txt,,,7,ecg_diagnosis_deID_2019_chunk115.txt
ecg_diagnosis_input_2020_chunk221.txt,,,7,ecg_diagnosis_deID_2020_chunk221.txt
ecg_diagnosis_input_1985_chunk13.txt,,,7,ecg_diagnosis_deID_1985_chunk13.txt
ecg_diagnosis_input_2020_chunk547.txt,,,7,ecg_diagnosis_deID_2020_chunk547.txt
ecg_diagnosis_input_2002_chunk184.txt,,,7,ecg_diagnosis_deID_2002_chunk184.txt
ecg_diagnosis_input_2021_chunk144.txt,,,7,ecg_diagnosis_deID_2021_chunk144.txt
ecg_diagnosis_input_2018_chunk270.txt,,,7,ecg_diagnosis_deID_2018_chunk270.txt
ecg_diagnosis_input_2021_chunk150.txt,,,7,ecg_diagnosis_deID_2021_chunk150.txt
ecg_diagnosis_input_2018_chunk264.txt,,,7,ecg_diagnosis_deID_2018_chunk264.txt
ecg_diagnosis_input_2012_chunk149.txt,,,7,ecg_diagnosis_deID_2012_chunk149.txt
ecg_diagnosis_input_1986_chunk2.txt,,,7,ecg_diagnosis_deID_1986_chunk2.txt
ecg_diagnosis_input_2020_chunk553.txt,,,7,ecg_diagnosis_deID_2020_chunk553.txt
ecg_diagnosis_input_2016_chunk196.txt,,,7,ecg_diagnosis_deID_2016_chunk196.txt
ecg_diagnosis_input_2000_chunk56.txt,,,7,ecg_diagnosis_deID_2000_chunk56.txt
ecg_diagnosis_input_2019_chunk101.txt,,,7,ecg_diagnosis_deID_2019_chunk101.txt
ecg_diagnosis_input_1999_chunk12.txt,,,7,ecg_diagnosis_deID_1999_chunk12.txt
ecg_diagnosis_input_2020_chunk235.txt,,,7,ecg_diagnosis_deID_2020_chunk235.txt
ecg_diagnosis_input_1999_chunk105.txt,,,7,ecg_diagnosis_deID_1999_chunk105.txt
ecg_diagnosis_input_2007_chunk99.txt,,,7,ecg_diagnosis_deID_2007_chunk99.txt
ecg_diagnosis_input_2018_chunk502.txt,,,7,ecg_diagnosis_deID_2018_chunk502.txt
ecg_diagnosis_input_2021_chunk636.txt,,,7,ecg_diagnosis_deID_2021_chunk636.txt
ecg_diagnosis_input_2009_chunk133.txt,,,7,ecg_diagnosis_deID_2009_chunk133.txt
ecg_diagnosis_input_2022_chunk366.txt,,,7,ecg_diagnosis_deID_2022_chunk366.txt
ecg_diagnosis_input_1982_chunk23.txt,,,7,ecg_diagnosis_deID_1982_chunk23.txt
ecg_diagnosis_input_2007_chunk72.txt,,,7,ecg_diagnosis_deID_2007_chunk72.txt
ecg_diagnosis_input_1994_chunk85.txt,,,7,ecg_diagnosis_deID_1994_chunk85.txt
ecg_diagnosis_input_2022_chunk44.txt,,,7,ecg_diagnosis_deID_2022_chunk44.txt
ecg_diagnosis_input_2008_chunk256.txt,,,7,ecg_diagnosis_deID_2008_chunk256.txt
ecg_diagnosis_input_2017_chunk218.txt,,,7,ecg_diagnosis_deID_2017_chunk218.txt
ecg_diagnosis_input_2008_chunk242.txt,,,7,ecg_diagnosis_deID_2008_chunk242.txt
ecg_diagnosis_input_1994_chunk91.txt,,,7,ecg_diagnosis_deID_1994_chunk91.txt
ecg_diagnosis_input_2022_chunk50.txt,,,7,ecg_diagnosis_deID_2022_chunk50.txt
ecg_diagnosis_input_1988_chunk84.txt,,,7,ecg_diagnosis_deID_1988_chunk84.txt
ecg_diagnosis_input_2016_chunk169.txt,,,7,ecg_diagnosis_deID_2016_chunk169.txt
ecg_diagnosis_input_2009_chunk127.txt,,,7,ecg_diagnosis_deID_2009_chunk127.txt
ecg_diagnosis_input_2022_chunk372.txt,,,7,ecg_diagnosis_deID_2022_chunk372.txt
ecg_diagnosis_input_1982_chunk37.txt,,,7,ecg_diagnosis_deID_1982_chunk37.txt
ecg_diagnosis_input_2007_chunk66.txt,,,7,ecg_diagnosis_deID_2007_chunk66.txt
ecg_diagnosis_input_2000_chunk81.txt,,,7,ecg_diagnosis_deID_2000_chunk81.txt
ecg_diagnosis_input_2022_chunk78.txt,,,7,ecg_diagnosis_deID_2022_chunk78.txt
ecg_diagnosis_input_2016_chunk141.txt,,,7,ecg_diagnosis_deID_2016_chunk141.txt
ecg_diagnosis_input_1996_chunk145.txt,,,7,ecg_diagnosis_deID_1996_chunk145.txt
ecg_diagnosis_input_2011_chunk343.txt,,,7,ecg_diagnosis_deID_2011_chunk343.txt
ecg_diagnosis_input_2016_chunk27.txt,,,7,ecg_diagnosis_deID_2016_chunk27.txt
ecg_diagnosis_input_2006_chunk198.txt,,,7,ecg_diagnosis_deID_2006_chunk198.txt
ecg_diagnosis_input_2003_chunk222.txt,,,7,ecg_diagnosis_deID_2003_chunk222.txt
ecg_diagnosis_input_1993_chunk76.txt,,,7,ecg_diagnosis_deID_1993_chunk76.txt
ecg_diagnosis_input_2017_chunk224.txt,,,7,ecg_diagnosis_deID_2017_chunk224.txt
ecg_diagnosis_input_2021_chunk187.txt,,,7,ecg_diagnosis_deID_2021_chunk187.txt
ecg_diagnosis_input_2002_chunk147.txt,,,7,ecg_diagnosis_deID_2002_chunk147.txt
ecg_diagnosis_input_2002_chunk153.txt,,,7,ecg_diagnosis_deID_2002_chunk153.txt
ecg_diagnosis_input_2015_chunk388.txt,,,7,ecg_diagnosis_deID_2015_chunk388.txt
ecg_diagnosis_input_2017_chunk230.txt,,,7,ecg_diagnosis_deID_2017_chunk230.txt
ecg_diagnosis_input_2021_chunk193.txt,,,7,ecg_diagnosis_deID_2021_chunk193.txt
ecg_diagnosis_input_1996_chunk151.txt,,,7,ecg_diagnosis_deID_1996_chunk151.txt
ecg_diagnosis_input_2016_chunk33.txt,,,7,ecg_diagnosis_deID_2016_chunk33.txt
ecg_diagnosis_input_2011_chunk357.txt,,,7,ecg_diagnosis_deID_2011_chunk357.txt
ecg_diagnosis_input_1993_chunk62.txt,,,7,ecg_diagnosis_deID_1993_chunk62.txt
ecg_diagnosis_input_2000_chunk95.txt,,,7,ecg_diagnosis_deID_2000_chunk95.txt
ecg_diagnosis_input_2016_chunk155.txt,,,7,ecg_diagnosis_deID_2016_chunk155.txt
ecg_diagnosis_input_2020_chunk369.txt,,,7,ecg_diagnosis_deID_2020_chunk369.txt
ecg_diagnosis_input_2005_chunk84.txt,,,7,ecg_diagnosis_deID_2005_chunk84.txt
ecg_diagnosis_input_2013_chunk370.txt,,,7,ecg_diagnosis_deID_2013_chunk370.txt
ecg_diagnosis_input_2019_chunk91.txt,,,7,ecg_diagnosis_deID_2019_chunk91.txt
ecg_diagnosis_input_2013_chunk22.txt,,,7,ecg_diagnosis_deID_2013_chunk22.txt
ecg_diagnosis_input_1996_chunk73.txt,,,7,ecg_diagnosis_deID_1996_chunk73.txt
ecg_diagnosis_input_2014_chunk172.txt,,,7,ecg_diagnosis_deID_2014_chunk172.txt
ecg_diagnosis_input_2018_chunk338.txt,,,7,ecg_diagnosis_deID_2018_chunk338.txt
ecg_diagnosis_input_2015_chunk217.txt,,,7,ecg_diagnosis_deID_2015_chunk217.txt
ecg_diagnosis_input_2013_chunk416.txt,,,7,ecg_diagnosis_deID_2013_chunk416.txt
ecg_diagnosis_input_2015_chunk203.txt,,,7,ecg_diagnosis_deID_2015_chunk203.txt
ecg_diagnosis_input_2013_chunk402.txt,,,7,ecg_diagnosis_deID_2013_chunk402.txt
ecg_diagnosis_input_2000_chunk160.txt,,,7,ecg_diagnosis_deID_2000_chunk160.txt
ecg_diagnosis_input_2013_chunk36.txt,,,7,ecg_diagnosis_deID_2013_chunk36.txt
ecg_diagnosis_input_1996_chunk67.txt,,,7,ecg_diagnosis_deID_1996_chunk67.txt
ecg_diagnosis_input_2014_chunk166.txt,,,7,ecg_diagnosis_deID_2014_chunk166.txt
ecg_diagnosis_input_2013_chunk364.txt,,,7,ecg_diagnosis_deID_2013_chunk364.txt
ecg_diagnosis_input_2005_chunk90.txt,,,7,ecg_diagnosis_deID_2005_chunk90.txt
ecg_diagnosis_input_2019_chunk85.txt,,,7,ecg_diagnosis_deID_2019_chunk85.txt
ecg_diagnosis_input_1987_chunk26.txt,,,7,ecg_diagnosis_deID_1987_chunk26.txt
ecg_diagnosis_input_2018_chunk462.txt,,,7,ecg_diagnosis_deID_2018_chunk462.txt
ecg_diagnosis_input_2002_chunk77.txt,,,7,ecg_diagnosis_deID_2002_chunk77.txt
ecg_diagnosis_input_2020_chunk355.txt,,,7,ecg_diagnosis_deID_2020_chunk355.txt
ecg_diagnosis_input_1991_chunk80.txt,,,7,ecg_diagnosis_deID_1991_chunk80.txt
ecg_diagnosis_input_2004_chunk197.txt,,,7,ecg_diagnosis_deID_2004_chunk197.txt
ecg_diagnosis_input_2010_chunk191.txt,,,7,ecg_diagnosis_deID_2010_chunk191.txt
ecg_diagnosis_input_2020_chunk433.txt,,,7,ecg_diagnosis_deID_2020_chunk433.txt
ecg_diagnosis_input_2000_chunk148.txt,,,7,ecg_diagnosis_deID_2000_chunk148.txt
ecg_diagnosis_input_2017_chunk393.txt,,,7,ecg_diagnosis_deID_2017_chunk393.txt
ecg_diagnosis_input_2018_chunk304.txt,,,7,ecg_diagnosis_deID_2018_chunk304.txt
ecg_diagnosis_input_2017_chunk387.txt,,,7,ecg_diagnosis_deID_2017_chunk387.txt
ecg_diagnosis_input_2018_chunk310.txt,,,7,ecg_diagnosis_deID_2018_chunk310.txt
ecg_diagnosis_input_2010_chunk185.txt,,,7,ecg_diagnosis_deID_2010_chunk185.txt
ecg_diagnosis_input_2020_chunk427.txt,,,7,ecg_diagnosis_deID_2020_chunk427.txt
ecg_diagnosis_input_2020_chunk341.txt,,,7,ecg_diagnosis_deID_2020_chunk341.txt
ecg_diagnosis_input_2013_chunk358.txt,,,7,ecg_diagnosis_deID_2013_chunk358.txt
ecg_diagnosis_input_1991_chunk94.txt,,,7,ecg_diagnosis_deID_1991_chunk94.txt
ecg_diagnosis_input_2004_chunk183.txt,,,7,ecg_diagnosis_deID_2004_chunk183.txt
ecg_diagnosis_input_1987_chunk32.txt,,,7,ecg_diagnosis_deID_1987_chunk32.txt
ecg_diagnosis_input_2008_chunk8.txt,,,7,ecg_diagnosis_deID_2008_chunk8.txt
ecg_diagnosis_input_2018_chunk476.txt,,,7,ecg_diagnosis_deID_2018_chunk476.txt
ecg_diagnosis_input_2002_chunk63.txt,,,7,ecg_diagnosis_deID_2002_chunk63.txt
ecg_diagnosis_input_2012_chunk2.txt,,,7,ecg_diagnosis_deID_2012_chunk2.txt
ecg_diagnosis_input_2020_chunk71.txt,,,7,ecg_diagnosis_deID_2020_chunk71.txt
ecg_diagnosis_input_2002_chunk88.txt,,,7,ecg_diagnosis_deID_2002_chunk88.txt
ecg_diagnosis_input_2022_chunk212.txt,,,7,ecg_diagnosis_deID_2022_chunk212.txt
ecg_diagnosis_input_2005_chunk47.txt,,,7,ecg_diagnosis_deID_2005_chunk47.txt
ecg_diagnosis_input_2004_chunk168.txt,,,7,ecg_diagnosis_deID_2004_chunk168.txt
ecg_diagnosis_input_2019_chunk52.txt,,,7,ecg_diagnosis_deID_2019_chunk52.txt
ecg_diagnosis_input_2005_chunk219.txt,,,7,ecg_diagnosis_deID_2005_chunk219.txt
ecg_diagnosis_input_2017_chunk378.txt,,,7,ecg_diagnosis_deID_2017_chunk378.txt
ecg_diagnosis_input_2005_chunk53.txt,,,7,ecg_diagnosis_deID_2005_chunk53.txt
ecg_diagnosis_input_2019_chunk46.txt,,,7,ecg_diagnosis_deID_2019_chunk46.txt
ecg_diagnosis_input_2020_chunk65.txt,,,7,ecg_diagnosis_deID_2020_chunk65.txt
ecg_diagnosis_input_2018_chunk489.txt,,,7,ecg_diagnosis_deID_2018_chunk489.txt
ecg_diagnosis_input_2022_chunk206.txt,,,7,ecg_diagnosis_deID_2022_chunk206.txt
ecg_diagnosis_input_1991_chunk43.txt,,,7,ecg_diagnosis_deID_1991_chunk43.txt
ecg_diagnosis_input_2004_chunk154.txt,,,7,ecg_diagnosis_deID_2004_chunk154.txt
ecg_diagnosis_input_2014_chunk12.txt,,,7,ecg_diagnosis_deID_2014_chunk12.txt
ecg_diagnosis_input_2020_chunk396.txt,,,7,ecg_diagnosis_deID_2020_chunk396.txt
ecg_diagnosis_input_2017_chunk436.txt,,,7,ecg_diagnosis_deID_2017_chunk436.txt
ecg_diagnosis_input_2011_chunk237.txt,,,7,ecg_diagnosis_deID_2011_chunk237.txt
ecg_diagnosis_input_2005_chunk231.txt,,,7,ecg_diagnosis_deID_2005_chunk231.txt
ecg_diagnosis_input_2017_chunk350.txt,,,7,ecg_diagnosis_deID_2017_chunk350.txt
ecg_diagnosis_input_2010_chunk152.txt,,,7,ecg_diagnosis_deID_2010_chunk152.txt
ecg_diagnosis_input_2010_chunk146.txt,,,7,ecg_diagnosis_deID_2010_chunk146.txt
ecg_diagnosis_input_2005_chunk225.txt,,,7,ecg_diagnosis_deID_2005_chunk225.txt
ecg_diagnosis_input_2017_chunk344.txt,,,7,ecg_diagnosis_deID_2017_chunk344.txt
ecg_diagnosis_input_2017_chunk422.txt,,,7,ecg_diagnosis_deID_2017_chunk422.txt
ecg_diagnosis_input_2014_chunk199.txt,,,7,ecg_diagnosis_deID_2014_chunk199.txt
ecg_diagnosis_input_2011_chunk223.txt,,,7,ecg_diagnosis_deID_2011_chunk223.txt
ecg_diagnosis_input_2020_chunk59.txt,,,7,ecg_diagnosis_deID_2020_chunk59.txt
ecg_diagnosis_input_1996_chunk98.txt,,,7,ecg_diagnosis_deID_1996_chunk98.txt
ecg_diagnosis_input_1991_chunk57.txt,,,7,ecg_diagnosis_deID_1991_chunk57.txt
ecg_diagnosis_input_2008_chunk13.txt,,,7,ecg_diagnosis_deID_2008_chunk13.txt
ecg_diagnosis_input_2004_chunk140.txt,,,7,ecg_diagnosis_deID_2004_chunk140.txt
ecg_diagnosis_input_2020_chunk382.txt,,,7,ecg_diagnosis_deID_2020_chunk382.txt
ecg_diagnosis_input_2019_chunk539.txt,,,7,ecg_diagnosis_deID_2019_chunk539.txt
ecg_diagnosis_input_2007_chunk174.txt,,,7,ecg_diagnosis_deID_2007_chunk174.txt
ecg_diagnosis_input_1998_chunk40.txt,,,7,ecg_diagnosis_deID_1998_chunk40.txt
ecg_diagnosis_input_1989_chunk29.txt,,,7,ecg_diagnosis_deID_1989_chunk29.txt
ecg_diagnosis_input_2012_chunk217.txt,,,7,ecg_diagnosis_deID_2012_chunk217.txt
ecg_diagnosis_input_2014_chunk416.txt,,,7,ecg_diagnosis_deID_2014_chunk416.txt
ecg_diagnosis_input_2014_chunk370.txt,,,7,ecg_diagnosis_deID_2014_chunk370.txt
ecg_diagnosis_input_2006_chunk211.txt,,,7,ecg_diagnosis_deID_2006_chunk211.txt
ecg_diagnosis_input_2009_chunk286.txt,,,7,ecg_diagnosis_deID_2009_chunk286.txt
ecg_diagnosis_input_2021_chunk568.txt,,,7,ecg_diagnosis_deID_2021_chunk568.txt
ecg_diagnosis_input_2013_chunk172.txt,,,7,ecg_diagnosis_deID_2013_chunk172.txt
ecg_diagnosis_input_2013_chunk166.txt,,,7,ecg_diagnosis_deID_2013_chunk166.txt
ecg_diagnosis_input_2014_chunk364.txt,,,7,ecg_diagnosis_deID_2014_chunk364.txt
ecg_diagnosis_input_2006_chunk205.txt,,,7,ecg_diagnosis_deID_2006_chunk205.txt
ecg_diagnosis_input_2009_chunk292.txt,,,7,ecg_diagnosis_deID_2009_chunk292.txt
ecg_diagnosis_input_1998_chunk54.txt,,,7,ecg_diagnosis_deID_1998_chunk54.txt
ecg_diagnosis_input_2001_chunk10.txt,,,7,ecg_diagnosis_deID_2001_chunk10.txt
ecg_diagnosis_input_1995_chunk28.txt,,,7,ecg_diagnosis_deID_1995_chunk28.txt
ecg_diagnosis_input_1984_chunk41.txt,,,7,ecg_diagnosis_deID_1984_chunk41.txt
ecg_diagnosis_input_2010_chunk79.txt,,,7,ecg_diagnosis_deID_2010_chunk79.txt
ecg_diagnosis_input_2012_chunk203.txt,,,7,ecg_diagnosis_deID_2012_chunk203.txt
ecg_diagnosis_input_2014_chunk402.txt,,,7,ecg_diagnosis_deID_2014_chunk402.txt
ecg_diagnosis_input_2007_chunk160.txt,,,7,ecg_diagnosis_deID_2007_chunk160.txt
ecg_diagnosis_input_2001_chunk38.txt,,,7,ecg_diagnosis_deID_2001_chunk38.txt
ecg_diagnosis_input_2021_chunk232.txt,,,7,ecg_diagnosis_deID_2021_chunk232.txt
ecg_diagnosis_input_1989_chunk15.txt,,,7,ecg_diagnosis_deID_1989_chunk15.txt
ecg_diagnosis_input_2010_chunk51.txt,,,7,ecg_diagnosis_deID_2010_chunk51.txt
ecg_diagnosis_input_2018_chunk106.txt,,,7,ecg_diagnosis_deID_2018_chunk106.txt
ecg_diagnosis_input_2017_chunk191.txt,,,7,ecg_diagnosis_deID_2017_chunk191.txt
ecg_diagnosis_input_2019_chunk505.txt,,,7,ecg_diagnosis_deID_2019_chunk505.txt
ecg_diagnosis_input_2007_chunk148.txt,,,7,ecg_diagnosis_deID_2007_chunk148.txt
ecg_diagnosis_input_1998_chunk102.txt,,,7,ecg_diagnosis_deID_1998_chunk102.txt
ecg_diagnosis_input_2019_chunk263.txt,,,7,ecg_diagnosis_deID_2019_chunk263.txt
ecg_diagnosis_input_2020_chunk157.txt,,,7,ecg_diagnosis_deID_2020_chunk157.txt
ecg_diagnosis_input_2003_chunk197.txt,,,7,ecg_diagnosis_deID_2003_chunk197.txt
ecg_diagnosis_input_2021_chunk554.txt,,,7,ecg_diagnosis_deID_2021_chunk554.txt
ecg_diagnosis_input_2014_chunk358.txt,,,7,ecg_diagnosis_deID_2014_chunk358.txt
ecg_diagnosis_input_2003_chunk183.txt,,,7,ecg_diagnosis_deID_2003_chunk183.txt
ecg_diagnosis_input_2006_chunk239.txt,,,7,ecg_diagnosis_deID_2006_chunk239.txt
ecg_diagnosis_input_2021_chunk540.txt,,,7,ecg_diagnosis_deID_2021_chunk540.txt
ecg_diagnosis_input_2019_chunk277.txt,,,7,ecg_diagnosis_deID_2019_chunk277.txt
ecg_diagnosis_input_2020_chunk143.txt,,,7,ecg_diagnosis_deID_2020_chunk143.txt
ecg_diagnosis_input_2019_chunk511.txt,,,7,ecg_diagnosis_deID_2019_chunk511.txt
ecg_diagnosis_input_1998_chunk116.txt,,,7,ecg_diagnosis_deID_1998_chunk116.txt
ecg_diagnosis_input_1995_chunk14.txt,,,7,ecg_diagnosis_deID_1995_chunk14.txt
ecg_diagnosis_input_1998_chunk68.txt,,,7,ecg_diagnosis_deID_1998_chunk68.txt
ecg_diagnosis_input_2021_chunk226.txt,,,7,ecg_diagnosis_deID_2021_chunk226.txt
ecg_diagnosis_input_2010_chunk45.txt,,,7,ecg_diagnosis_deID_2010_chunk45.txt
ecg_diagnosis_input_2018_chunk112.txt,,,7,ecg_diagnosis_deID_2018_chunk112.txt
ecg_diagnosis_input_2017_chunk185.txt,,,7,ecg_diagnosis_deID_2017_chunk185.txt
ecg_diagnosis_input_1998_chunk83.txt,,,7,ecg_diagnosis_deID_1998_chunk83.txt
ecg_diagnosis_input_2017_chunk61.txt,,,7,ecg_diagnosis_deID_2017_chunk61.txt
ecg_diagnosis_input_1992_chunk30.txt,,,7,ecg_diagnosis_deID_1992_chunk30.txt
ecg_diagnosis_input_2008_chunk120.txt,,,7,ecg_diagnosis_deID_2008_chunk120.txt
ecg_diagnosis_input_2009_chunk245.txt,,,7,ecg_diagnosis_deID_2009_chunk245.txt
ecg_diagnosis_input_2003_chunk168.txt,,,7,ecg_diagnosis_deID_2003_chunk168.txt
ecg_diagnosis_input_2009_chunk251.txt,,,7,ecg_diagnosis_deID_2009_chunk251.txt
ecg_diagnosis_input_2019_chunk288.txt,,,7,ecg_diagnosis_deID_2019_chunk288.txt
ecg_diagnosis_input_2017_chunk75.txt,,,7,ecg_diagnosis_deID_2017_chunk75.txt
ecg_diagnosis_input_1992_chunk24.txt,,,7,ecg_diagnosis_deID_1992_chunk24.txt
ecg_diagnosis_input_2008_chunk134.txt,,,7,ecg_diagnosis_deID_2008_chunk134.txt
ecg_diagnosis_input_1998_chunk97.txt,,,7,ecg_diagnosis_deID_1998_chunk97.txt
ecg_diagnosis_input_2006_chunk34.txt,,,7,ecg_diagnosis_deID_2006_chunk34.txt
ecg_diagnosis_input_2010_chunk350.txt,,,7,ecg_diagnosis_deID_2010_chunk350.txt
ecg_diagnosis_input_2017_chunk152.txt,,,7,ecg_diagnosis_deID_2017_chunk152.txt
ecg_diagnosis_input_2010_chunk92.txt,,,7,ecg_diagnosis_deID_2010_chunk92.txt
ecg_diagnosis_input_2009_chunk279.txt,,,7,ecg_diagnosis_deID_2009_chunk279.txt
ecg_diagnosis_input_2021_chunk597.txt,,,7,ecg_diagnosis_deID_2021_chunk597.txt
ecg_diagnosis_input_2003_chunk154.txt,,,7,ecg_diagnosis_deID_2003_chunk154.txt
ecg_diagnosis_input_2020_chunk194.txt,,,7,ecg_diagnosis_deID_2020_chunk194.txt
ecg_diagnosis_input_2016_chunk237.txt,,,7,ecg_diagnosis_deID_2016_chunk237.txt
ecg_diagnosis_input_2020_chunk180.txt,,,7,ecg_diagnosis_deID_2020_chunk180.txt
ecg_diagnosis_input_2016_chunk223.txt,,,7,ecg_diagnosis_deID_2016_chunk223.txt
ecg_diagnosis_input_1983_chunk7.txt,,,7,ecg_diagnosis_deID_1983_chunk7.txt
ecg_diagnosis_input_2013_chunk199.txt,,,7,ecg_diagnosis_deID_2013_chunk199.txt
ecg_diagnosis_input_1992_chunk5.txt,,,7,ecg_diagnosis_deID_1992_chunk5.txt
ecg_diagnosis_input_2021_chunk583.txt,,,7,ecg_diagnosis_deID_2021_chunk583.txt
ecg_diagnosis_input_2003_chunk140.txt,,,7,ecg_diagnosis_deID_2003_chunk140.txt
ecg_diagnosis_input_2017_chunk146.txt,,,7,ecg_diagnosis_deID_2017_chunk146.txt
ecg_diagnosis_input_2010_chunk86.txt,,,7,ecg_diagnosis_deID_2010_chunk86.txt
ecg_diagnosis_input_2017_chunk49.txt,,,7,ecg_diagnosis_deID_2017_chunk49.txt
ecg_diagnosis_input_2010_chunk344.txt,,,7,ecg_diagnosis_deID_2010_chunk344.txt
ecg_diagnosis_input_2006_chunk20.txt,,,7,ecg_diagnosis_deID_2006_chunk20.txt
ecg_diagnosis_input_1992_chunk18.txt,,,7,ecg_diagnosis_deID_1992_chunk18.txt
ecg_diagnosis_input_2008_chunk108.txt,,,7,ecg_diagnosis_deID_2008_chunk108.txt
ecg_diagnosis_input_2003_chunk141.txt,,,7,ecg_diagnosis_deID_2003_chunk141.txt
ecg_diagnosis_input_2021_chunk582.txt,,,7,ecg_diagnosis_deID_2021_chunk582.txt
ecg_diagnosis_input_1992_chunk4.txt,,,7,ecg_diagnosis_deID_1992_chunk4.txt
ecg_diagnosis_input_1983_chunk6.txt,,,7,ecg_diagnosis_deID_1983_chunk6.txt
ecg_diagnosis_input_2013_chunk198.txt,,,7,ecg_diagnosis_deID_2013_chunk198.txt
ecg_diagnosis_input_2016_chunk222.txt,,,7,ecg_diagnosis_deID_2016_chunk222.txt
ecg_diagnosis_input_2020_chunk181.txt,,,7,ecg_diagnosis_deID_2020_chunk181.txt
ecg_diagnosis_input_2008_chunk109.txt,,,7,ecg_diagnosis_deID_2008_chunk109.txt
ecg_diagnosis_input_2006_chunk21.txt,,,7,ecg_diagnosis_deID_2006_chunk21.txt
ecg_diagnosis_input_2010_chunk345.txt,,,7,ecg_diagnosis_deID_2010_chunk345.txt
ecg_diagnosis_input_1992_chunk19.txt,,,7,ecg_diagnosis_deID_1992_chunk19.txt
ecg_diagnosis_input_2017_chunk48.txt,,,7,ecg_diagnosis_deID_2017_chunk48.txt
ecg_diagnosis_input_2010_chunk87.txt,,,7,ecg_diagnosis_deID_2010_chunk87.txt
ecg_diagnosis_input_2017_chunk147.txt,,,7,ecg_diagnosis_deID_2017_chunk147.txt
ecg_diagnosis_input_2010_chunk93.txt,,,7,ecg_diagnosis_deID_2010_chunk93.txt
ecg_diagnosis_input_2017_chunk153.txt,,,7,ecg_diagnosis_deID_2017_chunk153.txt
ecg_diagnosis_input_2010_chunk351.txt,,,7,ecg_diagnosis_deID_2010_chunk351.txt
ecg_diagnosis_input_2006_chunk35.txt,,,7,ecg_diagnosis_deID_2006_chunk35.txt
ecg_diagnosis_input_2016_chunk236.txt,,,7,ecg_diagnosis_deID_2016_chunk236.txt
ecg_diagnosis_input_2020_chunk195.txt,,,7,ecg_diagnosis_deID_2020_chunk195.txt
ecg_diagnosis_input_2003_chunk155.txt,,,7,ecg_diagnosis_deID_2003_chunk155.txt
ecg_diagnosis_input_2021_chunk596.txt,,,7,ecg_diagnosis_deID_2021_chunk596.txt
ecg_diagnosis_input_2009_chunk278.txt,,,7,ecg_diagnosis_deID_2009_chunk278.txt
ecg_diagnosis_input_2019_chunk289.txt,,,7,ecg_diagnosis_deID_2019_chunk289.txt
ecg_diagnosis_input_2009_chunk250.txt,,,7,ecg_diagnosis_deID_2009_chunk250.txt
ecg_diagnosis_input_1998_chunk96.txt,,,7,ecg_diagnosis_deID_1998_chunk96.txt
ecg_diagnosis_input_2008_chunk135.txt,,,7,ecg_diagnosis_deID_2008_chunk135.txt
ecg_diagnosis_input_1992_chunk25.txt,,,7,ecg_diagnosis_deID_1992_chunk25.txt
ecg_diagnosis_input_2017_chunk74.txt,,,7,ecg_diagnosis_deID_2017_chunk74.txt
ecg_diagnosis_input_2008_chunk121.txt,,,7,ecg_diagnosis_deID_2008_chunk121.txt
ecg_diagnosis_input_1992_chunk31.txt,,,7,ecg_diagnosis_deID_1992_chunk31.txt
ecg_diagnosis_input_2017_chunk60.txt,,,7,ecg_diagnosis_deID_2017_chunk60.txt
ecg_diagnosis_input_1998_chunk82.txt,,,7,ecg_diagnosis_deID_1998_chunk82.txt
ecg_diagnosis_input_2003_chunk169.txt,,,7,ecg_diagnosis_deID_2003_chunk169.txt
ecg_diagnosis_input_2009_chunk244.txt,,,7,ecg_diagnosis_deID_2009_chunk244.txt
ecg_diagnosis_input_2020_chunk142.txt,,,7,ecg_diagnosis_deID_2020_chunk142.txt
ecg_diagnosis_input_2019_chunk276.txt,,,7,ecg_diagnosis_deID_2019_chunk276.txt
ecg_diagnosis_input_2021_chunk541.txt,,,7,ecg_diagnosis_deID_2021_chunk541.txt
ecg_diagnosis_input_2006_chunk238.txt,,,7,ecg_diagnosis_deID_2006_chunk238.txt
ecg_diagnosis_input_2003_chunk182.txt,,,7,ecg_diagnosis_deID_2003_chunk182.txt
ecg_diagnosis_input_2014_chunk359.txt,,,7,ecg_diagnosis_deID_2014_chunk359.txt
ecg_diagnosis_input_2017_chunk184.txt,,,7,ecg_diagnosis_deID_2017_chunk184.txt
ecg_diagnosis_input_2018_chunk113.txt,,,7,ecg_diagnosis_deID_2018_chunk113.txt
ecg_diagnosis_input_2010_chunk44.txt,,,7,ecg_diagnosis_deID_2010_chunk44.txt
ecg_diagnosis_input_1998_chunk69.txt,,,7,ecg_diagnosis_deID_1998_chunk69.txt
ecg_diagnosis_input_2021_chunk227.txt,,,7,ecg_diagnosis_deID_2021_chunk227.txt
ecg_diagnosis_input_1995_chunk15.txt,,,7,ecg_diagnosis_deID_1995_chunk15.txt
ecg_diagnosis_input_1998_chunk117.txt,,,7,ecg_diagnosis_deID_1998_chunk117.txt
ecg_diagnosis_input_2019_chunk510.txt,,,7,ecg_diagnosis_deID_2019_chunk510.txt
ecg_diagnosis_input_1998_chunk103.txt,,,7,ecg_diagnosis_deID_1998_chunk103.txt
ecg_diagnosis_input_2007_chunk149.txt,,,7,ecg_diagnosis_deID_2007_chunk149.txt
ecg_diagnosis_input_2019_chunk504.txt,,,7,ecg_diagnosis_deID_2019_chunk504.txt
ecg_diagnosis_input_2017_chunk190.txt,,,7,ecg_diagnosis_deID_2017_chunk190.txt
ecg_diagnosis_input_2018_chunk107.txt,,,7,ecg_diagnosis_deID_2018_chunk107.txt
ecg_diagnosis_input_2010_chunk50.txt,,,7,ecg_diagnosis_deID_2010_chunk50.txt
ecg_diagnosis_input_1989_chunk14.txt,,,7,ecg_diagnosis_deID_1989_chunk14.txt
ecg_diagnosis_input_2021_chunk233.txt,,,7,ecg_diagnosis_deID_2021_chunk233.txt
ecg_diagnosis_input_2001_chunk39.txt,,,7,ecg_diagnosis_deID_2001_chunk39.txt
ecg_diagnosis_input_2021_chunk555.txt,,,7,ecg_diagnosis_deID_2021_chunk555.txt
ecg_diagnosis_input_2003_chunk196.txt,,,7,ecg_diagnosis_deID_2003_chunk196.txt
ecg_diagnosis_input_2020_chunk156.txt,,,7,ecg_diagnosis_deID_2020_chunk156.txt
ecg_diagnosis_input_2019_chunk262.txt,,,7,ecg_diagnosis_deID_2019_chunk262.txt
ecg_diagnosis_input_2009_chunk293.txt,,,7,ecg_diagnosis_deID_2009_chunk293.txt
ecg_diagnosis_input_2006_chunk204.txt,,,7,ecg_diagnosis_deID_2006_chunk204.txt
ecg_diagnosis_input_2014_chunk365.txt,,,7,ecg_diagnosis_deID_2014_chunk365.txt
ecg_diagnosis_input_2013_chunk167.txt,,,7,ecg_diagnosis_deID_2013_chunk167.txt
ecg_diagnosis_input_2007_chunk161.txt,,,7,ecg_diagnosis_deID_2007_chunk161.txt
ecg_diagnosis_input_2014_chunk403.txt,,,7,ecg_diagnosis_deID_2014_chunk403.txt
ecg_diagnosis_input_2012_chunk202.txt,,,7,ecg_diagnosis_deID_2012_chunk202.txt
ecg_diagnosis_input_1984_chunk40.txt,,,7,ecg_diagnosis_deID_1984_chunk40.txt
ecg_diagnosis_input_2010_chunk78.txt,,,7,ecg_diagnosis_deID_2010_chunk78.txt
ecg_diagnosis_input_2001_chunk11.txt,,,7,ecg_diagnosis_deID_2001_chunk11.txt
ecg_diagnosis_input_1995_chunk29.txt,,,7,ecg_diagnosis_deID_1995_chunk29.txt
ecg_diagnosis_input_1998_chunk55.txt,,,7,ecg_diagnosis_deID_1998_chunk55.txt
ecg_diagnosis_input_2014_chunk417.txt,,,7,ecg_diagnosis_deID_2014_chunk417.txt
ecg_diagnosis_input_2012_chunk216.txt,,,7,ecg_diagnosis_deID_2012_chunk216.txt
ecg_diagnosis_input_1989_chunk28.txt,,,7,ecg_diagnosis_deID_1989_chunk28.txt
ecg_diagnosis_input_1998_chunk41.txt,,,7,ecg_diagnosis_deID_1998_chunk41.txt
ecg_diagnosis_input_2007_chunk175.txt,,,7,ecg_diagnosis_deID_2007_chunk175.txt
ecg_diagnosis_input_2019_chunk538.txt,,,7,ecg_diagnosis_deID_2019_chunk538.txt
ecg_diagnosis_input_2013_chunk173.txt,,,7,ecg_diagnosis_deID_2013_chunk173.txt
ecg_diagnosis_input_2021_chunk569.txt,,,7,ecg_diagnosis_deID_2021_chunk569.txt
ecg_diagnosis_input_2009_chunk287.txt,,,7,ecg_diagnosis_deID_2009_chunk287.txt
ecg_diagnosis_input_2006_chunk210.txt,,,7,ecg_diagnosis_deID_2006_chunk210.txt
ecg_diagnosis_input_2014_chunk371.txt,,,7,ecg_diagnosis_deID_2014_chunk371.txt
ecg_diagnosis_input_2017_chunk345.txt,,,7,ecg_diagnosis_deID_2017_chunk345.txt
ecg_diagnosis_input_2005_chunk224.txt,,,7,ecg_diagnosis_deID_2005_chunk224.txt
ecg_diagnosis_input_2010_chunk147.txt,,,7,ecg_diagnosis_deID_2010_chunk147.txt
ecg_diagnosis_input_2020_chunk383.txt,,,7,ecg_diagnosis_deID_2020_chunk383.txt
ecg_diagnosis_input_2004_chunk141.txt,,,7,ecg_diagnosis_deID_2004_chunk141.txt
ecg_diagnosis_input_2008_chunk12.txt,,,7,ecg_diagnosis_deID_2008_chunk12.txt
ecg_diagnosis_input_1991_chunk56.txt,,,7,ecg_diagnosis_deID_1991_chunk56.txt
ecg_diagnosis_input_1996_chunk99.txt,,,7,ecg_diagnosis_deID_1996_chunk99.txt
ecg_diagnosis_input_2020_chunk58.txt,,,7,ecg_diagnosis_deID_2020_chunk58.txt
ecg_diagnosis_input_2011_chunk222.txt,,,7,ecg_diagnosis_deID_2011_chunk222.txt
ecg_diagnosis_input_2014_chunk198.txt,,,7,ecg_diagnosis_deID_2014_chunk198.txt
ecg_diagnosis_input_2017_chunk423.txt,,,7,ecg_diagnosis_deID_2017_chunk423.txt
ecg_diagnosis_input_2011_chunk236.txt,,,7,ecg_diagnosis_deID_2011_chunk236.txt
ecg_diagnosis_input_2017_chunk437.txt,,,7,ecg_diagnosis_deID_2017_chunk437.txt
ecg_diagnosis_input_2020_chunk397.txt,,,7,ecg_diagnosis_deID_2020_chunk397.txt
ecg_diagnosis_input_2014_chunk13.txt,,,7,ecg_diagnosis_deID_2014_chunk13.txt
ecg_diagnosis_input_2004_chunk155.txt,,,7,ecg_diagnosis_deID_2004_chunk155.txt
ecg_diagnosis_input_1991_chunk42.txt,,,7,ecg_diagnosis_deID_1991_chunk42.txt
ecg_diagnosis_input_2010_chunk153.txt,,,7,ecg_diagnosis_deID_2010_chunk153.txt
ecg_diagnosis_input_2017_chunk351.txt,,,7,ecg_diagnosis_deID_2017_chunk351.txt
ecg_diagnosis_input_2005_chunk230.txt,,,7,ecg_diagnosis_deID_2005_chunk230.txt
ecg_diagnosis_input_2017_chunk379.txt,,,7,ecg_diagnosis_deID_2017_chunk379.txt
ecg_diagnosis_input_2005_chunk218.txt,,,7,ecg_diagnosis_deID_2005_chunk218.txt
ecg_diagnosis_input_2022_chunk207.txt,,,7,ecg_diagnosis_deID_2022_chunk207.txt
ecg_diagnosis_input_2018_chunk488.txt,,,7,ecg_diagnosis_deID_2018_chunk488.txt
ecg_diagnosis_input_2020_chunk64.txt,,,7,ecg_diagnosis_deID_2020_chunk64.txt
ecg_diagnosis_input_2019_chunk47.txt,,,7,ecg_diagnosis_deID_2019_chunk47.txt
ecg_diagnosis_input_2005_chunk52.txt,,,7,ecg_diagnosis_deID_2005_chunk52.txt
ecg_diagnosis_input_2019_chunk53.txt,,,7,ecg_diagnosis_deID_2019_chunk53.txt
ecg_diagnosis_input_2004_chunk169.txt,,,7,ecg_diagnosis_deID_2004_chunk169.txt
ecg_diagnosis_input_2005_chunk46.txt,,,7,ecg_diagnosis_deID_2005_chunk46.txt
ecg_diagnosis_input_2022_chunk213.txt,,,7,ecg_diagnosis_deID_2022_chunk213.txt
ecg_diagnosis_input_2002_chunk89.txt,,,7,ecg_diagnosis_deID_2002_chunk89.txt
ecg_diagnosis_input_2020_chunk70.txt,,,7,ecg_diagnosis_deID_2020_chunk70.txt
ecg_diagnosis_input_2020_chunk426.txt,,,7,ecg_diagnosis_deID_2020_chunk426.txt
ecg_diagnosis_input_2010_chunk184.txt,,,7,ecg_diagnosis_deID_2010_chunk184.txt
ecg_diagnosis_input_2018_chunk311.txt,,,7,ecg_diagnosis_deID_2018_chunk311.txt
ecg_diagnosis_input_2017_chunk386.txt,,,7,ecg_diagnosis_deID_2017_chunk386.txt
ecg_diagnosis_input_2012_chunk3.txt,,,7,ecg_diagnosis_deID_2012_chunk3.txt
ecg_diagnosis_input_2002_chunk62.txt,,,7,ecg_diagnosis_deID_2002_chunk62.txt
ecg_diagnosis_input_2018_chunk477.txt,,,7,ecg_diagnosis_deID_2018_chunk477.txt
ecg_diagnosis_input_2008_chunk9.txt,,,7,ecg_diagnosis_deID_2008_chunk9.txt
ecg_diagnosis_input_1987_chunk33.txt,,,7,ecg_diagnosis_deID_1987_chunk33.txt
ecg_diagnosis_input_2004_chunk182.txt,,,7,ecg_diagnosis_deID_2004_chunk182.txt
ecg_diagnosis_input_2013_chunk359.txt,,,7,ecg_diagnosis_deID_2013_chunk359.txt
ecg_diagnosis_input_1991_chunk95.txt,,,7,ecg_diagnosis_deID_1991_chunk95.txt
ecg_diagnosis_input_2003_chunk1.txt,,,7,ecg_diagnosis_deID_2003_chunk1.txt
ecg_diagnosis_input_2020_chunk340.txt,,,7,ecg_diagnosis_deID_2020_chunk340.txt
ecg_diagnosis_input_2004_chunk196.txt,,,7,ecg_diagnosis_deID_2004_chunk196.txt
ecg_diagnosis_input_1991_chunk81.txt,,,7,ecg_diagnosis_deID_1991_chunk81.txt
ecg_diagnosis_input_2020_chunk354.txt,,,7,ecg_diagnosis_deID_2020_chunk354.txt
ecg_diagnosis_input_2002_chunk76.txt,,,7,ecg_diagnosis_deID_2002_chunk76.txt
ecg_diagnosis_input_2018_chunk463.txt,,,7,ecg_diagnosis_deID_2018_chunk463.txt
ecg_diagnosis_input_1987_chunk27.txt,,,7,ecg_diagnosis_deID_1987_chunk27.txt
ecg_diagnosis_input_2018_chunk305.txt,,,7,ecg_diagnosis_deID_2018_chunk305.txt
ecg_diagnosis_input_2017_chunk392.txt,,,7,ecg_diagnosis_deID_2017_chunk392.txt
ecg_diagnosis_input_2000_chunk149.txt,,,7,ecg_diagnosis_deID_2000_chunk149.txt
ecg_diagnosis_input_2020_chunk432.txt,,,7,ecg_diagnosis_deID_2020_chunk432.txt
ecg_diagnosis_input_2010_chunk190.txt,,,7,ecg_diagnosis_deID_2010_chunk190.txt
ecg_diagnosis_input_2000_chunk161.txt,,,7,ecg_diagnosis_deID_2000_chunk161.txt
ecg_diagnosis_input_2013_chunk403.txt,,,7,ecg_diagnosis_deID_2013_chunk403.txt
ecg_diagnosis_input_2015_chunk202.txt,,,7,ecg_diagnosis_deID_2015_chunk202.txt
ecg_diagnosis_input_2019_chunk84.txt,,,7,ecg_diagnosis_deID_2019_chunk84.txt
ecg_diagnosis_input_2005_chunk91.txt,,,7,ecg_diagnosis_deID_2005_chunk91.txt
ecg_diagnosis_input_2013_chunk365.txt,,,7,ecg_diagnosis_deID_2013_chunk365.txt
ecg_diagnosis_input_2014_chunk167.txt,,,7,ecg_diagnosis_deID_2014_chunk167.txt
ecg_diagnosis_input_1996_chunk66.txt,,,7,ecg_diagnosis_deID_1996_chunk66.txt
ecg_diagnosis_input_2013_chunk37.txt,,,7,ecg_diagnosis_deID_2013_chunk37.txt
ecg_diagnosis_input_2014_chunk173.txt,,,7,ecg_diagnosis_deID_2014_chunk173.txt
ecg_diagnosis_input_1996_chunk72.txt,,,7,ecg_diagnosis_deID_1996_chunk72.txt
ecg_diagnosis_input_2013_chunk23.txt,,,7,ecg_diagnosis_deID_2013_chunk23.txt
ecg_diagnosis_input_2019_chunk90.txt,,,7,ecg_diagnosis_deID_2019_chunk90.txt
ecg_diagnosis_input_2013_chunk371.txt,,,7,ecg_diagnosis_deID_2013_chunk371.txt
ecg_diagnosis_input_2005_chunk85.txt,,,7,ecg_diagnosis_deID_2005_chunk85.txt
ecg_diagnosis_input_2020_chunk368.txt,,,7,ecg_diagnosis_deID_2020_chunk368.txt
ecg_diagnosis_input_2013_chunk417.txt,,,7,ecg_diagnosis_deID_2013_chunk417.txt
ecg_diagnosis_input_2015_chunk216.txt,,,7,ecg_diagnosis_deID_2015_chunk216.txt
ecg_diagnosis_input_2018_chunk339.txt,,,7,ecg_diagnosis_deID_2018_chunk339.txt
ecg_diagnosis_input_2021_chunk192.txt,,,7,ecg_diagnosis_deID_2021_chunk192.txt
ecg_diagnosis_input_2017_chunk231.txt,,,7,ecg_diagnosis_deID_2017_chunk231.txt
ecg_diagnosis_input_2015_chunk389.txt,,,7,ecg_diagnosis_deID_2015_chunk389.txt
ecg_diagnosis_input_2002_chunk152.txt,,,7,ecg_diagnosis_deID_2002_chunk152.txt
ecg_diagnosis_input_2016_chunk154.txt,,,7,ecg_diagnosis_deID_2016_chunk154.txt
ecg_diagnosis_input_2000_chunk94.txt,,,7,ecg_diagnosis_deID_2000_chunk94.txt
ecg_diagnosis_input_1993_chunk63.txt,,,7,ecg_diagnosis_deID_1993_chunk63.txt
ecg_diagnosis_input_2011_chunk356.txt,,,7,ecg_diagnosis_deID_2011_chunk356.txt
ecg_diagnosis_input_2016_chunk32.txt,,,7,ecg_diagnosis_deID_2016_chunk32.txt
ecg_diagnosis_input_1996_chunk150.txt,,,7,ecg_diagnosis_deID_1996_chunk150.txt
ecg_diagnosis_input_2003_chunk223.txt,,,7,ecg_diagnosis_deID_2003_chunk223.txt
ecg_diagnosis_input_2006_chunk199.txt,,,7,ecg_diagnosis_deID_2006_chunk199.txt
ecg_diagnosis_input_1993_chunk77.txt,,,7,ecg_diagnosis_deID_1993_chunk77.txt
ecg_diagnosis_input_2016_chunk26.txt,,,7,ecg_diagnosis_deID_2016_chunk26.txt
ecg_diagnosis_input_2011_chunk342.txt,,,7,ecg_diagnosis_deID_2011_chunk342.txt
ecg_diagnosis_input_1996_chunk144.txt,,,7,ecg_diagnosis_deID_1996_chunk144.txt
ecg_diagnosis_input_2016_chunk140.txt,,,7,ecg_diagnosis_deID_2016_chunk140.txt
ecg_diagnosis_input_2022_chunk79.txt,,,7,ecg_diagnosis_deID_2022_chunk79.txt
ecg_diagnosis_input_2000_chunk80.txt,,,7,ecg_diagnosis_deID_2000_chunk80.txt
ecg_diagnosis_input_2002_chunk146.txt,,,7,ecg_diagnosis_deID_2002_chunk146.txt
ecg_diagnosis_input_2021_chunk186.txt,,,7,ecg_diagnosis_deID_2021_chunk186.txt
ecg_diagnosis_input_2017_chunk225.txt,,,7,ecg_diagnosis_deID_2017_chunk225.txt
ecg_diagnosis_input_2008_chunk243.txt,,,7,ecg_diagnosis_deID_2008_chunk243.txt
ecg_diagnosis_input_2007_chunk67.txt,,,7,ecg_diagnosis_deID_2007_chunk67.txt
ecg_diagnosis_input_1982_chunk36.txt,,,7,ecg_diagnosis_deID_1982_chunk36.txt
ecg_diagnosis_input_2022_chunk373.txt,,,7,ecg_diagnosis_deID_2022_chunk373.txt
ecg_diagnosis_input_2009_chunk126.txt,,,7,ecg_diagnosis_deID_2009_chunk126.txt
ecg_diagnosis_input_2016_chunk168.txt,,,7,ecg_diagnosis_deID_2016_chunk168.txt
ecg_diagnosis_input_1988_chunk85.txt,,,7,ecg_diagnosis_deID_1988_chunk85.txt
ecg_diagnosis_input_2022_chunk51.txt,,,7,ecg_diagnosis_deID_2022_chunk51.txt
ecg_diagnosis_input_1994_chunk90.txt,,,7,ecg_diagnosis_deID_1994_chunk90.txt
ecg_diagnosis_input_2022_chunk45.txt,,,7,ecg_diagnosis_deID_2022_chunk45.txt
ecg_diagnosis_input_1994_chunk84.txt,,,7,ecg_diagnosis_deID_1994_chunk84.txt
ecg_diagnosis_input_2007_chunk73.txt,,,7,ecg_diagnosis_deID_2007_chunk73.txt
ecg_diagnosis_input_1982_chunk22.txt,,,7,ecg_diagnosis_deID_1982_chunk22.txt
ecg_diagnosis_input_2022_chunk367.txt,,,7,ecg_diagnosis_deID_2022_chunk367.txt
ecg_diagnosis_input_2009_chunk132.txt,,,7,ecg_diagnosis_deID_2009_chunk132.txt
ecg_diagnosis_input_2017_chunk219.txt,,,7,ecg_diagnosis_deID_2017_chunk219.txt
ecg_diagnosis_input_2008_chunk257.txt,,,7,ecg_diagnosis_deID_2008_chunk257.txt
ecg_diagnosis_input_1997_chunk1.txt,,,7,ecg_diagnosis_deID_1997_chunk1.txt
ecg_diagnosis_input_2020_chunk552.txt,,,7,ecg_diagnosis_deID_2020_chunk552.txt
ecg_diagnosis_input_1986_chunk3.txt,,,7,ecg_diagnosis_deID_1986_chunk3.txt
ecg_diagnosis_input_2012_chunk148.txt,,,7,ecg_diagnosis_deID_2012_chunk148.txt
ecg_diagnosis_input_2018_chunk265.txt,,,7,ecg_diagnosis_deID_2018_chunk265.txt
ecg_diagnosis_input_2021_chunk151.txt,,,7,ecg_diagnosis_deID_2021_chunk151.txt
ecg_diagnosis_input_2021_chunk637.txt,,,7,ecg_diagnosis_deID_2021_chunk637.txt
ecg_diagnosis_input_2018_chunk503.txt,,,7,ecg_diagnosis_deID_2018_chunk503.txt
ecg_diagnosis_input_2007_chunk98.txt,,,7,ecg_diagnosis_deID_2007_chunk98.txt
ecg_diagnosis_input_1999_chunk104.txt,,,7,ecg_diagnosis_deID_1999_chunk104.txt
ecg_diagnosis_input_2020_chunk234.txt,,,7,ecg_diagnosis_deID_2020_chunk234.txt
ecg_diagnosis_input_1999_chunk13.txt,,,7,ecg_diagnosis_deID_1999_chunk13.txt
ecg_diagnosis_input_2019_chunk100.txt,,,7,ecg_diagnosis_deID_2019_chunk100.txt
ecg_diagnosis_input_2000_chunk57.txt,,,7,ecg_diagnosis_deID_2000_chunk57.txt
ecg_diagnosis_input_2016_chunk197.txt,,,7,ecg_diagnosis_deID_2016_chunk197.txt
ecg_diagnosis_input_1985_chunk12.txt,,,7,ecg_diagnosis_deID_1985_chunk12.txt
ecg_diagnosis_input_2020_chunk220.txt,,,7,ecg_diagnosis_deID_2020_chunk220.txt
ecg_diagnosis_input_2019_chunk114.txt,,,7,ecg_diagnosis_deID_2019_chunk114.txt
ecg_diagnosis_input_2000_chunk43.txt,,,7,ecg_diagnosis_deID_2000_chunk43.txt
ecg_diagnosis_input_2016_chunk183.txt,,,7,ecg_diagnosis_deID_2016_chunk183.txt
ecg_diagnosis_input_2013_chunk239.txt,,,7,ecg_diagnosis_deID_2013_chunk239.txt
ecg_diagnosis_input_2014_chunk8.txt,,,7,ecg_diagnosis_deID_2014_chunk8.txt
ecg_diagnosis_input_2021_chunk623.txt,,,7,ecg_diagnosis_deID_2021_chunk623.txt
ecg_diagnosis_input_2018_chunk517.txt,,,7,ecg_diagnosis_deID_2018_chunk517.txt
ecg_diagnosis_input_1999_chunk110.txt,,,7,ecg_diagnosis_deID_1999_chunk110.txt
ecg_diagnosis_input_2011_chunk381.txt,,,7,ecg_diagnosis_deID_2011_chunk381.txt
ecg_diagnosis_input_2018_chunk271.txt,,,7,ecg_diagnosis_deID_2018_chunk271.txt
ecg_diagnosis_input_2021_chunk145.txt,,,7,ecg_diagnosis_deID_2021_chunk145.txt
ecg_diagnosis_input_2002_chunk185.txt,,,7,ecg_diagnosis_deID_2002_chunk185.txt
ecg_diagnosis_input_2020_chunk546.txt,,,7,ecg_diagnosis_deID_2020_chunk546.txt
ecg_diagnosis_input_2012_chunk174.txt,,,7,ecg_diagnosis_deID_2012_chunk174.txt
ecg_diagnosis_input_2018_chunk259.txt,,,7,ecg_diagnosis_deID_2018_chunk259.txt
ecg_diagnosis_input_2015_chunk376.txt,,,7,ecg_diagnosis_deID_2015_chunk376.txt
ecg_diagnosis_input_2007_chunk217.txt,,,7,ecg_diagnosis_deID_2007_chunk217.txt
ecg_diagnosis_input_2008_chunk280.txt,,,7,ecg_diagnosis_deID_2008_chunk280.txt
ecg_diagnosis_input_1988_chunk46.txt,,,7,ecg_diagnosis_deID_1988_chunk46.txt
ecg_diagnosis_input_2020_chunk208.txt,,,7,ecg_diagnosis_deID_2020_chunk208.txt
ecg_diagnosis_input_2022_chunk92.txt,,,7,ecg_diagnosis_deID_2022_chunk92.txt
ecg_diagnosis_input_1994_chunk53.txt,,,7,ecg_diagnosis_deID_1994_chunk53.txt
ecg_diagnosis_input_2013_chunk211.txt,,,7,ecg_diagnosis_deID_2013_chunk211.txt
ecg_diagnosis_input_2015_chunk410.txt,,,7,ecg_diagnosis_deID_2015_chunk410.txt
ecg_diagnosis_input_1999_chunk138.txt,,,7,ecg_diagnosis_deID_1999_chunk138.txt
ecg_diagnosis_input_2006_chunk172.txt,,,7,ecg_diagnosis_deID_2006_chunk172.txt
ecg_diagnosis_input_1993_chunk88.txt,,,7,ecg_diagnosis_deID_1993_chunk88.txt
ecg_diagnosis_input_2006_chunk166.txt,,,7,ecg_diagnosis_deID_2006_chunk166.txt
ecg_diagnosis_input_1988_chunk52.txt,,,7,ecg_diagnosis_deID_1988_chunk52.txt
ecg_diagnosis_input_2022_chunk86.txt,,,7,ecg_diagnosis_deID_2022_chunk86.txt
ecg_diagnosis_input_2011_chunk16.txt,,,7,ecg_diagnosis_deID_2011_chunk16.txt
ecg_diagnosis_input_2019_chunk128.txt,,,7,ecg_diagnosis_deID_2019_chunk128.txt
ecg_diagnosis_input_1994_chunk47.txt,,,7,ecg_diagnosis_deID_1994_chunk47.txt
ecg_diagnosis_input_2013_chunk205.txt,,,7,ecg_diagnosis_deID_2013_chunk205.txt
ecg_diagnosis_input_2015_chunk404.txt,,,7,ecg_diagnosis_deID_2015_chunk404.txt
ecg_diagnosis_input_2015_chunk362.txt,,,7,ecg_diagnosis_deID_2015_chunk362.txt
ecg_diagnosis_input_2007_chunk203.txt,,,7,ecg_diagnosis_deID_2007_chunk203.txt
ecg_diagnosis_input_2008_chunk294.txt,,,7,ecg_diagnosis_deID_2008_chunk294.txt
ecg_diagnosis_input_2012_chunk160.txt,,,7,ecg_diagnosis_deID_2012_chunk160.txt
ecg_diagnosis_input_2021_chunk179.txt,,,7,ecg_diagnosis_deID_2021_chunk179.txt
ecg_diagnosis_input_2009_chunk318.txt,,,7,ecg_diagnosis_deID_2009_chunk318.txt
ecg_diagnosis_input_2011_chunk154.txt,,,7,ecg_diagnosis_deID_2011_chunk154.txt
ecg_diagnosis_input_2004_chunk237.txt,,,7,ecg_diagnosis_deID_2004_chunk237.txt
ecg_diagnosis_input_2016_chunk356.txt,,,7,ecg_diagnosis_deID_2016_chunk356.txt
ecg_diagnosis_input_2016_chunk430.txt,,,7,ecg_diagnosis_deID_2016_chunk430.txt
ecg_diagnosis_input_2010_chunk231.txt,,,7,ecg_diagnosis_deID_2010_chunk231.txt
ecg_diagnosis_input_2017_chunk6.txt,,,7,ecg_diagnosis_deID_2017_chunk6.txt
ecg_diagnosis_input_2021_chunk22.txt,,,7,ecg_diagnosis_deID_2021_chunk22.txt
ecg_diagnosis_input_2012_chunk389.txt,,,7,ecg_diagnosis_deID_2012_chunk389.txt
ecg_diagnosis_input_2009_chunk68.txt,,,7,ecg_diagnosis_deID_2009_chunk68.txt
ecg_diagnosis_input_2004_chunk14.txt,,,7,ecg_diagnosis_deID_2004_chunk14.txt
ecg_diagnosis_input_2005_chunk152.txt,,,7,ecg_diagnosis_deID_2005_chunk152.txt
ecg_diagnosis_input_2021_chunk390.txt,,,7,ecg_diagnosis_deID_2021_chunk390.txt
ecg_diagnosis_input_2006_chunk4.txt,,,7,ecg_diagnosis_deID_2006_chunk4.txt
ecg_diagnosis_input_2015_chunk69.txt,,,7,ecg_diagnosis_deID_2015_chunk69.txt
ecg_diagnosis_input_2018_chunk15.txt,,,7,ecg_diagnosis_deID_2018_chunk15.txt
ecg_diagnosis_input_1990_chunk38.txt,,,7,ecg_diagnosis_deID_1990_chunk38.txt
ecg_diagnosis_input_2005_chunk146.txt,,,7,ecg_diagnosis_deID_2005_chunk146.txt
ecg_diagnosis_input_2021_chunk384.txt,,,7,ecg_diagnosis_deID_2021_chunk384.txt
ecg_diagnosis_input_2016_chunk424.txt,,,7,ecg_diagnosis_deID_2016_chunk424.txt
ecg_diagnosis_input_2010_chunk225.txt,,,7,ecg_diagnosis_deID_2010_chunk225.txt
ecg_diagnosis_input_2021_chunk36.txt,,,7,ecg_diagnosis_deID_2021_chunk36.txt
ecg_diagnosis_input_2004_chunk223.txt,,,7,ecg_diagnosis_deID_2004_chunk223.txt
ecg_diagnosis_input_2016_chunk342.txt,,,7,ecg_diagnosis_deID_2016_chunk342.txt
ecg_diagnosis_input_2022_chunk159.txt,,,7,ecg_diagnosis_deID_2022_chunk159.txt
ecg_diagnosis_input_2011_chunk140.txt,,,7,ecg_diagnosis_deID_2011_chunk140.txt
ecg_diagnosis_input_2009_chunk324.txt,,,7,ecg_diagnosis_deID_2009_chunk324.txt
ecg_diagnosis_input_2022_chunk171.txt,,,7,ecg_diagnosis_deID_2022_chunk171.txt
ecg_diagnosis_input_2011_chunk168.txt,,,7,ecg_diagnosis_deID_2011_chunk168.txt
ecg_diagnosis_input_2015_chunk41.txt,,,7,ecg_diagnosis_deID_2015_chunk41.txt
ecg_diagnosis_input_2004_chunk28.txt,,,7,ecg_diagnosis_deID_2004_chunk28.txt
ecg_diagnosis_input_1990_chunk10.txt,,,7,ecg_diagnosis_deID_1990_chunk10.txt
ecg_diagnosis_input_2009_chunk54.txt,,,7,ecg_diagnosis_deID_2009_chunk54.txt
ecg_diagnosis_input_2016_chunk418.txt,,,7,ecg_diagnosis_deID_2016_chunk418.txt
ecg_diagnosis_input_2010_chunk219.txt,,,7,ecg_diagnosis_deID_2010_chunk219.txt
ecg_diagnosis_input_2020_chunk6.txt,,,7,ecg_diagnosis_deID_2020_chunk6.txt
ecg_diagnosis_input_2018_chunk29.txt,,,7,ecg_diagnosis_deID_2018_chunk29.txt
ecg_diagnosis_input_2015_chunk55.txt,,,7,ecg_diagnosis_deID_2015_chunk55.txt
ecg_diagnosis_input_2009_chunk40.txt,,,7,ecg_diagnosis_deID_2009_chunk40.txt
ecg_diagnosis_input_2009_chunk330.txt,,,7,ecg_diagnosis_deID_2009_chunk330.txt
ecg_diagnosis_input_2022_chunk165.txt,,,7,ecg_diagnosis_deID_2022_chunk165.txt
ecg_diagnosis_input_2016_chunk395.txt,,,7,ecg_diagnosis_deID_2016_chunk395.txt
ecg_diagnosis_input_2019_chunk302.txt,,,7,ecg_diagnosis_deID_2019_chunk302.txt
ecg_diagnosis_input_2011_chunk197.txt,,,7,ecg_diagnosis_deID_2011_chunk197.txt
ecg_diagnosis_input_2021_chunk435.txt,,,7,ecg_diagnosis_deID_2021_chunk435.txt
ecg_diagnosis_input_2021_chunk353.txt,,,7,ecg_diagnosis_deID_2021_chunk353.txt
ecg_diagnosis_input_2005_chunk191.txt,,,7,ecg_diagnosis_deID_2005_chunk191.txt
ecg_diagnosis_input_2003_chunk18.txt,,,7,ecg_diagnosis_deID_2003_chunk18.txt
ecg_diagnosis_input_1997_chunk20.txt,,,7,ecg_diagnosis_deID_1997_chunk20.txt
ecg_diagnosis_input_2019_chunk464.txt,,,7,ecg_diagnosis_deID_2019_chunk464.txt
ecg_diagnosis_input_1986_chunk49.txt,,,7,ecg_diagnosis_deID_1986_chunk49.txt
ecg_diagnosis_input_2012_chunk71.txt,,,7,ecg_diagnosis_deID_2012_chunk71.txt
ecg_diagnosis_input_2015_chunk148.txt,,,7,ecg_diagnosis_deID_2015_chunk148.txt
ecg_diagnosis_input_1997_chunk34.txt,,,7,ecg_diagnosis_deID_1997_chunk34.txt
ecg_diagnosis_input_2019_chunk470.txt,,,7,ecg_diagnosis_deID_2019_chunk470.txt
ecg_diagnosis_input_2012_chunk65.txt,,,7,ecg_diagnosis_deID_2012_chunk65.txt
ecg_diagnosis_input_2021_chunk347.txt,,,7,ecg_diagnosis_deID_2021_chunk347.txt
ecg_diagnosis_input_2005_chunk185.txt,,,7,ecg_diagnosis_deID_2005_chunk185.txt
ecg_diagnosis_input_2014_chunk239.txt,,,7,ecg_diagnosis_deID_2014_chunk239.txt
ecg_diagnosis_input_2011_chunk183.txt,,,7,ecg_diagnosis_deID_2011_chunk183.txt
ecg_diagnosis_input_2021_chunk421.txt,,,7,ecg_diagnosis_deID_2021_chunk421.txt
ecg_diagnosis_input_2016_chunk381.txt,,,7,ecg_diagnosis_deID_2016_chunk381.txt
ecg_diagnosis_input_2019_chunk316.txt,,,7,ecg_diagnosis_deID_2019_chunk316.txt
ecg_diagnosis_input_2014_chunk211.txt,,,7,ecg_diagnosis_deID_2014_chunk211.txt
ecg_diagnosis_input_2012_chunk410.txt,,,7,ecg_diagnosis_deID_2012_chunk410.txt
ecg_diagnosis_input_2021_chunk409.txt,,,7,ecg_diagnosis_deID_2021_chunk409.txt
ecg_diagnosis_input_2003_chunk24.txt,,,7,ecg_diagnosis_deID_2003_chunk24.txt
ecg_diagnosis_input_2019_chunk458.txt,,,7,ecg_diagnosis_deID_2019_chunk458.txt
ecg_diagnosis_input_2015_chunk174.txt,,,7,ecg_diagnosis_deID_2015_chunk174.txt
ecg_diagnosis_input_2012_chunk376.txt,,,7,ecg_diagnosis_deID_2012_chunk376.txt
ecg_diagnosis_input_2015_chunk82.txt,,,7,ecg_diagnosis_deID_2015_chunk82.txt
ecg_diagnosis_input_2009_chunk97.txt,,,7,ecg_diagnosis_deID_2009_chunk97.txt
ecg_diagnosis_input_2015_chunk96.txt,,,7,ecg_diagnosis_deID_2015_chunk96.txt
ecg_diagnosis_input_2012_chunk362.txt,,,7,ecg_diagnosis_deID_2012_chunk362.txt
ecg_diagnosis_input_2009_chunk83.txt,,,7,ecg_diagnosis_deID_2009_chunk83.txt
ecg_diagnosis_input_2003_chunk30.txt,,,7,ecg_diagnosis_deID_2003_chunk30.txt
ecg_diagnosis_input_2012_chunk59.txt,,,7,ecg_diagnosis_deID_2012_chunk59.txt
ecg_diagnosis_input_1986_chunk61.txt,,,7,ecg_diagnosis_deID_1986_chunk61.txt
ecg_diagnosis_input_2015_chunk160.txt,,,7,ecg_diagnosis_deID_2015_chunk160.txt
ecg_diagnosis_input_2014_chunk205.txt,,,7,ecg_diagnosis_deID_2014_chunk205.txt
ecg_diagnosis_input_2012_chunk404.txt,,,7,ecg_diagnosis_deID_2012_chunk404.txt
ecg_diagnosis_input_2009_chunk95.txt,,,7,ecg_diagnosis_deID_2009_chunk95.txt
ecg_diagnosis_input_2015_chunk80.txt,,,7,ecg_diagnosis_deID_2015_chunk80.txt
ecg_diagnosis_input_2012_chunk374.txt,,,7,ecg_diagnosis_deID_2012_chunk374.txt
ecg_diagnosis_input_2015_chunk176.txt,,,7,ecg_diagnosis_deID_2015_chunk176.txt
ecg_diagnosis_input_2003_chunk26.txt,,,7,ecg_diagnosis_deID_2003_chunk26.txt
ecg_diagnosis_input_2012_chunk412.txt,,,7,ecg_diagnosis_deID_2012_chunk412.txt
ecg_diagnosis_input_2014_chunk213.txt,,,7,ecg_diagnosis_deID_2014_chunk213.txt
ecg_diagnosis_input_2012_chunk406.txt,,,7,ecg_diagnosis_deID_2012_chunk406.txt
ecg_diagnosis_input_2014_chunk207.txt,,,7,ecg_diagnosis_deID_2014_chunk207.txt
ecg_diagnosis_input_2019_chunk328.txt,,,7,ecg_diagnosis_deID_2019_chunk328.txt
ecg_diagnosis_input_2001_chunk164.txt,,,7,ecg_diagnosis_deID_2001_chunk164.txt
ecg_diagnosis_input_2015_chunk162.txt,,,7,ecg_diagnosis_deID_2015_chunk162.txt
ecg_diagnosis_input_2003_chunk32.txt,,,7,ecg_diagnosis_deID_2003_chunk32.txt
ecg_diagnosis_input_2009_chunk81.txt,,,7,ecg_diagnosis_deID_2009_chunk81.txt
ecg_diagnosis_input_2012_chunk360.txt,,,7,ecg_diagnosis_deID_2012_chunk360.txt
ecg_diagnosis_input_2015_chunk94.txt,,,7,ecg_diagnosis_deID_2015_chunk94.txt
ecg_diagnosis_input_2021_chunk379.txt,,,7,ecg_diagnosis_deID_2021_chunk379.txt
ecg_diagnosis_input_2019_chunk466.txt,,,7,ecg_diagnosis_deID_2019_chunk466.txt
ecg_diagnosis_input_2012_chunk73.txt,,,7,ecg_diagnosis_deID_2012_chunk73.txt
ecg_diagnosis_input_1997_chunk22.txt,,,7,ecg_diagnosis_deID_1997_chunk22.txt
ecg_diagnosis_input_2005_chunk193.txt,,,7,ecg_diagnosis_deID_2005_chunk193.txt
ecg_diagnosis_input_2012_chunk348.txt,,,7,ecg_diagnosis_deID_2012_chunk348.txt
ecg_diagnosis_input_2021_chunk351.txt,,,7,ecg_diagnosis_deID_2021_chunk351.txt
ecg_diagnosis_input_2021_chunk437.txt,,,7,ecg_diagnosis_deID_2021_chunk437.txt
ecg_diagnosis_input_2011_chunk195.txt,,,7,ecg_diagnosis_deID_2011_chunk195.txt
ecg_diagnosis_input_2019_chunk300.txt,,,7,ecg_diagnosis_deID_2019_chunk300.txt
ecg_diagnosis_input_2016_chunk397.txt,,,7,ecg_diagnosis_deID_2016_chunk397.txt
ecg_diagnosis_input_2019_chunk314.txt,,,7,ecg_diagnosis_deID_2019_chunk314.txt
ecg_diagnosis_input_2016_chunk383.txt,,,7,ecg_diagnosis_deID_2016_chunk383.txt
ecg_diagnosis_input_2001_chunk158.txt,,,7,ecg_diagnosis_deID_2001_chunk158.txt
ecg_diagnosis_input_2021_chunk423.txt,,,7,ecg_diagnosis_deID_2021_chunk423.txt
ecg_diagnosis_input_2022_chunk198.txt,,,7,ecg_diagnosis_deID_2022_chunk198.txt
ecg_diagnosis_input_2011_chunk181.txt,,,7,ecg_diagnosis_deID_2011_chunk181.txt
ecg_diagnosis_input_2005_chunk187.txt,,,7,ecg_diagnosis_deID_2005_chunk187.txt
ecg_diagnosis_input_2021_chunk345.txt,,,7,ecg_diagnosis_deID_2021_chunk345.txt
ecg_diagnosis_input_2019_chunk472.txt,,,7,ecg_diagnosis_deID_2019_chunk472.txt
ecg_diagnosis_input_2012_chunk67.txt,,,7,ecg_diagnosis_deID_2012_chunk67.txt
ecg_diagnosis_input_1997_chunk36.txt,,,7,ecg_diagnosis_deID_1997_chunk36.txt
ecg_diagnosis_input_2019_chunk499.txt,,,7,ecg_diagnosis_deID_2019_chunk499.txt
ecg_diagnosis_input_1990_chunk12.txt,,,7,ecg_diagnosis_deID_1990_chunk12.txt
ecg_diagnosis_input_2009_chunk56.txt,,,7,ecg_diagnosis_deID_2009_chunk56.txt
ecg_diagnosis_input_2015_chunk43.txt,,,7,ecg_diagnosis_deID_2015_chunk43.txt
ecg_diagnosis_input_2009_chunk326.txt,,,7,ecg_diagnosis_deID_2009_chunk326.txt
ecg_diagnosis_input_2022_chunk173.txt,,,7,ecg_diagnosis_deID_2022_chunk173.txt
ecg_diagnosis_input_2016_chunk368.txt,,,7,ecg_diagnosis_deID_2016_chunk368.txt
ecg_diagnosis_input_2004_chunk209.txt,,,7,ecg_diagnosis_deID_2004_chunk209.txt
ecg_diagnosis_input_2009_chunk332.txt,,,7,ecg_diagnosis_deID_2009_chunk332.txt
ecg_diagnosis_input_2022_chunk167.txt,,,7,ecg_diagnosis_deID_2022_chunk167.txt
ecg_diagnosis_input_2005_chunk178.txt,,,7,ecg_diagnosis_deID_2005_chunk178.txt
ecg_diagnosis_input_2009_chunk42.txt,,,7,ecg_diagnosis_deID_2009_chunk42.txt
ecg_diagnosis_input_2015_chunk57.txt,,,7,ecg_diagnosis_deID_2015_chunk57.txt
ecg_diagnosis_input_2012_chunk98.txt,,,7,ecg_diagnosis_deID_2012_chunk98.txt
ecg_diagnosis_input_2020_chunk4.txt,,,7,ecg_diagnosis_deID_2020_chunk4.txt
ecg_diagnosis_input_2006_chunk6.txt,,,7,ecg_diagnosis_deID_2006_chunk6.txt
ecg_diagnosis_input_2021_chunk392.txt,,,7,ecg_diagnosis_deID_2021_chunk392.txt
ecg_diagnosis_input_2005_chunk150.txt,,,7,ecg_diagnosis_deID_2005_chunk150.txt
ecg_diagnosis_input_2004_chunk16.txt,,,7,ecg_diagnosis_deID_2004_chunk16.txt
ecg_diagnosis_input_2021_chunk20.txt,,,7,ecg_diagnosis_deID_2021_chunk20.txt
ecg_diagnosis_input_2010_chunk233.txt,,,7,ecg_diagnosis_deID_2010_chunk233.txt
ecg_diagnosis_input_2015_chunk189.txt,,,7,ecg_diagnosis_deID_2015_chunk189.txt
ecg_diagnosis_input_2017_chunk4.txt,,,7,ecg_diagnosis_deID_2017_chunk4.txt
ecg_diagnosis_input_2016_chunk432.txt,,,7,ecg_diagnosis_deID_2016_chunk432.txt
ecg_diagnosis_input_2016_chunk354.txt,,,7,ecg_diagnosis_deID_2016_chunk354.txt
ecg_diagnosis_input_2004_chunk235.txt,,,7,ecg_diagnosis_deID_2004_chunk235.txt
ecg_diagnosis_input_2011_chunk156.txt,,,7,ecg_diagnosis_deID_2011_chunk156.txt
ecg_diagnosis_input_2011_chunk142.txt,,,7,ecg_diagnosis_deID_2011_chunk142.txt
ecg_diagnosis_input_2016_chunk340.txt,,,7,ecg_diagnosis_deID_2016_chunk340.txt
ecg_diagnosis_input_2004_chunk221.txt,,,7,ecg_diagnosis_deID_2004_chunk221.txt
ecg_diagnosis_input_2021_chunk34.txt,,,7,ecg_diagnosis_deID_2021_chunk34.txt
ecg_diagnosis_input_2010_chunk227.txt,,,7,ecg_diagnosis_deID_2010_chunk227.txt
ecg_diagnosis_input_2016_chunk426.txt,,,7,ecg_diagnosis_deID_2016_chunk426.txt
ecg_diagnosis_input_2021_chunk386.txt,,,7,ecg_diagnosis_deID_2021_chunk386.txt
ecg_diagnosis_input_2005_chunk144.txt,,,7,ecg_diagnosis_deID_2005_chunk144.txt
ecg_diagnosis_input_2018_chunk17.txt,,,7,ecg_diagnosis_deID_2018_chunk17.txt
ecg_diagnosis_input_2006_chunk170.txt,,,7,ecg_diagnosis_deID_2006_chunk170.txt
ecg_diagnosis_input_2021_chunk609.txt,,,7,ecg_diagnosis_deID_2021_chunk609.txt
ecg_diagnosis_input_2015_chunk412.txt,,,7,ecg_diagnosis_deID_2015_chunk412.txt
ecg_diagnosis_input_2013_chunk213.txt,,,7,ecg_diagnosis_deID_2013_chunk213.txt
ecg_diagnosis_input_2000_chunk69.txt,,,7,ecg_diagnosis_deID_2000_chunk69.txt
ecg_diagnosis_input_1994_chunk51.txt,,,7,ecg_diagnosis_deID_1994_chunk51.txt
ecg_diagnosis_input_1988_chunk44.txt,,,7,ecg_diagnosis_deID_1988_chunk44.txt
ecg_diagnosis_input_1985_chunk38.txt,,,7,ecg_diagnosis_deID_1985_chunk38.txt
ecg_diagnosis_input_2022_chunk90.txt,,,7,ecg_diagnosis_deID_2022_chunk90.txt
ecg_diagnosis_input_2008_chunk282.txt,,,7,ecg_diagnosis_deID_2008_chunk282.txt
ecg_diagnosis_input_2007_chunk215.txt,,,7,ecg_diagnosis_deID_2007_chunk215.txt
ecg_diagnosis_input_2015_chunk374.txt,,,7,ecg_diagnosis_deID_2015_chunk374.txt
ecg_diagnosis_input_2012_chunk176.txt,,,7,ecg_diagnosis_deID_2012_chunk176.txt
ecg_diagnosis_input_2012_chunk162.txt,,,7,ecg_diagnosis_deID_2012_chunk162.txt
ecg_diagnosis_input_2020_chunk578.txt,,,7,ecg_diagnosis_deID_2020_chunk578.txt
ecg_diagnosis_input_2008_chunk296.txt,,,7,ecg_diagnosis_deID_2008_chunk296.txt
ecg_diagnosis_input_2007_chunk201.txt,,,7,ecg_diagnosis_deID_2007_chunk201.txt
ecg_diagnosis_input_2015_chunk360.txt,,,7,ecg_diagnosis_deID_2015_chunk360.txt
ecg_diagnosis_input_2015_chunk406.txt,,,7,ecg_diagnosis_deID_2015_chunk406.txt
ecg_diagnosis_input_2013_chunk207.txt,,,7,ecg_diagnosis_deID_2013_chunk207.txt
ecg_diagnosis_input_1994_chunk45.txt,,,7,ecg_diagnosis_deID_1994_chunk45.txt
ecg_diagnosis_input_1999_chunk39.txt,,,7,ecg_diagnosis_deID_1999_chunk39.txt
ecg_diagnosis_input_1988_chunk50.txt,,,7,ecg_diagnosis_deID_1988_chunk50.txt
ecg_diagnosis_input_2011_chunk14.txt,,,7,ecg_diagnosis_deID_2011_chunk14.txt
ecg_diagnosis_input_2022_chunk84.txt,,,7,ecg_diagnosis_deID_2022_chunk84.txt
ecg_diagnosis_input_2006_chunk164.txt,,,7,ecg_diagnosis_deID_2006_chunk164.txt
ecg_diagnosis_input_2016_chunk195.txt,,,8,ecg_diagnosis_deID_2016_chunk195.txt
ecg_diagnosis_input_1999_chunk11.txt,,,8,ecg_diagnosis_deID_1999_chunk11.txt
ecg_diagnosis_input_2019_chunk102.txt,,,8,ecg_diagnosis_deID_2019_chunk102.txt
ecg_diagnosis_input_2000_chunk55.txt,,,8,ecg_diagnosis_deID_2000_chunk55.txt
ecg_diagnosis_input_2020_chunk236.txt,,,8,ecg_diagnosis_deID_2020_chunk236.txt
ecg_diagnosis_input_1988_chunk78.txt,,,8,ecg_diagnosis_deID_1988_chunk78.txt
ecg_diagnosis_input_1999_chunk106.txt,,,8,ecg_diagnosis_deID_1999_chunk106.txt
ecg_diagnosis_input_2018_chunk501.txt,,,8,ecg_diagnosis_deID_2018_chunk501.txt
ecg_diagnosis_input_2021_chunk635.txt,,,8,ecg_diagnosis_deID_2021_chunk635.txt
ecg_diagnosis_input_2021_chunk153.txt,,,8,ecg_diagnosis_deID_2021_chunk153.txt
ecg_diagnosis_input_2018_chunk267.txt,,,8,ecg_diagnosis_deID_2018_chunk267.txt
ecg_diagnosis_input_1986_chunk1.txt,,,8,ecg_diagnosis_deID_1986_chunk1.txt
ecg_diagnosis_input_2020_chunk550.txt,,,8,ecg_diagnosis_deID_2020_chunk550.txt
ecg_diagnosis_input_1997_chunk3.txt,,,8,ecg_diagnosis_deID_1997_chunk3.txt
ecg_diagnosis_input_2007_chunk229.txt,,,8,ecg_diagnosis_deID_2007_chunk229.txt
ecg_diagnosis_input_2015_chunk348.txt,,,8,ecg_diagnosis_deID_2015_chunk348.txt
ecg_diagnosis_input_2020_chunk544.txt,,,8,ecg_diagnosis_deID_2020_chunk544.txt
ecg_diagnosis_input_2002_chunk187.txt,,,8,ecg_diagnosis_deID_2002_chunk187.txt
ecg_diagnosis_input_2021_chunk147.txt,,,8,ecg_diagnosis_deID_2021_chunk147.txt
ecg_diagnosis_input_2018_chunk273.txt,,,8,ecg_diagnosis_deID_2018_chunk273.txt
ecg_diagnosis_input_2011_chunk383.txt,,,8,ecg_diagnosis_deID_2011_chunk383.txt
ecg_diagnosis_input_2006_chunk158.txt,,,8,ecg_diagnosis_deID_2006_chunk158.txt
ecg_diagnosis_input_1999_chunk112.txt,,,8,ecg_diagnosis_deID_1999_chunk112.txt
ecg_diagnosis_input_2018_chunk515.txt,,,8,ecg_diagnosis_deID_2018_chunk515.txt
ecg_diagnosis_input_2021_chunk621.txt,,,8,ecg_diagnosis_deID_2021_chunk621.txt
ecg_diagnosis_input_2016_chunk181.txt,,,8,ecg_diagnosis_deID_2016_chunk181.txt
ecg_diagnosis_input_2005_chunk8.txt,,,8,ecg_diagnosis_deID_2005_chunk8.txt
ecg_diagnosis_input_1994_chunk79.txt,,,8,ecg_diagnosis_deID_1994_chunk79.txt
ecg_diagnosis_input_2019_chunk116.txt,,,8,ecg_diagnosis_deID_2019_chunk116.txt
ecg_diagnosis_input_2000_chunk41.txt,,,8,ecg_diagnosis_deID_2000_chunk41.txt
ecg_diagnosis_input_2011_chunk28.txt,,,8,ecg_diagnosis_deID_2011_chunk28.txt
ecg_diagnosis_input_1985_chunk10.txt,,,8,ecg_diagnosis_deID_1985_chunk10.txt
ecg_diagnosis_input_2020_chunk222.txt,,,8,ecg_diagnosis_deID_2020_chunk222.txt
ecg_diagnosis_input_1994_chunk92.txt,,,8,ecg_diagnosis_deID_1994_chunk92.txt
ecg_diagnosis_input_1988_chunk87.txt,,,8,ecg_diagnosis_deID_1988_chunk87.txt
ecg_diagnosis_input_2022_chunk53.txt,,,8,ecg_diagnosis_deID_2022_chunk53.txt
ecg_diagnosis_input_2022_chunk371.txt,,,8,ecg_diagnosis_deID_2022_chunk371.txt
ecg_diagnosis_input_2009_chunk124.txt,,,8,ecg_diagnosis_deID_2009_chunk124.txt
ecg_diagnosis_input_1982_chunk34.txt,,,8,ecg_diagnosis_deID_1982_chunk34.txt
ecg_diagnosis_input_2011_chunk368.txt,,,8,ecg_diagnosis_deID_2011_chunk368.txt
ecg_diagnosis_input_2003_chunk209.txt,,,8,ecg_diagnosis_deID_2003_chunk209.txt
ecg_diagnosis_input_2007_chunk65.txt,,,8,ecg_diagnosis_deID_2007_chunk65.txt
ecg_diagnosis_input_2018_chunk298.txt,,,8,ecg_diagnosis_deID_2018_chunk298.txt
ecg_diagnosis_input_2008_chunk241.txt,,,8,ecg_diagnosis_deID_2008_chunk241.txt
ecg_diagnosis_input_2002_chunk178.txt,,,8,ecg_diagnosis_deID_2002_chunk178.txt
ecg_diagnosis_input_2008_chunk255.txt,,,8,ecg_diagnosis_deID_2008_chunk255.txt
ecg_diagnosis_input_2022_chunk365.txt,,,8,ecg_diagnosis_deID_2022_chunk365.txt
ecg_diagnosis_input_2009_chunk130.txt,,,8,ecg_diagnosis_deID_2009_chunk130.txt
ecg_diagnosis_input_2016_chunk18.txt,,,8,ecg_diagnosis_deID_2016_chunk18.txt
ecg_diagnosis_input_1982_chunk20.txt,,,8,ecg_diagnosis_deID_1982_chunk20.txt
ecg_diagnosis_input_1993_chunk49.txt,,,8,ecg_diagnosis_deID_1993_chunk49.txt
ecg_diagnosis_input_2007_chunk71.txt,,,8,ecg_diagnosis_deID_2007_chunk71.txt
ecg_diagnosis_input_1994_chunk86.txt,,,8,ecg_diagnosis_deID_1994_chunk86.txt
ecg_diagnosis_input_2022_chunk47.txt,,,8,ecg_diagnosis_deID_2022_chunk47.txt
ecg_diagnosis_input_2009_chunk118.txt,,,8,ecg_diagnosis_deID_2009_chunk118.txt
ecg_diagnosis_input_1996_chunk152.txt,,,8,ecg_diagnosis_deID_1996_chunk152.txt
ecg_diagnosis_input_2016_chunk30.txt,,,8,ecg_diagnosis_deID_2016_chunk30.txt
ecg_diagnosis_input_2011_chunk354.txt,,,8,ecg_diagnosis_deID_2011_chunk354.txt
ecg_diagnosis_input_2007_chunk59.txt,,,8,ecg_diagnosis_deID_2007_chunk59.txt
ecg_diagnosis_input_1993_chunk61.txt,,,8,ecg_diagnosis_deID_1993_chunk61.txt
ecg_diagnosis_input_2000_chunk96.txt,,,8,ecg_diagnosis_deID_2000_chunk96.txt
ecg_diagnosis_input_2016_chunk156.txt,,,8,ecg_diagnosis_deID_2016_chunk156.txt
ecg_diagnosis_input_2002_chunk150.txt,,,8,ecg_diagnosis_deID_2002_chunk150.txt
ecg_diagnosis_input_2012_chunk189.txt,,,8,ecg_diagnosis_deID_2012_chunk189.txt
ecg_diagnosis_input_2017_chunk233.txt,,,8,ecg_diagnosis_deID_2017_chunk233.txt
ecg_diagnosis_input_2021_chunk190.txt,,,8,ecg_diagnosis_deID_2021_chunk190.txt
ecg_diagnosis_input_2017_chunk227.txt,,,8,ecg_diagnosis_deID_2017_chunk227.txt
ecg_diagnosis_input_2021_chunk184.txt,,,8,ecg_diagnosis_deID_2021_chunk184.txt
ecg_diagnosis_input_2002_chunk144.txt,,,8,ecg_diagnosis_deID_2002_chunk144.txt
ecg_diagnosis_input_2008_chunk269.txt,,,8,ecg_diagnosis_deID_2008_chunk269.txt
ecg_diagnosis_input_2000_chunk82.txt,,,8,ecg_diagnosis_deID_2000_chunk82.txt
ecg_diagnosis_input_2016_chunk142.txt,,,8,ecg_diagnosis_deID_2016_chunk142.txt
ecg_diagnosis_input_2022_chunk359.txt,,,8,ecg_diagnosis_deID_2022_chunk359.txt
ecg_diagnosis_input_1996_chunk146.txt,,,8,ecg_diagnosis_deID_1996_chunk146.txt
ecg_diagnosis_input_2011_chunk340.txt,,,8,ecg_diagnosis_deID_2011_chunk340.txt
ecg_diagnosis_input_2016_chunk24.txt,,,8,ecg_diagnosis_deID_2016_chunk24.txt
ecg_diagnosis_input_1993_chunk75.txt,,,8,ecg_diagnosis_deID_1993_chunk75.txt
ecg_diagnosis_input_2003_chunk221.txt,,,8,ecg_diagnosis_deID_2003_chunk221.txt
ecg_diagnosis_input_2013_chunk35.txt,,,8,ecg_diagnosis_deID_2013_chunk35.txt
ecg_diagnosis_input_2018_chunk449.txt,,,8,ecg_diagnosis_deID_2018_chunk449.txt
ecg_diagnosis_input_1996_chunk64.txt,,,8,ecg_diagnosis_deID_1996_chunk64.txt
ecg_diagnosis_input_2014_chunk165.txt,,,8,ecg_diagnosis_deID_2014_chunk165.txt
ecg_diagnosis_input_2013_chunk367.txt,,,8,ecg_diagnosis_deID_2013_chunk367.txt
ecg_diagnosis_input_2005_chunk93.txt,,,8,ecg_diagnosis_deID_2005_chunk93.txt
ecg_diagnosis_input_2019_chunk86.txt,,,8,ecg_diagnosis_deID_2019_chunk86.txt
ecg_diagnosis_input_2015_chunk200.txt,,,8,ecg_diagnosis_deID_2015_chunk200.txt
ecg_diagnosis_input_2013_chunk401.txt,,,8,ecg_diagnosis_deID_2013_chunk401.txt
ecg_diagnosis_input_2020_chunk418.txt,,,8,ecg_diagnosis_deID_2020_chunk418.txt
ecg_diagnosis_input_2015_chunk214.txt,,,8,ecg_diagnosis_deID_2015_chunk214.txt
ecg_diagnosis_input_2013_chunk415.txt,,,8,ecg_diagnosis_deID_2013_chunk415.txt
ecg_diagnosis_input_2005_chunk87.txt,,,8,ecg_diagnosis_deID_2005_chunk87.txt
ecg_diagnosis_input_2013_chunk373.txt,,,8,ecg_diagnosis_deID_2013_chunk373.txt
ecg_diagnosis_input_2019_chunk92.txt,,,8,ecg_diagnosis_deID_2019_chunk92.txt
ecg_diagnosis_input_2013_chunk21.txt,,,8,ecg_diagnosis_deID_2013_chunk21.txt
ecg_diagnosis_input_1987_chunk19.txt,,,8,ecg_diagnosis_deID_1987_chunk19.txt
ecg_diagnosis_input_1996_chunk70.txt,,,8,ecg_diagnosis_deID_1996_chunk70.txt
ecg_diagnosis_input_2002_chunk48.txt,,,8,ecg_diagnosis_deID_2002_chunk48.txt
ecg_diagnosis_input_2014_chunk171.txt,,,8,ecg_diagnosis_deID_2014_chunk171.txt
ecg_diagnosis_input_2003_chunk3.txt,,,8,ecg_diagnosis_deID_2003_chunk3.txt
ecg_diagnosis_input_2020_chunk342.txt,,,8,ecg_diagnosis_deID_2020_chunk342.txt
ecg_diagnosis_input_1991_chunk97.txt,,,8,ecg_diagnosis_deID_1991_chunk97.txt
ecg_diagnosis_input_2019_chunk9.txt,,,8,ecg_diagnosis_deID_2019_chunk9.txt
ecg_diagnosis_input_2004_chunk180.txt,,,8,ecg_diagnosis_deID_2004_chunk180.txt
ecg_diagnosis_input_1987_chunk31.txt,,,8,ecg_diagnosis_deID_1987_chunk31.txt
ecg_diagnosis_input_2020_chunk99.txt,,,8,ecg_diagnosis_deID_2020_chunk99.txt
ecg_diagnosis_input_2002_chunk60.txt,,,8,ecg_diagnosis_deID_2002_chunk60.txt
ecg_diagnosis_input_1996_chunk58.txt,,,8,ecg_diagnosis_deID_1996_chunk58.txt
ecg_diagnosis_input_2018_chunk475.txt,,,8,ecg_diagnosis_deID_2018_chunk475.txt
ecg_diagnosis_input_2012_chunk1.txt,,,8,ecg_diagnosis_deID_2012_chunk1.txt
ecg_diagnosis_input_2014_chunk159.txt,,,8,ecg_diagnosis_deID_2014_chunk159.txt
ecg_diagnosis_input_2017_chunk384.txt,,,8,ecg_diagnosis_deID_2017_chunk384.txt
ecg_diagnosis_input_2018_chunk313.txt,,,8,ecg_diagnosis_deID_2018_chunk313.txt
ecg_diagnosis_input_2010_chunk186.txt,,,8,ecg_diagnosis_deID_2010_chunk186.txt
ecg_diagnosis_input_2020_chunk424.txt,,,8,ecg_diagnosis_deID_2020_chunk424.txt
ecg_diagnosis_input_1991_chunk8.txt,,,8,ecg_diagnosis_deID_1991_chunk8.txt
ecg_diagnosis_input_2015_chunk228.txt,,,8,ecg_diagnosis_deID_2015_chunk228.txt
ecg_diagnosis_input_2010_chunk192.txt,,,8,ecg_diagnosis_deID_2010_chunk192.txt
ecg_diagnosis_input_2020_chunk430.txt,,,8,ecg_diagnosis_deID_2020_chunk430.txt
ecg_diagnosis_input_2017_chunk390.txt,,,8,ecg_diagnosis_deID_2017_chunk390.txt
ecg_diagnosis_input_2018_chunk307.txt,,,8,ecg_diagnosis_deID_2018_chunk307.txt
ecg_diagnosis_input_1987_chunk25.txt,,,8,ecg_diagnosis_deID_1987_chunk25.txt
ecg_diagnosis_input_2002_chunk74.txt,,,8,ecg_diagnosis_deID_2002_chunk74.txt
ecg_diagnosis_input_2018_chunk461.txt,,,8,ecg_diagnosis_deID_2018_chunk461.txt
ecg_diagnosis_input_2020_chunk356.txt,,,8,ecg_diagnosis_deID_2020_chunk356.txt
ecg_diagnosis_input_1991_chunk83.txt,,,8,ecg_diagnosis_deID_1991_chunk83.txt
ecg_diagnosis_input_2004_chunk194.txt,,,8,ecg_diagnosis_deID_2004_chunk194.txt
ecg_diagnosis_input_2005_chunk50.txt,,,8,ecg_diagnosis_deID_2005_chunk50.txt
ecg_diagnosis_input_1991_chunk68.txt,,,8,ecg_diagnosis_deID_1991_chunk68.txt
ecg_diagnosis_input_2019_chunk45.txt,,,8,ecg_diagnosis_deID_2019_chunk45.txt
ecg_diagnosis_input_2014_chunk39.txt,,,8,ecg_diagnosis_deID_2014_chunk39.txt
ecg_diagnosis_input_2020_chunk66.txt,,,8,ecg_diagnosis_deID_2020_chunk66.txt
ecg_diagnosis_input_2022_chunk205.txt,,,8,ecg_diagnosis_deID_2022_chunk205.txt
ecg_diagnosis_input_2010_chunk179.txt,,,8,ecg_diagnosis_deID_2010_chunk179.txt
ecg_diagnosis_input_2017_chunk409.txt,,,8,ecg_diagnosis_deID_2017_chunk409.txt
ecg_diagnosis_input_2011_chunk208.txt,,,8,ecg_diagnosis_deID_2011_chunk208.txt
ecg_diagnosis_input_2020_chunk72.txt,,,8,ecg_diagnosis_deID_2020_chunk72.txt
ecg_diagnosis_input_2022_chunk211.txt,,,8,ecg_diagnosis_deID_2022_chunk211.txt
ecg_diagnosis_input_2005_chunk44.txt,,,8,ecg_diagnosis_deID_2005_chunk44.txt
ecg_diagnosis_input_2008_chunk38.txt,,,8,ecg_diagnosis_deID_2008_chunk38.txt
ecg_diagnosis_input_2019_chunk51.txt,,,8,ecg_diagnosis_deID_2019_chunk51.txt
ecg_diagnosis_input_2017_chunk421.txt,,,8,ecg_diagnosis_deID_2017_chunk421.txt
ecg_diagnosis_input_2011_chunk220.txt,,,8,ecg_diagnosis_deID_2011_chunk220.txt
ecg_diagnosis_input_2022_chunk239.txt,,,8,ecg_diagnosis_deID_2022_chunk239.txt
ecg_diagnosis_input_2008_chunk10.txt,,,8,ecg_diagnosis_deID_2008_chunk10.txt
ecg_diagnosis_input_2013_chunk398.txt,,,8,ecg_diagnosis_deID_2013_chunk398.txt
ecg_diagnosis_input_1991_chunk54.txt,,,8,ecg_diagnosis_deID_1991_chunk54.txt
ecg_diagnosis_input_2004_chunk143.txt,,,8,ecg_diagnosis_deID_2004_chunk143.txt
ecg_diagnosis_input_2019_chunk79.txt,,,8,ecg_diagnosis_deID_2019_chunk79.txt
ecg_diagnosis_input_2020_chunk381.txt,,,8,ecg_diagnosis_deID_2020_chunk381.txt
ecg_diagnosis_input_2008_chunk309.txt,,,8,ecg_diagnosis_deID_2008_chunk309.txt
ecg_diagnosis_input_2010_chunk145.txt,,,8,ecg_diagnosis_deID_2010_chunk145.txt
ecg_diagnosis_input_2005_chunk226.txt,,,8,ecg_diagnosis_deID_2005_chunk226.txt
ecg_diagnosis_input_2017_chunk347.txt,,,8,ecg_diagnosis_deID_2017_chunk347.txt
ecg_diagnosis_input_2005_chunk232.txt,,,8,ecg_diagnosis_deID_2005_chunk232.txt
ecg_diagnosis_input_2017_chunk353.txt,,,8,ecg_diagnosis_deID_2017_chunk353.txt
ecg_diagnosis_input_2010_chunk151.txt,,,8,ecg_diagnosis_deID_2010_chunk151.txt
ecg_diagnosis_input_1991_chunk40.txt,,,8,ecg_diagnosis_deID_1991_chunk40.txt
ecg_diagnosis_input_2005_chunk78.txt,,,8,ecg_diagnosis_deID_2005_chunk78.txt
ecg_diagnosis_input_2004_chunk157.txt,,,8,ecg_diagnosis_deID_2004_chunk157.txt
ecg_diagnosis_input_2014_chunk11.txt,,,8,ecg_diagnosis_deID_2014_chunk11.txt
ecg_diagnosis_input_2020_chunk395.txt,,,8,ecg_diagnosis_deID_2020_chunk395.txt
ecg_diagnosis_input_2017_chunk435.txt,,,8,ecg_diagnosis_deID_2017_chunk435.txt
ecg_diagnosis_input_2011_chunk234.txt,,,8,ecg_diagnosis_deID_2011_chunk234.txt
ecg_diagnosis_input_2001_chunk13.txt,,,8,ecg_diagnosis_deID_2001_chunk13.txt
ecg_diagnosis_input_2021_chunk219.txt,,,8,ecg_diagnosis_deID_2021_chunk219.txt
ecg_diagnosis_input_1998_chunk57.txt,,,8,ecg_diagnosis_deID_1998_chunk57.txt
ecg_diagnosis_input_1984_chunk42.txt,,,8,ecg_diagnosis_deID_1984_chunk42.txt
ecg_diagnosis_input_2012_chunk200.txt,,,8,ecg_diagnosis_deID_2012_chunk200.txt
ecg_diagnosis_input_2014_chunk401.txt,,,8,ecg_diagnosis_deID_2014_chunk401.txt
ecg_diagnosis_input_2007_chunk163.txt,,,8,ecg_diagnosis_deID_2007_chunk163.txt
ecg_diagnosis_input_1998_chunk129.txt,,,8,ecg_diagnosis_deID_1998_chunk129.txt
ecg_diagnosis_input_2013_chunk165.txt,,,8,ecg_diagnosis_deID_2013_chunk165.txt
ecg_diagnosis_input_2019_chunk248.txt,,,8,ecg_diagnosis_deID_2019_chunk248.txt
ecg_diagnosis_input_2014_chunk367.txt,,,8,ecg_diagnosis_deID_2014_chunk367.txt
ecg_diagnosis_input_2006_chunk206.txt,,,8,ecg_diagnosis_deID_2006_chunk206.txt
ecg_diagnosis_input_2009_chunk291.txt,,,8,ecg_diagnosis_deID_2009_chunk291.txt
ecg_diagnosis_input_2014_chunk373.txt,,,8,ecg_diagnosis_deID_2014_chunk373.txt
ecg_diagnosis_input_2006_chunk212.txt,,,8,ecg_diagnosis_deID_2006_chunk212.txt
ecg_diagnosis_input_2009_chunk285.txt,,,8,ecg_diagnosis_deID_2009_chunk285.txt
ecg_diagnosis_input_2013_chunk171.txt,,,8,ecg_diagnosis_deID_2013_chunk171.txt
ecg_diagnosis_input_2020_chunk168.txt,,,8,ecg_diagnosis_deID_2020_chunk168.txt
ecg_diagnosis_input_2007_chunk177.txt,,,8,ecg_diagnosis_deID_2007_chunk177.txt
ecg_diagnosis_input_1998_chunk43.txt,,,8,ecg_diagnosis_deID_1998_chunk43.txt
ecg_diagnosis_input_2018_chunk139.txt,,,8,ecg_diagnosis_deID_2018_chunk139.txt
ecg_diagnosis_input_2012_chunk214.txt,,,8,ecg_diagnosis_deID_2012_chunk214.txt
ecg_diagnosis_input_2014_chunk415.txt,,,8,ecg_diagnosis_deID_2014_chunk415.txt
ecg_diagnosis_input_2019_chunk512.txt,,,8,ecg_diagnosis_deID_2019_chunk512.txt
ecg_diagnosis_input_1998_chunk115.txt,,,8,ecg_diagnosis_deID_1998_chunk115.txt
ecg_diagnosis_input_2017_chunk89.txt,,,8,ecg_diagnosis_deID_2017_chunk89.txt
ecg_diagnosis_input_2021_chunk225.txt,,,8,ecg_diagnosis_deID_2021_chunk225.txt
ecg_diagnosis_input_1995_chunk17.txt,,,8,ecg_diagnosis_deID_1995_chunk17.txt
ecg_diagnosis_input_2018_chunk111.txt,,,8,ecg_diagnosis_deID_2018_chunk111.txt
ecg_diagnosis_input_2010_chunk46.txt,,,8,ecg_diagnosis_deID_2010_chunk46.txt
ecg_diagnosis_input_2017_chunk186.txt,,,8,ecg_diagnosis_deID_2017_chunk186.txt
ecg_diagnosis_input_2003_chunk180.txt,,,8,ecg_diagnosis_deID_2003_chunk180.txt
ecg_diagnosis_input_2021_chunk543.txt,,,8,ecg_diagnosis_deID_2021_chunk543.txt
ecg_diagnosis_input_2013_chunk159.txt,,,8,ecg_diagnosis_deID_2013_chunk159.txt
ecg_diagnosis_input_2019_chunk274.txt,,,8,ecg_diagnosis_deID_2019_chunk274.txt
ecg_diagnosis_input_2020_chunk140.txt,,,8,ecg_diagnosis_deID_2020_chunk140.txt
ecg_diagnosis_input_2019_chunk260.txt,,,8,ecg_diagnosis_deID_2019_chunk260.txt
ecg_diagnosis_input_2020_chunk154.txt,,,8,ecg_diagnosis_deID_2020_chunk154.txt
ecg_diagnosis_input_2003_chunk194.txt,,,8,ecg_diagnosis_deID_2003_chunk194.txt
ecg_diagnosis_input_2021_chunk557.txt,,,8,ecg_diagnosis_deID_2021_chunk557.txt
ecg_diagnosis_input_2021_chunk231.txt,,,8,ecg_diagnosis_deID_2021_chunk231.txt
ecg_diagnosis_input_2018_chunk105.txt,,,8,ecg_diagnosis_deID_2018_chunk105.txt
ecg_diagnosis_input_2010_chunk52.txt,,,8,ecg_diagnosis_deID_2010_chunk52.txt
ecg_diagnosis_input_1989_chunk16.txt,,,8,ecg_diagnosis_deID_1989_chunk16.txt
ecg_diagnosis_input_2017_chunk192.txt,,,8,ecg_diagnosis_deID_2017_chunk192.txt
ecg_diagnosis_input_2012_chunk228.txt,,,8,ecg_diagnosis_deID_2012_chunk228.txt
ecg_diagnosis_input_2014_chunk429.txt,,,8,ecg_diagnosis_deID_2014_chunk429.txt
ecg_diagnosis_input_2019_chunk506.txt,,,8,ecg_diagnosis_deID_2019_chunk506.txt
ecg_diagnosis_input_1998_chunk101.txt,,,8,ecg_diagnosis_deID_1998_chunk101.txt
ecg_diagnosis_input_2017_chunk76.txt,,,8,ecg_diagnosis_deID_2017_chunk76.txt
ecg_diagnosis_input_1992_chunk27.txt,,,8,ecg_diagnosis_deID_1992_chunk27.txt
ecg_diagnosis_input_2008_chunk137.txt,,,8,ecg_diagnosis_deID_2008_chunk137.txt
ecg_diagnosis_input_2017_chunk179.txt,,,8,ecg_diagnosis_deID_2017_chunk179.txt
ecg_diagnosis_input_1998_chunk94.txt,,,8,ecg_diagnosis_deID_1998_chunk94.txt
ecg_diagnosis_input_2009_chunk252.txt,,,8,ecg_diagnosis_deID_2009_chunk252.txt
ecg_diagnosis_input_2016_chunk208.txt,,,8,ecg_diagnosis_deID_2016_chunk208.txt
ecg_diagnosis_input_2009_chunk246.txt,,,8,ecg_diagnosis_deID_2009_chunk246.txt
ecg_diagnosis_input_1998_chunk80.txt,,,8,ecg_diagnosis_deID_1998_chunk80.txt
ecg_diagnosis_input_2017_chunk62.txt,,,8,ecg_diagnosis_deID_2017_chunk62.txt
ecg_diagnosis_input_1992_chunk33.txt,,,8,ecg_diagnosis_deID_1992_chunk33.txt
ecg_diagnosis_input_2008_chunk123.txt,,,8,ecg_diagnosis_deID_2008_chunk123.txt
ecg_diagnosis_input_2017_chunk145.txt,,,8,ecg_diagnosis_deID_2017_chunk145.txt
ecg_diagnosis_input_2010_chunk85.txt,,,8,ecg_diagnosis_deID_2010_chunk85.txt
ecg_diagnosis_input_2010_chunk347.txt,,,8,ecg_diagnosis_deID_2010_chunk347.txt
ecg_diagnosis_input_2006_chunk23.txt,,,8,ecg_diagnosis_deID_2006_chunk23.txt
ecg_diagnosis_input_1997_chunk141.txt,,,8,ecg_diagnosis_deID_1997_chunk141.txt
ecg_diagnosis_input_2020_chunk183.txt,,,8,ecg_diagnosis_deID_2020_chunk183.txt
ecg_diagnosis_input_2016_chunk220.txt,,,8,ecg_diagnosis_deID_2016_chunk220.txt
ecg_diagnosis_input_1983_chunk4.txt,,,8,ecg_diagnosis_deID_1983_chunk4.txt
ecg_diagnosis_input_2021_chunk580.txt,,,8,ecg_diagnosis_deID_2021_chunk580.txt
ecg_diagnosis_input_1992_chunk6.txt,,,8,ecg_diagnosis_deID_1992_chunk6.txt
ecg_diagnosis_input_2014_chunk398.txt,,,8,ecg_diagnosis_deID_2014_chunk398.txt
ecg_diagnosis_input_2003_chunk143.txt,,,8,ecg_diagnosis_deID_2003_chunk143.txt
ecg_diagnosis_input_2021_chunk594.txt,,,8,ecg_diagnosis_deID_2021_chunk594.txt
ecg_diagnosis_input_2003_chunk157.txt,,,8,ecg_diagnosis_deID_2003_chunk157.txt
ecg_diagnosis_input_2020_chunk197.txt,,,8,ecg_diagnosis_deID_2020_chunk197.txt
ecg_diagnosis_input_2016_chunk234.txt,,,8,ecg_diagnosis_deID_2016_chunk234.txt
ecg_diagnosis_input_2007_chunk188.txt,,,8,ecg_diagnosis_deID_2007_chunk188.txt
ecg_diagnosis_input_2006_chunk37.txt,,,8,ecg_diagnosis_deID_2006_chunk37.txt
ecg_diagnosis_input_2010_chunk353.txt,,,8,ecg_diagnosis_deID_2010_chunk353.txt
ecg_diagnosis_input_2017_chunk151.txt,,,8,ecg_diagnosis_deID_2017_chunk151.txt
ecg_diagnosis_input_2010_chunk91.txt,,,8,ecg_diagnosis_deID_2010_chunk91.txt
ecg_diagnosis_input_2016_chunk235.txt,,,8,ecg_diagnosis_deID_2016_chunk235.txt
ecg_diagnosis_input_2020_chunk196.txt,,,8,ecg_diagnosis_deID_2020_chunk196.txt
ecg_diagnosis_input_2003_chunk156.txt,,,8,ecg_diagnosis_deID_2003_chunk156.txt
ecg_diagnosis_input_2021_chunk595.txt,,,8,ecg_diagnosis_deID_2021_chunk595.txt
ecg_diagnosis_input_2010_chunk90.txt,,,8,ecg_diagnosis_deID_2010_chunk90.txt
ecg_diagnosis_input_2017_chunk150.txt,,,8,ecg_diagnosis_deID_2017_chunk150.txt
ecg_diagnosis_input_2010_chunk352.txt,,,8,ecg_diagnosis_deID_2010_chunk352.txt
ecg_diagnosis_input_2006_chunk36.txt,,,8,ecg_diagnosis_deID_2006_chunk36.txt
ecg_diagnosis_input_2007_chunk189.txt,,,8,ecg_diagnosis_deID_2007_chunk189.txt
ecg_diagnosis_input_1997_chunk140.txt,,,8,ecg_diagnosis_deID_1997_chunk140.txt
ecg_diagnosis_input_2006_chunk22.txt,,,8,ecg_diagnosis_deID_2006_chunk22.txt
ecg_diagnosis_input_2010_chunk346.txt,,,8,ecg_diagnosis_deID_2010_chunk346.txt
ecg_diagnosis_input_2010_chunk84.txt,,,8,ecg_diagnosis_deID_2010_chunk84.txt
ecg_diagnosis_input_2017_chunk144.txt,,,8,ecg_diagnosis_deID_2017_chunk144.txt
ecg_diagnosis_input_2003_chunk142.txt,,,8,ecg_diagnosis_deID_2003_chunk142.txt
ecg_diagnosis_input_2014_chunk399.txt,,,8,ecg_diagnosis_deID_2014_chunk399.txt
ecg_diagnosis_input_1992_chunk7.txt,,,8,ecg_diagnosis_deID_1992_chunk7.txt
ecg_diagnosis_input_2021_chunk581.txt,,,8,ecg_diagnosis_deID_2021_chunk581.txt
ecg_diagnosis_input_1983_chunk5.txt,,,8,ecg_diagnosis_deID_1983_chunk5.txt
ecg_diagnosis_input_2016_chunk221.txt,,,8,ecg_diagnosis_deID_2016_chunk221.txt
ecg_diagnosis_input_2020_chunk182.txt,,,8,ecg_diagnosis_deID_2020_chunk182.txt
ecg_diagnosis_input_2009_chunk247.txt,,,8,ecg_diagnosis_deID_2009_chunk247.txt
ecg_diagnosis_input_2016_chunk209.txt,,,8,ecg_diagnosis_deID_2016_chunk209.txt
ecg_diagnosis_input_2008_chunk122.txt,,,8,ecg_diagnosis_deID_2008_chunk122.txt
ecg_diagnosis_input_1992_chunk32.txt,,,8,ecg_diagnosis_deID_1992_chunk32.txt
ecg_diagnosis_input_2017_chunk63.txt,,,8,ecg_diagnosis_deID_2017_chunk63.txt
ecg_diagnosis_input_1998_chunk81.txt,,,8,ecg_diagnosis_deID_1998_chunk81.txt
ecg_diagnosis_input_1998_chunk95.txt,,,8,ecg_diagnosis_deID_1998_chunk95.txt
ecg_diagnosis_input_2017_chunk178.txt,,,8,ecg_diagnosis_deID_2017_chunk178.txt
ecg_diagnosis_input_2008_chunk136.txt,,,8,ecg_diagnosis_deID_2008_chunk136.txt
ecg_diagnosis_input_1992_chunk26.txt,,,8,ecg_diagnosis_deID_1992_chunk26.txt
ecg_diagnosis_input_2017_chunk77.txt,,,8,ecg_diagnosis_deID_2017_chunk77.txt
ecg_diagnosis_input_2009_chunk253.txt,,,8,ecg_diagnosis_deID_2009_chunk253.txt
ecg_diagnosis_input_2021_chunk556.txt,,,8,ecg_diagnosis_deID_2021_chunk556.txt
ecg_diagnosis_input_2003_chunk195.txt,,,8,ecg_diagnosis_deID_2003_chunk195.txt
ecg_diagnosis_input_2020_chunk155.txt,,,8,ecg_diagnosis_deID_2020_chunk155.txt
ecg_diagnosis_input_2019_chunk261.txt,,,8,ecg_diagnosis_deID_2019_chunk261.txt
ecg_diagnosis_input_1998_chunk100.txt,,,8,ecg_diagnosis_deID_1998_chunk100.txt
ecg_diagnosis_input_2019_chunk507.txt,,,8,ecg_diagnosis_deID_2019_chunk507.txt
ecg_diagnosis_input_2014_chunk428.txt,,,8,ecg_diagnosis_deID_2014_chunk428.txt
ecg_diagnosis_input_2012_chunk229.txt,,,8,ecg_diagnosis_deID_2012_chunk229.txt
ecg_diagnosis_input_2017_chunk193.txt,,,8,ecg_diagnosis_deID_2017_chunk193.txt
ecg_diagnosis_input_1989_chunk17.txt,,,8,ecg_diagnosis_deID_1989_chunk17.txt
ecg_diagnosis_input_2010_chunk53.txt,,,8,ecg_diagnosis_deID_2010_chunk53.txt
ecg_diagnosis_input_2018_chunk104.txt,,,8,ecg_diagnosis_deID_2018_chunk104.txt
ecg_diagnosis_input_2021_chunk230.txt,,,8,ecg_diagnosis_deID_2021_chunk230.txt
ecg_diagnosis_input_2017_chunk187.txt,,,8,ecg_diagnosis_deID_2017_chunk187.txt
ecg_diagnosis_input_2010_chunk47.txt,,,8,ecg_diagnosis_deID_2010_chunk47.txt
ecg_diagnosis_input_2018_chunk110.txt,,,8,ecg_diagnosis_deID_2018_chunk110.txt
ecg_diagnosis_input_1995_chunk16.txt,,,8,ecg_diagnosis_deID_1995_chunk16.txt
ecg_diagnosis_input_2021_chunk224.txt,,,8,ecg_diagnosis_deID_2021_chunk224.txt
ecg_diagnosis_input_2017_chunk88.txt,,,8,ecg_diagnosis_deID_2017_chunk88.txt
ecg_diagnosis_input_1998_chunk114.txt,,,8,ecg_diagnosis_deID_1998_chunk114.txt
ecg_diagnosis_input_2019_chunk513.txt,,,8,ecg_diagnosis_deID_2019_chunk513.txt
ecg_diagnosis_input_2020_chunk141.txt,,,8,ecg_diagnosis_deID_2020_chunk141.txt
ecg_diagnosis_input_2019_chunk275.txt,,,8,ecg_diagnosis_deID_2019_chunk275.txt
ecg_diagnosis_input_2013_chunk158.txt,,,8,ecg_diagnosis_deID_2013_chunk158.txt
ecg_diagnosis_input_2021_chunk542.txt,,,8,ecg_diagnosis_deID_2021_chunk542.txt
ecg_diagnosis_input_2003_chunk181.txt,,,8,ecg_diagnosis_deID_2003_chunk181.txt
ecg_diagnosis_input_2020_chunk169.txt,,,8,ecg_diagnosis_deID_2020_chunk169.txt
ecg_diagnosis_input_2013_chunk170.txt,,,8,ecg_diagnosis_deID_2013_chunk170.txt
ecg_diagnosis_input_2009_chunk284.txt,,,8,ecg_diagnosis_deID_2009_chunk284.txt
ecg_diagnosis_input_2006_chunk213.txt,,,8,ecg_diagnosis_deID_2006_chunk213.txt
ecg_diagnosis_input_2014_chunk372.txt,,,8,ecg_diagnosis_deID_2014_chunk372.txt
ecg_diagnosis_input_2014_chunk414.txt,,,8,ecg_diagnosis_deID_2014_chunk414.txt
ecg_diagnosis_input_2012_chunk215.txt,,,8,ecg_diagnosis_deID_2012_chunk215.txt
ecg_diagnosis_input_2018_chunk138.txt,,,8,ecg_diagnosis_deID_2018_chunk138.txt
ecg_diagnosis_input_1998_chunk42.txt,,,8,ecg_diagnosis_deID_1998_chunk42.txt
ecg_diagnosis_input_2007_chunk176.txt,,,8,ecg_diagnosis_deID_2007_chunk176.txt
ecg_diagnosis_input_1998_chunk128.txt,,,8,ecg_diagnosis_deID_1998_chunk128.txt
ecg_diagnosis_input_2007_chunk162.txt,,,8,ecg_diagnosis_deID_2007_chunk162.txt
ecg_diagnosis_input_2014_chunk400.txt,,,8,ecg_diagnosis_deID_2014_chunk400.txt
ecg_diagnosis_input_2012_chunk201.txt,,,8,ecg_diagnosis_deID_2012_chunk201.txt
ecg_diagnosis_input_1984_chunk43.txt,,,8,ecg_diagnosis_deID_1984_chunk43.txt
ecg_diagnosis_input_2021_chunk218.txt,,,8,ecg_diagnosis_deID_2021_chunk218.txt
ecg_diagnosis_input_1998_chunk56.txt,,,8,ecg_diagnosis_deID_1998_chunk56.txt
ecg_diagnosis_input_2001_chunk12.txt,,,8,ecg_diagnosis_deID_2001_chunk12.txt
ecg_diagnosis_input_2009_chunk290.txt,,,8,ecg_diagnosis_deID_2009_chunk290.txt
ecg_diagnosis_input_2006_chunk207.txt,,,8,ecg_diagnosis_deID_2006_chunk207.txt
ecg_diagnosis_input_2014_chunk366.txt,,,8,ecg_diagnosis_deID_2014_chunk366.txt
ecg_diagnosis_input_2019_chunk249.txt,,,8,ecg_diagnosis_deID_2019_chunk249.txt
ecg_diagnosis_input_2013_chunk164.txt,,,8,ecg_diagnosis_deID_2013_chunk164.txt
ecg_diagnosis_input_2010_chunk150.txt,,,8,ecg_diagnosis_deID_2010_chunk150.txt
ecg_diagnosis_input_2017_chunk352.txt,,,8,ecg_diagnosis_deID_2017_chunk352.txt
ecg_diagnosis_input_2005_chunk233.txt,,,8,ecg_diagnosis_deID_2005_chunk233.txt
ecg_diagnosis_input_2011_chunk235.txt,,,8,ecg_diagnosis_deID_2011_chunk235.txt
ecg_diagnosis_input_2017_chunk434.txt,,,8,ecg_diagnosis_deID_2017_chunk434.txt
ecg_diagnosis_input_2020_chunk394.txt,,,8,ecg_diagnosis_deID_2020_chunk394.txt
ecg_diagnosis_input_2014_chunk10.txt,,,8,ecg_diagnosis_deID_2014_chunk10.txt
ecg_diagnosis_input_2004_chunk156.txt,,,8,ecg_diagnosis_deID_2004_chunk156.txt
ecg_diagnosis_input_1991_chunk41.txt,,,8,ecg_diagnosis_deID_1991_chunk41.txt
ecg_diagnosis_input_2005_chunk79.txt,,,8,ecg_diagnosis_deID_2005_chunk79.txt
ecg_diagnosis_input_2020_chunk380.txt,,,8,ecg_diagnosis_deID_2020_chunk380.txt
ecg_diagnosis_input_2019_chunk78.txt,,,8,ecg_diagnosis_deID_2019_chunk78.txt
ecg_diagnosis_input_2004_chunk142.txt,,,8,ecg_diagnosis_deID_2004_chunk142.txt
ecg_diagnosis_input_2013_chunk399.txt,,,8,ecg_diagnosis_deID_2013_chunk399.txt
ecg_diagnosis_input_1991_chunk55.txt,,,8,ecg_diagnosis_deID_1991_chunk55.txt
ecg_diagnosis_input_2008_chunk11.txt,,,8,ecg_diagnosis_deID_2008_chunk11.txt
ecg_diagnosis_input_2022_chunk238.txt,,,8,ecg_diagnosis_deID_2022_chunk238.txt
ecg_diagnosis_input_2011_chunk221.txt,,,8,ecg_diagnosis_deID_2011_chunk221.txt
ecg_diagnosis_input_2017_chunk420.txt,,,8,ecg_diagnosis_deID_2017_chunk420.txt
ecg_diagnosis_input_2017_chunk346.txt,,,8,ecg_diagnosis_deID_2017_chunk346.txt
ecg_diagnosis_input_2005_chunk227.txt,,,8,ecg_diagnosis_deID_2005_chunk227.txt
ecg_diagnosis_input_2010_chunk144.txt,,,8,ecg_diagnosis_deID_2010_chunk144.txt
ecg_diagnosis_input_2008_chunk308.txt,,,8,ecg_diagnosis_deID_2008_chunk308.txt
ecg_diagnosis_input_2008_chunk320.txt,,,8,ecg_diagnosis_deID_2008_chunk320.txt
ecg_diagnosis_input_2019_chunk50.txt,,,8,ecg_diagnosis_deID_2019_chunk50.txt
ecg_diagnosis_input_2008_chunk39.txt,,,8,ecg_diagnosis_deID_2008_chunk39.txt
ecg_diagnosis_input_2005_chunk45.txt,,,8,ecg_diagnosis_deID_2005_chunk45.txt
ecg_diagnosis_input_2022_chunk210.txt,,,8,ecg_diagnosis_deID_2022_chunk210.txt
ecg_diagnosis_input_2020_chunk73.txt,,,8,ecg_diagnosis_deID_2020_chunk73.txt
ecg_diagnosis_input_2011_chunk209.txt,,,8,ecg_diagnosis_deID_2011_chunk209.txt
ecg_diagnosis_input_2017_chunk408.txt,,,8,ecg_diagnosis_deID_2017_chunk408.txt
ecg_diagnosis_input_2022_chunk204.txt,,,8,ecg_diagnosis_deID_2022_chunk204.txt
ecg_diagnosis_input_2020_chunk67.txt,,,8,ecg_diagnosis_deID_2020_chunk67.txt
ecg_diagnosis_input_2014_chunk38.txt,,,8,ecg_diagnosis_deID_2014_chunk38.txt
ecg_diagnosis_input_2019_chunk44.txt,,,8,ecg_diagnosis_deID_2019_chunk44.txt
ecg_diagnosis_input_2005_chunk51.txt,,,8,ecg_diagnosis_deID_2005_chunk51.txt
ecg_diagnosis_input_1991_chunk69.txt,,,8,ecg_diagnosis_deID_1991_chunk69.txt
ecg_diagnosis_input_2010_chunk178.txt,,,8,ecg_diagnosis_deID_2010_chunk178.txt
ecg_diagnosis_input_2018_chunk306.txt,,,8,ecg_diagnosis_deID_2018_chunk306.txt
ecg_diagnosis_input_2017_chunk391.txt,,,8,ecg_diagnosis_deID_2017_chunk391.txt
ecg_diagnosis_input_2020_chunk431.txt,,,8,ecg_diagnosis_deID_2020_chunk431.txt
ecg_diagnosis_input_2010_chunk193.txt,,,8,ecg_diagnosis_deID_2010_chunk193.txt
ecg_diagnosis_input_2015_chunk229.txt,,,8,ecg_diagnosis_deID_2015_chunk229.txt
ecg_diagnosis_input_1991_chunk9.txt,,,8,ecg_diagnosis_deID_1991_chunk9.txt
ecg_diagnosis_input_2004_chunk195.txt,,,8,ecg_diagnosis_deID_2004_chunk195.txt
ecg_diagnosis_input_1991_chunk82.txt,,,8,ecg_diagnosis_deID_1991_chunk82.txt
ecg_diagnosis_input_2020_chunk357.txt,,,8,ecg_diagnosis_deID_2020_chunk357.txt
ecg_diagnosis_input_2018_chunk460.txt,,,8,ecg_diagnosis_deID_2018_chunk460.txt
ecg_diagnosis_input_2002_chunk75.txt,,,8,ecg_diagnosis_deID_2002_chunk75.txt
ecg_diagnosis_input_1987_chunk24.txt,,,8,ecg_diagnosis_deID_1987_chunk24.txt
ecg_diagnosis_input_2014_chunk158.txt,,,8,ecg_diagnosis_deID_2014_chunk158.txt
ecg_diagnosis_input_2018_chunk474.txt,,,8,ecg_diagnosis_deID_2018_chunk474.txt
ecg_diagnosis_input_2002_chunk61.txt,,,8,ecg_diagnosis_deID_2002_chunk61.txt
ecg_diagnosis_input_1996_chunk59.txt,,,8,ecg_diagnosis_deID_1996_chunk59.txt
ecg_diagnosis_input_1987_chunk30.txt,,,8,ecg_diagnosis_deID_1987_chunk30.txt
ecg_diagnosis_input_2020_chunk98.txt,,,8,ecg_diagnosis_deID_2020_chunk98.txt
ecg_diagnosis_input_2004_chunk181.txt,,,8,ecg_diagnosis_deID_2004_chunk181.txt
ecg_diagnosis_input_1991_chunk96.txt,,,8,ecg_diagnosis_deID_1991_chunk96.txt
ecg_diagnosis_input_2019_chunk8.txt,,,8,ecg_diagnosis_deID_2019_chunk8.txt
ecg_diagnosis_input_2020_chunk343.txt,,,8,ecg_diagnosis_deID_2020_chunk343.txt
ecg_diagnosis_input_2003_chunk2.txt,,,8,ecg_diagnosis_deID_2003_chunk2.txt
ecg_diagnosis_input_2020_chunk425.txt,,,8,ecg_diagnosis_deID_2020_chunk425.txt
ecg_diagnosis_input_2010_chunk187.txt,,,8,ecg_diagnosis_deID_2010_chunk187.txt
ecg_diagnosis_input_2018_chunk312.txt,,,8,ecg_diagnosis_deID_2018_chunk312.txt
ecg_diagnosis_input_2017_chunk385.txt,,,8,ecg_diagnosis_deID_2017_chunk385.txt
ecg_diagnosis_input_2013_chunk414.txt,,,8,ecg_diagnosis_deID_2013_chunk414.txt
ecg_diagnosis_input_2015_chunk215.txt,,,8,ecg_diagnosis_deID_2015_chunk215.txt
ecg_diagnosis_input_2014_chunk170.txt,,,8,ecg_diagnosis_deID_2014_chunk170.txt
ecg_diagnosis_input_1996_chunk71.txt,,,8,ecg_diagnosis_deID_1996_chunk71.txt
ecg_diagnosis_input_2002_chunk49.txt,,,8,ecg_diagnosis_deID_2002_chunk49.txt
ecg_diagnosis_input_2013_chunk20.txt,,,8,ecg_diagnosis_deID_2013_chunk20.txt
ecg_diagnosis_input_1987_chunk18.txt,,,8,ecg_diagnosis_deID_1987_chunk18.txt
ecg_diagnosis_input_2019_chunk93.txt,,,8,ecg_diagnosis_deID_2019_chunk93.txt
ecg_diagnosis_input_2013_chunk372.txt,,,8,ecg_diagnosis_deID_2013_chunk372.txt
ecg_diagnosis_input_2005_chunk86.txt,,,8,ecg_diagnosis_deID_2005_chunk86.txt
ecg_diagnosis_input_2019_chunk87.txt,,,8,ecg_diagnosis_deID_2019_chunk87.txt
ecg_diagnosis_input_2005_chunk92.txt,,,8,ecg_diagnosis_deID_2005_chunk92.txt
ecg_diagnosis_input_2013_chunk366.txt,,,8,ecg_diagnosis_deID_2013_chunk366.txt
ecg_diagnosis_input_2014_chunk164.txt,,,8,ecg_diagnosis_deID_2014_chunk164.txt
ecg_diagnosis_input_1996_chunk65.txt,,,8,ecg_diagnosis_deID_1996_chunk65.txt
ecg_diagnosis_input_2018_chunk448.txt,,,8,ecg_diagnosis_deID_2018_chunk448.txt
ecg_diagnosis_input_2013_chunk34.txt,,,8,ecg_diagnosis_deID_2013_chunk34.txt
ecg_diagnosis_input_2000_chunk162.txt,,,8,ecg_diagnosis_deID_2000_chunk162.txt
ecg_diagnosis_input_2020_chunk419.txt,,,8,ecg_diagnosis_deID_2020_chunk419.txt
ecg_diagnosis_input_2013_chunk400.txt,,,8,ecg_diagnosis_deID_2013_chunk400.txt
ecg_diagnosis_input_2015_chunk201.txt,,,8,ecg_diagnosis_deID_2015_chunk201.txt
ecg_diagnosis_input_2008_chunk268.txt,,,8,ecg_diagnosis_deID_2008_chunk268.txt
ecg_diagnosis_input_2002_chunk145.txt,,,8,ecg_diagnosis_deID_2002_chunk145.txt
ecg_diagnosis_input_2021_chunk185.txt,,,8,ecg_diagnosis_deID_2021_chunk185.txt
ecg_diagnosis_input_2017_chunk226.txt,,,8,ecg_diagnosis_deID_2017_chunk226.txt
ecg_diagnosis_input_1993_chunk74.txt,,,8,ecg_diagnosis_deID_1993_chunk74.txt
ecg_diagnosis_input_2003_chunk220.txt,,,8,ecg_diagnosis_deID_2003_chunk220.txt
ecg_diagnosis_input_2016_chunk25.txt,,,8,ecg_diagnosis_deID_2016_chunk25.txt
ecg_diagnosis_input_2011_chunk341.txt,,,8,ecg_diagnosis_deID_2011_chunk341.txt
ecg_diagnosis_input_2022_chunk358.txt,,,8,ecg_diagnosis_deID_2022_chunk358.txt
ecg_diagnosis_input_1996_chunk147.txt,,,8,ecg_diagnosis_deID_1996_chunk147.txt
ecg_diagnosis_input_2016_chunk143.txt,,,8,ecg_diagnosis_deID_2016_chunk143.txt
ecg_diagnosis_input_2000_chunk83.txt,,,8,ecg_diagnosis_deID_2000_chunk83.txt
ecg_diagnosis_input_2016_chunk157.txt,,,8,ecg_diagnosis_deID_2016_chunk157.txt
ecg_diagnosis_input_2000_chunk97.txt,,,8,ecg_diagnosis_deID_2000_chunk97.txt
ecg_diagnosis_input_2007_chunk58.txt,,,8,ecg_diagnosis_deID_2007_chunk58.txt
ecg_diagnosis_input_1993_chunk60.txt,,,8,ecg_diagnosis_deID_1993_chunk60.txt
ecg_diagnosis_input_2011_chunk355.txt,,,8,ecg_diagnosis_deID_2011_chunk355.txt
ecg_diagnosis_input_2016_chunk31.txt,,,8,ecg_diagnosis_deID_2016_chunk31.txt
ecg_diagnosis_input_2009_chunk119.txt,,,8,ecg_diagnosis_deID_2009_chunk119.txt
ecg_diagnosis_input_2021_chunk191.txt,,,8,ecg_diagnosis_deID_2021_chunk191.txt
ecg_diagnosis_input_2017_chunk232.txt,,,8,ecg_diagnosis_deID_2017_chunk232.txt
ecg_diagnosis_input_2012_chunk188.txt,,,8,ecg_diagnosis_deID_2012_chunk188.txt
ecg_diagnosis_input_2002_chunk151.txt,,,8,ecg_diagnosis_deID_2002_chunk151.txt
ecg_diagnosis_input_2008_chunk254.txt,,,8,ecg_diagnosis_deID_2008_chunk254.txt
ecg_diagnosis_input_2002_chunk179.txt,,,8,ecg_diagnosis_deID_2002_chunk179.txt
ecg_diagnosis_input_2022_chunk46.txt,,,8,ecg_diagnosis_deID_2022_chunk46.txt
ecg_diagnosis_input_1994_chunk87.txt,,,8,ecg_diagnosis_deID_1994_chunk87.txt
ecg_diagnosis_input_1993_chunk48.txt,,,8,ecg_diagnosis_deID_1993_chunk48.txt
ecg_diagnosis_input_2007_chunk70.txt,,,8,ecg_diagnosis_deID_2007_chunk70.txt
ecg_diagnosis_input_2016_chunk19.txt,,,8,ecg_diagnosis_deID_2016_chunk19.txt
ecg_diagnosis_input_1982_chunk21.txt,,,8,ecg_diagnosis_deID_1982_chunk21.txt
ecg_diagnosis_input_2009_chunk131.txt,,,8,ecg_diagnosis_deID_2009_chunk131.txt
ecg_diagnosis_input_2022_chunk364.txt,,,8,ecg_diagnosis_deID_2022_chunk364.txt
ecg_diagnosis_input_2007_chunk64.txt,,,8,ecg_diagnosis_deID_2007_chunk64.txt
ecg_diagnosis_input_2003_chunk208.txt,,,8,ecg_diagnosis_deID_2003_chunk208.txt
ecg_diagnosis_input_1982_chunk35.txt,,,8,ecg_diagnosis_deID_1982_chunk35.txt
ecg_diagnosis_input_2011_chunk369.txt,,,8,ecg_diagnosis_deID_2011_chunk369.txt
ecg_diagnosis_input_2009_chunk125.txt,,,8,ecg_diagnosis_deID_2009_chunk125.txt
ecg_diagnosis_input_2022_chunk370.txt,,,8,ecg_diagnosis_deID_2022_chunk370.txt
ecg_diagnosis_input_2022_chunk52.txt,,,8,ecg_diagnosis_deID_2022_chunk52.txt
ecg_diagnosis_input_1988_chunk86.txt,,,8,ecg_diagnosis_deID_1988_chunk86.txt
ecg_diagnosis_input_1994_chunk93.txt,,,8,ecg_diagnosis_deID_1994_chunk93.txt
ecg_diagnosis_input_2008_chunk240.txt,,,8,ecg_diagnosis_deID_2008_chunk240.txt
ecg_diagnosis_input_2018_chunk299.txt,,,8,ecg_diagnosis_deID_2018_chunk299.txt
ecg_diagnosis_input_2018_chunk272.txt,,,8,ecg_diagnosis_deID_2018_chunk272.txt
ecg_diagnosis_input_2021_chunk146.txt,,,8,ecg_diagnosis_deID_2021_chunk146.txt
ecg_diagnosis_input_2002_chunk186.txt,,,8,ecg_diagnosis_deID_2002_chunk186.txt
ecg_diagnosis_input_2020_chunk545.txt,,,8,ecg_diagnosis_deID_2020_chunk545.txt
ecg_diagnosis_input_2020_chunk223.txt,,,8,ecg_diagnosis_deID_2020_chunk223.txt
ecg_diagnosis_input_2011_chunk29.txt,,,8,ecg_diagnosis_deID_2011_chunk29.txt
ecg_diagnosis_input_1985_chunk11.txt,,,8,ecg_diagnosis_deID_1985_chunk11.txt
ecg_diagnosis_input_1994_chunk78.txt,,,8,ecg_diagnosis_deID_1994_chunk78.txt
ecg_diagnosis_input_2000_chunk40.txt,,,8,ecg_diagnosis_deID_2000_chunk40.txt
ecg_diagnosis_input_2019_chunk117.txt,,,8,ecg_diagnosis_deID_2019_chunk117.txt
ecg_diagnosis_input_2005_chunk9.txt,,,8,ecg_diagnosis_deID_2005_chunk9.txt
ecg_diagnosis_input_2016_chunk180.txt,,,8,ecg_diagnosis_deID_2016_chunk180.txt
ecg_diagnosis_input_2021_chunk620.txt,,,8,ecg_diagnosis_deID_2021_chunk620.txt
ecg_diagnosis_input_2018_chunk514.txt,,,8,ecg_diagnosis_deID_2018_chunk514.txt
ecg_diagnosis_input_1999_chunk113.txt,,,8,ecg_diagnosis_deID_1999_chunk113.txt
ecg_diagnosis_input_2006_chunk159.txt,,,8,ecg_diagnosis_deID_2006_chunk159.txt
ecg_diagnosis_input_2011_chunk382.txt,,,8,ecg_diagnosis_deID_2011_chunk382.txt
ecg_diagnosis_input_2021_chunk634.txt,,,8,ecg_diagnosis_deID_2021_chunk634.txt
ecg_diagnosis_input_2018_chunk500.txt,,,8,ecg_diagnosis_deID_2018_chunk500.txt
ecg_diagnosis_input_1999_chunk107.txt,,,8,ecg_diagnosis_deID_1999_chunk107.txt
ecg_diagnosis_input_2020_chunk237.txt,,,8,ecg_diagnosis_deID_2020_chunk237.txt
ecg_diagnosis_input_1988_chunk79.txt,,,8,ecg_diagnosis_deID_1988_chunk79.txt
ecg_diagnosis_input_2000_chunk54.txt,,,8,ecg_diagnosis_deID_2000_chunk54.txt
ecg_diagnosis_input_2019_chunk103.txt,,,8,ecg_diagnosis_deID_2019_chunk103.txt
ecg_diagnosis_input_1999_chunk10.txt,,,8,ecg_diagnosis_deID_1999_chunk10.txt
ecg_diagnosis_input_2016_chunk194.txt,,,8,ecg_diagnosis_deID_2016_chunk194.txt
ecg_diagnosis_input_2015_chunk349.txt,,,8,ecg_diagnosis_deID_2015_chunk349.txt
ecg_diagnosis_input_2007_chunk228.txt,,,8,ecg_diagnosis_deID_2007_chunk228.txt
ecg_diagnosis_input_1997_chunk2.txt,,,8,ecg_diagnosis_deID_1997_chunk2.txt
ecg_diagnosis_input_2020_chunk551.txt,,,8,ecg_diagnosis_deID_2020_chunk551.txt
ecg_diagnosis_input_2018_chunk266.txt,,,8,ecg_diagnosis_deID_2018_chunk266.txt
ecg_diagnosis_input_2021_chunk152.txt,,,8,ecg_diagnosis_deID_2021_chunk152.txt
ecg_diagnosis_input_2015_chunk361.txt,,,8,ecg_diagnosis_deID_2015_chunk361.txt
ecg_diagnosis_input_2007_chunk200.txt,,,8,ecg_diagnosis_deID_2007_chunk200.txt
ecg_diagnosis_input_2008_chunk297.txt,,,8,ecg_diagnosis_deID_2008_chunk297.txt
ecg_diagnosis_input_2020_chunk579.txt,,,8,ecg_diagnosis_deID_2020_chunk579.txt
ecg_diagnosis_input_2012_chunk163.txt,,,8,ecg_diagnosis_deID_2012_chunk163.txt
ecg_diagnosis_input_2006_chunk165.txt,,,8,ecg_diagnosis_deID_2006_chunk165.txt
ecg_diagnosis_input_2022_chunk85.txt,,,8,ecg_diagnosis_deID_2022_chunk85.txt
ecg_diagnosis_input_2011_chunk15.txt,,,8,ecg_diagnosis_deID_2011_chunk15.txt
ecg_diagnosis_input_1988_chunk51.txt,,,8,ecg_diagnosis_deID_1988_chunk51.txt
ecg_diagnosis_input_1999_chunk38.txt,,,8,ecg_diagnosis_deID_1999_chunk38.txt
ecg_diagnosis_input_1994_chunk44.txt,,,8,ecg_diagnosis_deID_1994_chunk44.txt
ecg_diagnosis_input_2013_chunk206.txt,,,8,ecg_diagnosis_deID_2013_chunk206.txt
ecg_diagnosis_input_2015_chunk407.txt,,,8,ecg_diagnosis_deID_2015_chunk407.txt
ecg_diagnosis_input_1985_chunk39.txt,,,8,ecg_diagnosis_deID_1985_chunk39.txt
ecg_diagnosis_input_2022_chunk91.txt,,,8,ecg_diagnosis_deID_2022_chunk91.txt
ecg_diagnosis_input_1988_chunk45.txt,,,8,ecg_diagnosis_deID_1988_chunk45.txt
ecg_diagnosis_input_2000_chunk68.txt,,,8,ecg_diagnosis_deID_2000_chunk68.txt
ecg_diagnosis_input_1994_chunk50.txt,,,8,ecg_diagnosis_deID_1994_chunk50.txt
ecg_diagnosis_input_2013_chunk212.txt,,,8,ecg_diagnosis_deID_2013_chunk212.txt
ecg_diagnosis_input_2015_chunk413.txt,,,8,ecg_diagnosis_deID_2015_chunk413.txt
ecg_diagnosis_input_2021_chunk608.txt,,,8,ecg_diagnosis_deID_2021_chunk608.txt
ecg_diagnosis_input_2006_chunk171.txt,,,8,ecg_diagnosis_deID_2006_chunk171.txt
ecg_diagnosis_input_2012_chunk177.txt,,,8,ecg_diagnosis_deID_2012_chunk177.txt
ecg_diagnosis_input_2015_chunk375.txt,,,8,ecg_diagnosis_deID_2015_chunk375.txt
ecg_diagnosis_input_2007_chunk214.txt,,,8,ecg_diagnosis_deID_2007_chunk214.txt
ecg_diagnosis_input_2008_chunk283.txt,,,8,ecg_diagnosis_deID_2008_chunk283.txt
ecg_diagnosis_input_2004_chunk220.txt,,,8,ecg_diagnosis_deID_2004_chunk220.txt
ecg_diagnosis_input_2016_chunk341.txt,,,8,ecg_diagnosis_deID_2016_chunk341.txt
ecg_diagnosis_input_2011_chunk143.txt,,,8,ecg_diagnosis_deID_2011_chunk143.txt
ecg_diagnosis_input_2018_chunk16.txt,,,8,ecg_diagnosis_deID_2018_chunk16.txt
ecg_diagnosis_input_2005_chunk145.txt,,,8,ecg_diagnosis_deID_2005_chunk145.txt
ecg_diagnosis_input_2021_chunk387.txt,,,8,ecg_diagnosis_deID_2021_chunk387.txt
ecg_diagnosis_input_2016_chunk427.txt,,,8,ecg_diagnosis_deID_2016_chunk427.txt
ecg_diagnosis_input_2010_chunk226.txt,,,8,ecg_diagnosis_deID_2010_chunk226.txt
ecg_diagnosis_input_2021_chunk35.txt,,,8,ecg_diagnosis_deID_2021_chunk35.txt
ecg_diagnosis_input_2016_chunk433.txt,,,8,ecg_diagnosis_deID_2016_chunk433.txt
ecg_diagnosis_input_2017_chunk5.txt,,,8,ecg_diagnosis_deID_2017_chunk5.txt
ecg_diagnosis_input_2015_chunk188.txt,,,8,ecg_diagnosis_deID_2015_chunk188.txt
ecg_diagnosis_input_2010_chunk232.txt,,,8,ecg_diagnosis_deID_2010_chunk232.txt
ecg_diagnosis_input_2021_chunk21.txt,,,8,ecg_diagnosis_deID_2021_chunk21.txt
ecg_diagnosis_input_2004_chunk17.txt,,,8,ecg_diagnosis_deID_2004_chunk17.txt
ecg_diagnosis_input_2005_chunk151.txt,,,8,ecg_diagnosis_deID_2005_chunk151.txt
ecg_diagnosis_input_2021_chunk393.txt,,,8,ecg_diagnosis_deID_2021_chunk393.txt
ecg_diagnosis_input_2006_chunk7.txt,,,8,ecg_diagnosis_deID_2006_chunk7.txt
ecg_diagnosis_input_2011_chunk157.txt,,,8,ecg_diagnosis_deID_2011_chunk157.txt
ecg_diagnosis_input_2004_chunk234.txt,,,8,ecg_diagnosis_deID_2004_chunk234.txt
ecg_diagnosis_input_2016_chunk355.txt,,,8,ecg_diagnosis_deID_2016_chunk355.txt
ecg_diagnosis_input_2022_chunk166.txt,,,8,ecg_diagnosis_deID_2022_chunk166.txt
ecg_diagnosis_input_2009_chunk333.txt,,,8,ecg_diagnosis_deID_2009_chunk333.txt
ecg_diagnosis_input_2020_chunk5.txt,,,8,ecg_diagnosis_deID_2020_chunk5.txt
ecg_diagnosis_input_2012_chunk99.txt,,,8,ecg_diagnosis_deID_2012_chunk99.txt
ecg_diagnosis_input_2015_chunk56.txt,,,8,ecg_diagnosis_deID_2015_chunk56.txt
ecg_diagnosis_input_2009_chunk43.txt,,,8,ecg_diagnosis_deID_2009_chunk43.txt
ecg_diagnosis_input_2005_chunk179.txt,,,8,ecg_diagnosis_deID_2005_chunk179.txt
ecg_diagnosis_input_2015_chunk42.txt,,,8,ecg_diagnosis_deID_2015_chunk42.txt
ecg_diagnosis_input_2009_chunk57.txt,,,8,ecg_diagnosis_deID_2009_chunk57.txt
ecg_diagnosis_input_1990_chunk13.txt,,,8,ecg_diagnosis_deID_1990_chunk13.txt
ecg_diagnosis_input_2019_chunk498.txt,,,8,ecg_diagnosis_deID_2019_chunk498.txt
ecg_diagnosis_input_2004_chunk208.txt,,,8,ecg_diagnosis_deID_2004_chunk208.txt
ecg_diagnosis_input_2016_chunk369.txt,,,8,ecg_diagnosis_deID_2016_chunk369.txt
ecg_diagnosis_input_2022_chunk172.txt,,,8,ecg_diagnosis_deID_2022_chunk172.txt
ecg_diagnosis_input_2009_chunk327.txt,,,8,ecg_diagnosis_deID_2009_chunk327.txt
ecg_diagnosis_input_2011_chunk180.txt,,,8,ecg_diagnosis_deID_2011_chunk180.txt
ecg_diagnosis_input_2022_chunk199.txt,,,8,ecg_diagnosis_deID_2022_chunk199.txt
ecg_diagnosis_input_2021_chunk422.txt,,,8,ecg_diagnosis_deID_2021_chunk422.txt
ecg_diagnosis_input_2001_chunk159.txt,,,8,ecg_diagnosis_deID_2001_chunk159.txt
ecg_diagnosis_input_2016_chunk382.txt,,,8,ecg_diagnosis_deID_2016_chunk382.txt
ecg_diagnosis_input_2019_chunk315.txt,,,8,ecg_diagnosis_deID_2019_chunk315.txt
ecg_diagnosis_input_1997_chunk37.txt,,,8,ecg_diagnosis_deID_1997_chunk37.txt
ecg_diagnosis_input_2012_chunk66.txt,,,8,ecg_diagnosis_deID_2012_chunk66.txt
ecg_diagnosis_input_2019_chunk473.txt,,,8,ecg_diagnosis_deID_2019_chunk473.txt
ecg_diagnosis_input_2021_chunk344.txt,,,8,ecg_diagnosis_deID_2021_chunk344.txt
ecg_diagnosis_input_2005_chunk186.txt,,,8,ecg_diagnosis_deID_2005_chunk186.txt
ecg_diagnosis_input_2021_chunk350.txt,,,8,ecg_diagnosis_deID_2021_chunk350.txt
ecg_diagnosis_input_2012_chunk349.txt,,,8,ecg_diagnosis_deID_2012_chunk349.txt
ecg_diagnosis_input_2005_chunk192.txt,,,8,ecg_diagnosis_deID_2005_chunk192.txt
ecg_diagnosis_input_1997_chunk23.txt,,,8,ecg_diagnosis_deID_1997_chunk23.txt
ecg_diagnosis_input_2012_chunk72.txt,,,8,ecg_diagnosis_deID_2012_chunk72.txt
ecg_diagnosis_input_2019_chunk467.txt,,,8,ecg_diagnosis_deID_2019_chunk467.txt
ecg_diagnosis_input_2016_chunk396.txt,,,8,ecg_diagnosis_deID_2016_chunk396.txt
ecg_diagnosis_input_2019_chunk301.txt,,,8,ecg_diagnosis_deID_2019_chunk301.txt
ecg_diagnosis_input_2011_chunk194.txt,,,8,ecg_diagnosis_deID_2011_chunk194.txt
ecg_diagnosis_input_2021_chunk436.txt,,,8,ecg_diagnosis_deID_2021_chunk436.txt
ecg_diagnosis_input_2019_chunk329.txt,,,8,ecg_diagnosis_deID_2019_chunk329.txt
ecg_diagnosis_input_2014_chunk206.txt,,,8,ecg_diagnosis_deID_2014_chunk206.txt
ecg_diagnosis_input_2012_chunk407.txt,,,8,ecg_diagnosis_deID_2012_chunk407.txt
ecg_diagnosis_input_2021_chunk378.txt,,,8,ecg_diagnosis_deID_2021_chunk378.txt
ecg_diagnosis_input_2015_chunk95.txt,,,8,ecg_diagnosis_deID_2015_chunk95.txt
ecg_diagnosis_input_2012_chunk361.txt,,,8,ecg_diagnosis_deID_2012_chunk361.txt
ecg_diagnosis_input_2009_chunk80.txt,,,8,ecg_diagnosis_deID_2009_chunk80.txt
ecg_diagnosis_input_2003_chunk33.txt,,,8,ecg_diagnosis_deID_2003_chunk33.txt
ecg_diagnosis_input_1986_chunk62.txt,,,8,ecg_diagnosis_deID_1986_chunk62.txt
ecg_diagnosis_input_2015_chunk163.txt,,,8,ecg_diagnosis_deID_2015_chunk163.txt
ecg_diagnosis_input_2003_chunk27.txt,,,8,ecg_diagnosis_deID_2003_chunk27.txt
ecg_diagnosis_input_2015_chunk177.txt,,,8,ecg_diagnosis_deID_2015_chunk177.txt
ecg_diagnosis_input_2012_chunk375.txt,,,8,ecg_diagnosis_deID_2012_chunk375.txt
ecg_diagnosis_input_2015_chunk81.txt,,,8,ecg_diagnosis_deID_2015_chunk81.txt
ecg_diagnosis_input_2009_chunk94.txt,,,8,ecg_diagnosis_deID_2009_chunk94.txt
ecg_diagnosis_input_2014_chunk212.txt,,,8,ecg_diagnosis_deID_2014_chunk212.txt
ecg_diagnosis_input_2012_chunk413.txt,,,8,ecg_diagnosis_deID_2012_chunk413.txt
ecg_diagnosis_input_1995_chunk128.txt,,,8,ecg_diagnosis_deID_1995_chunk128.txt
ecg_diagnosis_input_2021_chunk337.txt,,,8,ecg_diagnosis_deID_2021_chunk337.txt
ecg_diagnosis_input_2010_chunk296.txt,,,8,ecg_diagnosis_deID_2010_chunk296.txt
ecg_diagnosis_input_1997_chunk44.txt,,,8,ecg_diagnosis_deID_1997_chunk44.txt
ecg_diagnosis_input_2021_chunk85.txt,,,8,ecg_diagnosis_deID_2021_chunk85.txt
ecg_diagnosis_input_2012_chunk15.txt,,,8,ecg_diagnosis_deID_2012_chunk15.txt
ecg_diagnosis_input_2019_chunk400.txt,,,8,ecg_diagnosis_deID_2019_chunk400.txt
ecg_diagnosis_input_2019_chunk366.txt,,,8,ecg_diagnosis_deID_2019_chunk366.txt
ecg_diagnosis_input_1990_chunk2.txt,,,8,ecg_diagnosis_deID_1990_chunk2.txt
ecg_diagnosis_input_2021_chunk451.txt,,,8,ecg_diagnosis_deID_2021_chunk451.txt
ecg_diagnosis_input_2014_chunk249.txt,,,8,ecg_diagnosis_deID_2014_chunk249.txt
ecg_diagnosis_input_2021_chunk445.txt,,,8,ecg_diagnosis_deID_2021_chunk445.txt
ecg_diagnosis_input_2019_chunk372.txt,,,8,ecg_diagnosis_deID_2019_chunk372.txt
ecg_diagnosis_input_2002_chunk9.txt,,,8,ecg_diagnosis_deID_2002_chunk9.txt
ecg_diagnosis_input_2015_chunk138.txt,,,8,ecg_diagnosis_deID_2015_chunk138.txt
ecg_diagnosis_input_2010_chunk282.txt,,,8,ecg_diagnosis_deID_2010_chunk282.txt
ecg_diagnosis_input_2003_chunk68.txt,,,8,ecg_diagnosis_deID_2003_chunk68.txt
ecg_diagnosis_input_1997_chunk50.txt,,,8,ecg_diagnosis_deID_1997_chunk50.txt
ecg_diagnosis_input_1986_chunk39.txt,,,8,ecg_diagnosis_deID_1986_chunk39.txt
ecg_diagnosis_input_2021_chunk91.txt,,,8,ecg_diagnosis_deID_2021_chunk91.txt
ecg_diagnosis_input_2019_chunk414.txt,,,8,ecg_diagnosis_deID_2019_chunk414.txt
ecg_diagnosis_input_2018_chunk3.txt,,,8,ecg_diagnosis_deID_2018_chunk3.txt
ecg_diagnosis_input_2009_chunk1.txt,,,8,ecg_diagnosis_deID_2009_chunk1.txt
ecg_diagnosis_input_2021_chunk323.txt,,,8,ecg_diagnosis_deID_2021_chunk323.txt
ecg_diagnosis_input_2015_chunk110.txt,,,8,ecg_diagnosis_deID_2015_chunk110.txt
ecg_diagnosis_input_1997_chunk78.txt,,,8,ecg_diagnosis_deID_1997_chunk78.txt
ecg_diagnosis_input_2003_chunk40.txt,,,8,ecg_diagnosis_deID_2003_chunk40.txt
ecg_diagnosis_input_2012_chunk29.txt,,,8,ecg_diagnosis_deID_2012_chunk29.txt
ecg_diagnosis_input_1986_chunk11.txt,,,8,ecg_diagnosis_deID_1986_chunk11.txt
ecg_diagnosis_input_2012_chunk312.txt,,,8,ecg_diagnosis_deID_2012_chunk312.txt
ecg_diagnosis_input_1995_chunk114.txt,,,8,ecg_diagnosis_deID_1995_chunk114.txt
ecg_diagnosis_input_2014_chunk275.txt,,,8,ecg_diagnosis_deID_2014_chunk275.txt
ecg_diagnosis_input_2001_chunk116.txt,,,8,ecg_diagnosis_deID_2001_chunk116.txt
ecg_diagnosis_input_2001_chunk102.txt,,,8,ecg_diagnosis_deID_2001_chunk102.txt
ecg_diagnosis_input_2021_chunk479.txt,,,8,ecg_diagnosis_deID_2021_chunk479.txt
ecg_diagnosis_input_2014_chunk261.txt,,,8,ecg_diagnosis_deID_2014_chunk261.txt
ecg_diagnosis_input_2006_chunk300.txt,,,8,ecg_diagnosis_deID_2006_chunk300.txt
ecg_diagnosis_input_2012_chunk306.txt,,,8,ecg_diagnosis_deID_2012_chunk306.txt
ecg_diagnosis_input_1995_chunk100.txt,,,8,ecg_diagnosis_deID_1995_chunk100.txt
ecg_diagnosis_input_2015_chunk104.txt,,,8,ecg_diagnosis_deID_2015_chunk104.txt
ecg_diagnosis_input_2003_chunk54.txt,,,8,ecg_diagnosis_deID_2003_chunk54.txt
ecg_diagnosis_input_2019_chunk428.txt,,,8,ecg_diagnosis_deID_2019_chunk428.txt
ecg_diagnosis_input_1997_chunk87.txt,,,8,ecg_diagnosis_deID_1997_chunk87.txt
ecg_diagnosis_input_2021_chunk46.txt,,,8,ecg_diagnosis_deID_2021_chunk46.txt
ecg_diagnosis_input_2016_chunk454.txt,,,8,ecg_diagnosis_deID_2016_chunk454.txt
ecg_diagnosis_input_2010_chunk255.txt,,,8,ecg_diagnosis_deID_2010_chunk255.txt
ecg_diagnosis_input_2018_chunk65.txt,,,8,ecg_diagnosis_deID_2018_chunk65.txt
ecg_diagnosis_input_2015_chunk19.txt,,,8,ecg_diagnosis_deID_2015_chunk19.txt
ecg_diagnosis_input_1990_chunk48.txt,,,8,ecg_diagnosis_deID_1990_chunk48.txt
ecg_diagnosis_input_2004_chunk70.txt,,,8,ecg_diagnosis_deID_2004_chunk70.txt
ecg_diagnosis_input_2005_chunk136.txt,,,8,ecg_diagnosis_deID_2005_chunk136.txt
ecg_diagnosis_input_2011_chunk130.txt,,,8,ecg_diagnosis_deID_2011_chunk130.txt
ecg_diagnosis_input_2022_chunk129.txt,,,8,ecg_diagnosis_deID_2022_chunk129.txt
ecg_diagnosis_input_2021_chunk492.txt,,,8,ecg_diagnosis_deID_2021_chunk492.txt
ecg_diagnosis_input_2004_chunk253.txt,,,8,ecg_diagnosis_deID_2004_chunk253.txt
ecg_diagnosis_input_2016_chunk332.txt,,,8,ecg_diagnosis_deID_2016_chunk332.txt
ecg_diagnosis_input_2004_chunk247.txt,,,8,ecg_diagnosis_deID_2004_chunk247.txt
ecg_diagnosis_input_2016_chunk326.txt,,,8,ecg_diagnosis_deID_2016_chunk326.txt
ecg_diagnosis_input_2011_chunk124.txt,,,8,ecg_diagnosis_deID_2011_chunk124.txt
ecg_diagnosis_input_2021_chunk486.txt,,,8,ecg_diagnosis_deID_2021_chunk486.txt
ecg_diagnosis_input_2018_chunk71.txt,,,8,ecg_diagnosis_deID_2018_chunk71.txt
ecg_diagnosis_input_2005_chunk122.txt,,,8,ecg_diagnosis_deID_2005_chunk122.txt
ecg_diagnosis_input_2004_chunk64.txt,,,8,ecg_diagnosis_deID_2004_chunk64.txt
ecg_diagnosis_input_2009_chunk18.txt,,,8,ecg_diagnosis_deID_2009_chunk18.txt
ecg_diagnosis_input_1997_chunk93.txt,,,8,ecg_diagnosis_deID_1997_chunk93.txt
ecg_diagnosis_input_2021_chunk52.txt,,,8,ecg_diagnosis_deID_2021_chunk52.txt
ecg_diagnosis_input_2016_chunk440.txt,,,8,ecg_diagnosis_deID_2016_chunk440.txt
ecg_diagnosis_input_2010_chunk241.txt,,,8,ecg_diagnosis_deID_2010_chunk241.txt
ecg_diagnosis_input_2015_chunk25.txt,,,8,ecg_diagnosis_deID_2015_chunk25.txt
ecg_diagnosis_input_2018_chunk59.txt,,,8,ecg_diagnosis_deID_2018_chunk59.txt
ecg_diagnosis_input_2009_chunk30.txt,,,8,ecg_diagnosis_deID_2009_chunk30.txt
ecg_diagnosis_input_1990_chunk74.txt,,,8,ecg_diagnosis_deID_1990_chunk74.txt
ecg_diagnosis_input_2003_chunk83.txt,,,8,ecg_diagnosis_deID_2003_chunk83.txt
ecg_diagnosis_input_2010_chunk269.txt,,,8,ecg_diagnosis_deID_2010_chunk269.txt
ecg_diagnosis_input_2019_chunk399.txt,,,8,ecg_diagnosis_deID_2019_chunk399.txt
ecg_diagnosis_input_1991_chunk108.txt,,,8,ecg_diagnosis_deID_1991_chunk108.txt
ecg_diagnosis_input_2022_chunk115.txt,,,8,ecg_diagnosis_deID_2022_chunk115.txt
ecg_diagnosis_input_2009_chunk340.txt,,,8,ecg_diagnosis_deID_2009_chunk340.txt
ecg_diagnosis_input_2011_chunk118.txt,,,8,ecg_diagnosis_deID_2011_chunk118.txt
ecg_diagnosis_input_2022_chunk101.txt,,,8,ecg_diagnosis_deID_2022_chunk101.txt
ecg_diagnosis_input_2009_chunk354.txt,,,8,ecg_diagnosis_deID_2009_chunk354.txt
ecg_diagnosis_input_2003_chunk97.txt,,,8,ecg_diagnosis_deID_2003_chunk97.txt
ecg_diagnosis_input_2015_chunk31.txt,,,8,ecg_diagnosis_deID_2015_chunk31.txt
ecg_diagnosis_input_2009_chunk24.txt,,,8,ecg_diagnosis_deID_2009_chunk24.txt
ecg_diagnosis_input_2004_chunk58.txt,,,8,ecg_diagnosis_deID_2004_chunk58.txt
ecg_diagnosis_input_1990_chunk60.txt,,,8,ecg_diagnosis_deID_1990_chunk60.txt
ecg_diagnosis_input_1999_chunk160.txt,,,8,ecg_diagnosis_deID_1999_chunk160.txt
ecg_diagnosis_input_2016_chunk95.txt,,,8,ecg_diagnosis_deID_2016_chunk95.txt
ecg_diagnosis_input_2021_chunk653.txt,,,8,ecg_diagnosis_deID_2021_chunk653.txt
ecg_diagnosis_input_2013_chunk249.txt,,,8,ecg_diagnosis_deID_2013_chunk249.txt
ecg_diagnosis_input_2020_chunk250.txt,,,8,ecg_diagnosis_deID_2020_chunk250.txt
ecg_diagnosis_input_2019_chunk164.txt,,,8,ecg_diagnosis_deID_2019_chunk164.txt
ecg_diagnosis_input_2000_chunk33.txt,,,8,ecg_diagnosis_deID_2000_chunk33.txt
ecg_diagnosis_input_1999_chunk77.txt,,,8,ecg_diagnosis_deID_1999_chunk77.txt
ecg_diagnosis_input_2020_chunk536.txt,,,8,ecg_diagnosis_deID_2020_chunk536.txt
ecg_diagnosis_input_2018_chunk201.txt,,,8,ecg_diagnosis_deID_2018_chunk201.txt
ecg_diagnosis_input_2021_chunk135.txt,,,8,ecg_diagnosis_deID_2021_chunk135.txt
ecg_diagnosis_input_2017_chunk296.txt,,,8,ecg_diagnosis_deID_2017_chunk296.txt
ecg_diagnosis_input_2018_chunk215.txt,,,8,ecg_diagnosis_deID_2018_chunk215.txt
ecg_diagnosis_input_2021_chunk121.txt,,,8,ecg_diagnosis_deID_2021_chunk121.txt
ecg_diagnosis_input_2017_chunk282.txt,,,8,ecg_diagnosis_deID_2017_chunk282.txt
ecg_diagnosis_input_2012_chunk138.txt,,,8,ecg_diagnosis_deID_2012_chunk138.txt
ecg_diagnosis_input_2020_chunk522.txt,,,8,ecg_diagnosis_deID_2020_chunk522.txt
ecg_diagnosis_input_2020_chunk244.txt,,,8,ecg_diagnosis_deID_2020_chunk244.txt
ecg_diagnosis_input_2019_chunk170.txt,,,8,ecg_diagnosis_deID_2019_chunk170.txt
ecg_diagnosis_input_2000_chunk27.txt,,,8,ecg_diagnosis_deID_2000_chunk27.txt
ecg_diagnosis_input_1999_chunk63.txt,,,8,ecg_diagnosis_deID_1999_chunk63.txt
ecg_diagnosis_input_2016_chunk81.txt,,,8,ecg_diagnosis_deID_2016_chunk81.txt
ecg_diagnosis_input_2021_chunk647.txt,,,8,ecg_diagnosis_deID_2021_chunk647.txt
ecg_diagnosis_input_2013_chunk275.txt,,,8,ecg_diagnosis_deID_2013_chunk275.txt
ecg_diagnosis_input_2011_chunk66.txt,,,8,ecg_diagnosis_deID_2011_chunk66.txt
ecg_diagnosis_input_1988_chunk22.txt,,,8,ecg_diagnosis_deID_1988_chunk22.txt
ecg_diagnosis_input_2019_chunk158.txt,,,8,ecg_diagnosis_deID_2019_chunk158.txt
ecg_diagnosis_input_1994_chunk37.txt,,,8,ecg_diagnosis_deID_1994_chunk37.txt
ecg_diagnosis_input_2006_chunk116.txt,,,8,ecg_diagnosis_deID_2006_chunk116.txt
ecg_diagnosis_input_2009_chunk181.txt,,,8,ecg_diagnosis_deID_2009_chunk181.txt
ecg_diagnosis_input_2021_chunk109.txt,,,8,ecg_diagnosis_deID_2021_chunk109.txt
ecg_diagnosis_input_2012_chunk110.txt,,,8,ecg_diagnosis_deID_2012_chunk110.txt
ecg_diagnosis_input_2015_chunk312.txt,,,8,ecg_diagnosis_deID_2015_chunk312.txt
ecg_diagnosis_input_2007_chunk273.txt,,,8,ecg_diagnosis_deID_2007_chunk273.txt
ecg_diagnosis_input_1992_chunk100.txt,,,8,ecg_diagnosis_deID_1992_chunk100.txt
ecg_diagnosis_input_2015_chunk306.txt,,,8,ecg_diagnosis_deID_2015_chunk306.txt
ecg_diagnosis_input_2007_chunk267.txt,,,8,ecg_diagnosis_deID_2007_chunk267.txt
ecg_diagnosis_input_2018_chunk229.txt,,,8,ecg_diagnosis_deID_2018_chunk229.txt
ecg_diagnosis_input_2012_chunk104.txt,,,8,ecg_diagnosis_deID_2012_chunk104.txt
ecg_diagnosis_input_2006_chunk102.txt,,,8,ecg_diagnosis_deID_2006_chunk102.txt
ecg_diagnosis_input_1999_chunk148.txt,,,8,ecg_diagnosis_deID_1999_chunk148.txt
ecg_diagnosis_input_2009_chunk195.txt,,,8,ecg_diagnosis_deID_2009_chunk195.txt
ecg_diagnosis_input_2013_chunk261.txt,,,8,ecg_diagnosis_deID_2013_chunk261.txt
ecg_diagnosis_input_2011_chunk72.txt,,,8,ecg_diagnosis_deID_2011_chunk72.txt
ecg_diagnosis_input_1988_chunk36.txt,,,8,ecg_diagnosis_deID_1988_chunk36.txt
ecg_diagnosis_input_2020_chunk278.txt,,,8,ecg_diagnosis_deID_2020_chunk278.txt
ecg_diagnosis_input_1994_chunk23.txt,,,8,ecg_diagnosis_deID_1994_chunk23.txt
ecg_diagnosis_input_2020_chunk293.txt,,,8,ecg_diagnosis_deID_2020_chunk293.txt
ecg_diagnosis_input_2011_chunk99.txt,,,8,ecg_diagnosis_deID_2011_chunk99.txt
ecg_diagnosis_input_2010_chunk5.txt,,,8,ecg_diagnosis_deID_2010_chunk5.txt
ecg_diagnosis_input_2016_chunk130.txt,,,8,ecg_diagnosis_deID_2016_chunk130.txt
ecg_diagnosis_input_2001_chunk7.txt,,,8,ecg_diagnosis_deID_2001_chunk7.txt
ecg_diagnosis_input_1996_chunk134.txt,,,8,ecg_diagnosis_deID_1996_chunk134.txt
ecg_diagnosis_input_2011_chunk332.txt,,,8,ecg_diagnosis_deID_2011_chunk332.txt
ecg_diagnosis_input_2016_chunk56.txt,,,8,ecg_diagnosis_deID_2016_chunk56.txt
ecg_diagnosis_input_2017_chunk255.txt,,,8,ecg_diagnosis_deID_2017_chunk255.txt
ecg_diagnosis_input_2002_chunk136.txt,,,8,ecg_diagnosis_deID_2002_chunk136.txt
ecg_diagnosis_input_1998_chunk4.txt,,,8,ecg_diagnosis_deID_1998_chunk4.txt
ecg_diagnosis_input_2002_chunk122.txt,,,8,ecg_diagnosis_deID_2002_chunk122.txt
ecg_diagnosis_input_2007_chunk298.txt,,,8,ecg_diagnosis_deID_2007_chunk298.txt
ecg_diagnosis_input_2017_chunk241.txt,,,8,ecg_diagnosis_deID_2017_chunk241.txt
ecg_diagnosis_input_1989_chunk6.txt,,,8,ecg_diagnosis_deID_1989_chunk6.txt
ecg_diagnosis_input_1996_chunk120.txt,,,8,ecg_diagnosis_deID_1996_chunk120.txt
ecg_diagnosis_input_1993_chunk13.txt,,,8,ecg_diagnosis_deID_1993_chunk13.txt
ecg_diagnosis_input_2016_chunk42.txt,,,8,ecg_diagnosis_deID_2016_chunk42.txt
ecg_diagnosis_input_2011_chunk326.txt,,,8,ecg_diagnosis_deID_2011_chunk326.txt
ecg_diagnosis_input_2020_chunk287.txt,,,8,ecg_diagnosis_deID_2020_chunk287.txt
ecg_diagnosis_input_2016_chunk124.txt,,,8,ecg_diagnosis_deID_2016_chunk124.txt
ecg_diagnosis_input_2009_chunk142.txt,,,8,ecg_diagnosis_deID_2009_chunk142.txt
ecg_diagnosis_input_1996_chunk108.txt,,,8,ecg_diagnosis_deID_1996_chunk108.txt
ecg_diagnosis_input_2022_chunk317.txt,,,8,ecg_diagnosis_deID_2022_chunk317.txt
ecg_diagnosis_input_2022_chunk35.txt,,,8,ecg_diagnosis_deID_2022_chunk35.txt
ecg_diagnosis_input_1999_chunk88.txt,,,8,ecg_diagnosis_deID_1999_chunk88.txt
ecg_diagnosis_input_2008_chunk227.txt,,,8,ecg_diagnosis_deID_2008_chunk227.txt
ecg_diagnosis_input_2017_chunk269.txt,,,8,ecg_diagnosis_deID_2017_chunk269.txt
ecg_diagnosis_input_2008_chunk233.txt,,,8,ecg_diagnosis_deID_2008_chunk233.txt
ecg_diagnosis_input_2022_chunk21.txt,,,8,ecg_diagnosis_deID_2022_chunk21.txt
ecg_diagnosis_input_2016_chunk118.txt,,,8,ecg_diagnosis_deID_2016_chunk118.txt
ecg_diagnosis_input_2009_chunk156.txt,,,8,ecg_diagnosis_deID_2009_chunk156.txt
ecg_diagnosis_input_2022_chunk303.txt,,,8,ecg_diagnosis_deID_2022_chunk303.txt
ecg_diagnosis_input_2007_chunk17.txt,,,8,ecg_diagnosis_deID_2007_chunk17.txt
ecg_diagnosis_input_2018_chunk413.txt,,,8,ecg_diagnosis_deID_2018_chunk413.txt
ecg_diagnosis_input_1987_chunk57.txt,,,8,ecg_diagnosis_deID_1987_chunk57.txt
ecg_diagnosis_input_2011_chunk285.txt,,,8,ecg_diagnosis_deID_2011_chunk285.txt
ecg_diagnosis_input_2017_chunk484.txt,,,8,ecg_diagnosis_deID_2017_chunk484.txt
ecg_diagnosis_input_2020_chunk324.txt,,,8,ecg_diagnosis_deID_2020_chunk324.txt
ecg_diagnosis_input_2020_chunk442.txt,,,8,ecg_diagnosis_deID_2020_chunk442.txt
ecg_diagnosis_input_2000_chunk139.txt,,,8,ecg_diagnosis_deID_2000_chunk139.txt
ecg_diagnosis_input_2018_chunk375.txt,,,8,ecg_diagnosis_deID_2018_chunk375.txt
ecg_diagnosis_input_2018_chunk361.txt,,,8,ecg_diagnosis_deID_2018_chunk361.txt
ecg_diagnosis_input_2020_chunk456.txt,,,8,ecg_diagnosis_deID_2020_chunk456.txt
ecg_diagnosis_input_2020_chunk330.txt,,,8,ecg_diagnosis_deID_2020_chunk330.txt
ecg_diagnosis_input_2013_chunk329.txt,,,8,ecg_diagnosis_deID_2013_chunk329.txt
ecg_diagnosis_input_2018_chunk407.txt,,,8,ecg_diagnosis_deID_2018_chunk407.txt
ecg_diagnosis_input_2022_chunk288.txt,,,8,ecg_diagnosis_deID_2022_chunk288.txt
ecg_diagnosis_input_2002_chunk12.txt,,,8,ecg_diagnosis_deID_2002_chunk12.txt
ecg_diagnosis_input_1987_chunk43.txt,,,8,ecg_diagnosis_deID_1987_chunk43.txt
ecg_diagnosis_input_2011_chunk291.txt,,,8,ecg_diagnosis_deID_2011_chunk291.txt
ecg_diagnosis_input_2017_chunk490.txt,,,8,ecg_diagnosis_deID_2017_chunk490.txt
ecg_diagnosis_input_1994_chunk107.txt,,,8,ecg_diagnosis_deID_1994_chunk107.txt
ecg_diagnosis_input_2020_chunk318.txt,,,8,ecg_diagnosis_deID_2020_chunk318.txt
ecg_diagnosis_input_2008_chunk89.txt,,,8,ecg_diagnosis_deID_2008_chunk89.txt
ecg_diagnosis_input_2013_chunk301.txt,,,8,ecg_diagnosis_deID_2013_chunk301.txt
ecg_diagnosis_input_2013_chunk53.txt,,,8,ecg_diagnosis_deID_2013_chunk53.txt
ecg_diagnosis_input_2014_chunk103.txt,,,8,ecg_diagnosis_deID_2014_chunk103.txt
ecg_diagnosis_input_2000_chunk105.txt,,,8,ecg_diagnosis_deID_2000_chunk105.txt
ecg_diagnosis_input_2018_chunk349.txt,,,8,ecg_diagnosis_deID_2018_chunk349.txt
ecg_diagnosis_input_2007_chunk307.txt,,,8,ecg_diagnosis_deID_2007_chunk307.txt
ecg_diagnosis_input_2015_chunk266.txt,,,8,ecg_diagnosis_deID_2015_chunk266.txt
ecg_diagnosis_input_2007_chunk313.txt,,,8,ecg_diagnosis_deID_2007_chunk313.txt
ecg_diagnosis_input_2015_chunk272.txt,,,8,ecg_diagnosis_deID_2015_chunk272.txt
ecg_diagnosis_input_2000_chunk111.txt,,,8,ecg_diagnosis_deID_2000_chunk111.txt
ecg_diagnosis_input_1996_chunk16.txt,,,8,ecg_diagnosis_deID_1996_chunk16.txt
ecg_diagnosis_input_2013_chunk47.txt,,,8,ecg_diagnosis_deID_2013_chunk47.txt
ecg_diagnosis_input_2014_chunk117.txt,,,8,ecg_diagnosis_deID_2014_chunk117.txt
ecg_diagnosis_input_1994_chunk113.txt,,,8,ecg_diagnosis_deID_1994_chunk113.txt
ecg_diagnosis_input_2014_chunk88.txt,,,8,ecg_diagnosis_deID_2014_chunk88.txt
ecg_diagnosis_input_2013_chunk315.txt,,,8,ecg_diagnosis_deID_2013_chunk315.txt
ecg_diagnosis_input_2004_chunk125.txt,,,8,ecg_diagnosis_deID_2004_chunk125.txt
ecg_diagnosis_input_2014_chunk63.txt,,,8,ecg_diagnosis_deID_2014_chunk63.txt
ecg_diagnosis_input_1991_chunk32.txt,,,8,ecg_diagnosis_deID_1991_chunk32.txt
ecg_diagnosis_input_2008_chunk76.txt,,,8,ecg_diagnosis_deID_2008_chunk76.txt
ecg_diagnosis_input_2011_chunk246.txt,,,8,ecg_diagnosis_deID_2011_chunk246.txt
ecg_diagnosis_input_2017_chunk447.txt,,,8,ecg_diagnosis_deID_2017_chunk447.txt
ecg_diagnosis_input_1995_chunk7.txt,,,8,ecg_diagnosis_deID_1995_chunk7.txt
ecg_diagnosis_input_2017_chunk321.txt,,,8,ecg_diagnosis_deID_2017_chunk321.txt
ecg_diagnosis_input_2005_chunk240.txt,,,8,ecg_diagnosis_deID_2005_chunk240.txt
ecg_diagnosis_input_2020_chunk481.txt,,,8,ecg_diagnosis_deID_2020_chunk481.txt
ecg_diagnosis_input_2010_chunk123.txt,,,8,ecg_diagnosis_deID_2010_chunk123.txt
ecg_diagnosis_input_2015_chunk299.txt,,,8,ecg_diagnosis_deID_2015_chunk299.txt
ecg_diagnosis_input_1984_chunk5.txt,,,8,ecg_diagnosis_deID_1984_chunk5.txt
ecg_diagnosis_input_2020_chunk495.txt,,,8,ecg_diagnosis_deID_2020_chunk495.txt
ecg_diagnosis_input_2010_chunk137.txt,,,8,ecg_diagnosis_deID_2010_chunk137.txt
ecg_diagnosis_input_2017_chunk335.txt,,,8,ecg_diagnosis_deID_2017_chunk335.txt
ecg_diagnosis_input_2005_chunk254.txt,,,8,ecg_diagnosis_deID_2005_chunk254.txt
ecg_diagnosis_input_2011_chunk252.txt,,,8,ecg_diagnosis_deID_2011_chunk252.txt
ecg_diagnosis_input_2017_chunk453.txt,,,8,ecg_diagnosis_deID_2017_chunk453.txt
ecg_diagnosis_input_2020_chunk28.txt,,,8,ecg_diagnosis_deID_2020_chunk28.txt
ecg_diagnosis_input_2014_chunk77.txt,,,8,ecg_diagnosis_deID_2014_chunk77.txt
ecg_diagnosis_input_2004_chunk131.txt,,,8,ecg_diagnosis_deID_2004_chunk131.txt
ecg_diagnosis_input_1991_chunk26.txt,,,8,ecg_diagnosis_deID_1991_chunk26.txt
ecg_diagnosis_input_2008_chunk62.txt,,,8,ecg_diagnosis_deID_2008_chunk62.txt
ecg_diagnosis_input_2022_chunk263.txt,,,8,ecg_diagnosis_deID_2022_chunk263.txt
ecg_diagnosis_input_2013_chunk90.txt,,,8,ecg_diagnosis_deID_2013_chunk90.txt
ecg_diagnosis_input_2004_chunk119.txt,,,8,ecg_diagnosis_deID_2004_chunk119.txt
ecg_diagnosis_input_2019_chunk23.txt,,,8,ecg_diagnosis_deID_2019_chunk23.txt
ecg_diagnosis_input_2005_chunk36.txt,,,8,ecg_diagnosis_deID_2005_chunk36.txt
ecg_diagnosis_input_2017_chunk309.txt,,,8,ecg_diagnosis_deID_2017_chunk309.txt
ecg_diagnosis_input_2005_chunk268.txt,,,8,ecg_diagnosis_deID_2005_chunk268.txt
ecg_diagnosis_input_2019_chunk37.txt,,,8,ecg_diagnosis_deID_2019_chunk37.txt
ecg_diagnosis_input_2005_chunk22.txt,,,8,ecg_diagnosis_deID_2005_chunk22.txt
ecg_diagnosis_input_2022_chunk277.txt,,,8,ecg_diagnosis_deID_2022_chunk277.txt
ecg_diagnosis_input_2020_chunk14.txt,,,8,ecg_diagnosis_deID_2020_chunk14.txt
ecg_diagnosis_input_2013_chunk84.txt,,,8,ecg_diagnosis_deID_2013_chunk84.txt
ecg_diagnosis_input_1989_chunk64.txt,,,8,ecg_diagnosis_deID_1989_chunk64.txt
ecg_diagnosis_input_2018_chunk177.txt,,,8,ecg_diagnosis_deID_2018_chunk177.txt
ecg_diagnosis_input_2010_chunk20.txt,,,8,ecg_diagnosis_deID_2010_chunk20.txt
ecg_diagnosis_input_1984_chunk18.txt,,,8,ecg_diagnosis_deID_1984_chunk18.txt
ecg_diagnosis_input_1995_chunk71.txt,,,8,ecg_diagnosis_deID_1995_chunk71.txt
ecg_diagnosis_input_2001_chunk49.txt,,,8,ecg_diagnosis_deID_2001_chunk49.txt
ecg_diagnosis_input_2021_chunk243.txt,,,8,ecg_diagnosis_deID_2021_chunk243.txt
ecg_diagnosis_input_2004_chunk2.txt,,,8,ecg_diagnosis_deID_2004_chunk2.txt
ecg_diagnosis_input_2019_chunk574.txt,,,8,ecg_diagnosis_deID_2019_chunk574.txt
ecg_diagnosis_input_2006_chunk86.txt,,,8,ecg_diagnosis_deID_2006_chunk86.txt
ecg_diagnosis_input_2007_chunk139.txt,,,8,ecg_diagnosis_deID_2007_chunk139.txt
ecg_diagnosis_input_2016_chunk285.txt,,,8,ecg_diagnosis_deID_2016_chunk285.txt
ecg_diagnosis_input_2020_chunk126.txt,,,8,ecg_diagnosis_deID_2020_chunk126.txt
ecg_diagnosis_input_2019_chunk212.txt,,,8,ecg_diagnosis_deID_2019_chunk212.txt
ecg_diagnosis_input_2021_chunk525.txt,,,8,ecg_diagnosis_deID_2021_chunk525.txt
ecg_diagnosis_input_2006_chunk248.txt,,,8,ecg_diagnosis_deID_2006_chunk248.txt
ecg_diagnosis_input_2014_chunk329.txt,,,8,ecg_diagnosis_deID_2014_chunk329.txt
ecg_diagnosis_input_2021_chunk531.txt,,,8,ecg_diagnosis_deID_2021_chunk531.txt
ecg_diagnosis_input_1996_chunk9.txt,,,8,ecg_diagnosis_deID_1996_chunk9.txt
ecg_diagnosis_input_2016_chunk291.txt,,,8,ecg_diagnosis_deID_2016_chunk291.txt
ecg_diagnosis_input_2020_chunk132.txt,,,8,ecg_diagnosis_deID_2020_chunk132.txt
ecg_diagnosis_input_2019_chunk206.txt,,,8,ecg_diagnosis_deID_2019_chunk206.txt
ecg_diagnosis_input_2019_chunk560.txt,,,8,ecg_diagnosis_deID_2019_chunk560.txt
ecg_diagnosis_input_2006_chunk92.txt,,,8,ecg_diagnosis_deID_2006_chunk92.txt
ecg_diagnosis_input_1989_chunk70.txt,,,8,ecg_diagnosis_deID_1989_chunk70.txt
ecg_diagnosis_input_2018_chunk163.txt,,,8,ecg_diagnosis_deID_2018_chunk163.txt
ecg_diagnosis_input_2010_chunk34.txt,,,8,ecg_diagnosis_deID_2010_chunk34.txt
ecg_diagnosis_input_1995_chunk65.txt,,,8,ecg_diagnosis_deID_1995_chunk65.txt
ecg_diagnosis_input_1998_chunk19.txt,,,8,ecg_diagnosis_deID_1998_chunk19.txt
ecg_diagnosis_input_2021_chunk257.txt,,,8,ecg_diagnosis_deID_2021_chunk257.txt
ecg_diagnosis_input_2019_chunk548.txt,,,8,ecg_diagnosis_deID_2019_chunk548.txt
ecg_diagnosis_input_2008_chunk192.txt,,,8,ecg_diagnosis_deID_2008_chunk192.txt
ecg_diagnosis_input_1992_chunk82.txt,,,8,ecg_diagnosis_deID_1992_chunk82.txt
ecg_diagnosis_input_2007_chunk105.txt,,,8,ecg_diagnosis_deID_2007_chunk105.txt
ecg_diagnosis_input_1984_chunk24.txt,,,8,ecg_diagnosis_deID_1984_chunk24.txt
ecg_diagnosis_input_1989_chunk58.txt,,,8,ecg_diagnosis_deID_1989_chunk58.txt
ecg_diagnosis_input_1998_chunk31.txt,,,8,ecg_diagnosis_deID_1998_chunk31.txt
ecg_diagnosis_input_2001_chunk75.txt,,,8,ecg_diagnosis_deID_2001_chunk75.txt
ecg_diagnosis_input_2012_chunk266.txt,,,8,ecg_diagnosis_deID_2012_chunk266.txt
ecg_diagnosis_input_2006_chunk260.txt,,,8,ecg_diagnosis_deID_2006_chunk260.txt
ecg_diagnosis_input_2014_chunk301.txt,,,8,ecg_diagnosis_deID_2014_chunk301.txt
ecg_diagnosis_input_2021_chunk519.txt,,,8,ecg_diagnosis_deID_2021_chunk519.txt
ecg_diagnosis_input_1993_chunk107.txt,,,8,ecg_diagnosis_deID_1993_chunk107.txt
ecg_diagnosis_input_2013_chunk103.txt,,,8,ecg_diagnosis_deID_2013_chunk103.txt
ecg_diagnosis_input_2013_chunk117.txt,,,8,ecg_diagnosis_deID_2013_chunk117.txt
ecg_diagnosis_input_2006_chunk274.txt,,,8,ecg_diagnosis_deID_2006_chunk274.txt
ecg_diagnosis_input_2014_chunk315.txt,,,8,ecg_diagnosis_deID_2014_chunk315.txt
ecg_diagnosis_input_1993_chunk113.txt,,,8,ecg_diagnosis_deID_1993_chunk113.txt
ecg_diagnosis_input_1984_chunk30.txt,,,8,ecg_diagnosis_deID_1984_chunk30.txt
ecg_diagnosis_input_1998_chunk25.txt,,,8,ecg_diagnosis_deID_1998_chunk25.txt
ecg_diagnosis_input_2001_chunk61.txt,,,8,ecg_diagnosis_deID_2001_chunk61.txt
ecg_diagnosis_input_1995_chunk59.txt,,,8,ecg_diagnosis_deID_1995_chunk59.txt
ecg_diagnosis_input_2012_chunk272.txt,,,8,ecg_diagnosis_deID_2012_chunk272.txt
ecg_diagnosis_input_2008_chunk186.txt,,,8,ecg_diagnosis_deID_2008_chunk186.txt
ecg_diagnosis_input_1992_chunk96.txt,,,8,ecg_diagnosis_deID_1992_chunk96.txt
ecg_diagnosis_input_2007_chunk111.txt,,,8,ecg_diagnosis_deID_2007_chunk111.txt
ecg_diagnosis_input_2006_chunk45.txt,,,8,ecg_diagnosis_deID_2006_chunk45.txt
ecg_diagnosis_input_2010_chunk321.txt,,,8,ecg_diagnosis_deID_2010_chunk321.txt
ecg_diagnosis_input_1983_chunk14.txt,,,8,ecg_diagnosis_deID_1983_chunk14.txt
ecg_diagnosis_input_1997_chunk127.txt,,,8,ecg_diagnosis_deID_1997_chunk127.txt
ecg_diagnosis_input_2012_chunk299.txt,,,8,ecg_diagnosis_deID_2012_chunk299.txt
ecg_diagnosis_input_2017_chunk123.txt,,,8,ecg_diagnosis_deID_2017_chunk123.txt
ecg_diagnosis_input_2021_chunk280.txt,,,8,ecg_diagnosis_deID_2021_chunk280.txt
ecg_diagnosis_input_2009_chunk208.txt,,,8,ecg_diagnosis_deID_2009_chunk208.txt
ecg_diagnosis_input_2003_chunk125.txt,,,8,ecg_diagnosis_deID_2003_chunk125.txt
ecg_diagnosis_input_2016_chunk246.txt,,,8,ecg_diagnosis_deID_2016_chunk246.txt
ecg_diagnosis_input_2016_chunk252.txt,,,8,ecg_diagnosis_deID_2016_chunk252.txt
ecg_diagnosis_input_2003_chunk131.txt,,,8,ecg_diagnosis_deID_2003_chunk131.txt
ecg_diagnosis_input_2017_chunk137.txt,,,8,ecg_diagnosis_deID_2017_chunk137.txt
ecg_diagnosis_input_2021_chunk294.txt,,,8,ecg_diagnosis_deID_2021_chunk294.txt
ecg_diagnosis_input_2010_chunk335.txt,,,8,ecg_diagnosis_deID_2010_chunk335.txt
ecg_diagnosis_input_2006_chunk51.txt,,,8,ecg_diagnosis_deID_2006_chunk51.txt
ecg_diagnosis_input_1992_chunk69.txt,,,8,ecg_diagnosis_deID_1992_chunk69.txt
ecg_diagnosis_input_2017_chunk38.txt,,,8,ecg_diagnosis_deID_2017_chunk38.txt
ecg_diagnosis_input_2008_chunk179.txt,,,8,ecg_diagnosis_deID_2008_chunk179.txt
ecg_diagnosis_input_1997_chunk133.txt,,,8,ecg_diagnosis_deID_1997_chunk133.txt
ecg_diagnosis_input_2018_chunk188.txt,,,8,ecg_diagnosis_deID_2018_chunk188.txt
ecg_diagnosis_input_1992_chunk41.txt,,,8,ecg_diagnosis_deID_1992_chunk41.txt
ecg_diagnosis_input_2006_chunk79.txt,,,8,ecg_diagnosis_deID_2006_chunk79.txt
ecg_diagnosis_input_2017_chunk10.txt,,,8,ecg_diagnosis_deID_2017_chunk10.txt
ecg_diagnosis_input_1983_chunk28.txt,,,8,ecg_diagnosis_deID_1983_chunk28.txt
ecg_diagnosis_input_2008_chunk151.txt,,,8,ecg_diagnosis_deID_2008_chunk151.txt
ecg_diagnosis_input_2009_chunk234.txt,,,8,ecg_diagnosis_deID_2009_chunk234.txt
ecg_diagnosis_input_2003_chunk119.txt,,,8,ecg_diagnosis_deID_2003_chunk119.txt
ecg_diagnosis_input_2009_chunk220.txt,,,8,ecg_diagnosis_deID_2009_chunk220.txt
ecg_diagnosis_input_2010_chunk309.txt,,,8,ecg_diagnosis_deID_2010_chunk309.txt
ecg_diagnosis_input_1992_chunk55.txt,,,8,ecg_diagnosis_deID_1992_chunk55.txt
ecg_diagnosis_input_2008_chunk145.txt,,,8,ecg_diagnosis_deID_2008_chunk145.txt
ecg_diagnosis_input_2009_chunk221.txt,,,8,ecg_diagnosis_deID_2009_chunk221.txt
ecg_diagnosis_input_2008_chunk144.txt,,,8,ecg_diagnosis_deID_2008_chunk144.txt
ecg_diagnosis_input_2010_chunk308.txt,,,8,ecg_diagnosis_deID_2010_chunk308.txt
ecg_diagnosis_input_1992_chunk54.txt,,,8,ecg_diagnosis_deID_1992_chunk54.txt
ecg_diagnosis_input_2008_chunk150.txt,,,8,ecg_diagnosis_deID_2008_chunk150.txt
ecg_diagnosis_input_2017_chunk11.txt,,,8,ecg_diagnosis_deID_2017_chunk11.txt
ecg_diagnosis_input_1983_chunk29.txt,,,8,ecg_diagnosis_deID_1983_chunk29.txt
ecg_diagnosis_input_1992_chunk40.txt,,,8,ecg_diagnosis_deID_1992_chunk40.txt
ecg_diagnosis_input_2006_chunk78.txt,,,8,ecg_diagnosis_deID_2006_chunk78.txt
ecg_diagnosis_input_2018_chunk189.txt,,,8,ecg_diagnosis_deID_2018_chunk189.txt
ecg_diagnosis_input_2003_chunk118.txt,,,8,ecg_diagnosis_deID_2003_chunk118.txt
ecg_diagnosis_input_2009_chunk235.txt,,,8,ecg_diagnosis_deID_2009_chunk235.txt
ecg_diagnosis_input_2003_chunk130.txt,,,8,ecg_diagnosis_deID_2003_chunk130.txt
ecg_diagnosis_input_2016_chunk253.txt,,,8,ecg_diagnosis_deID_2016_chunk253.txt
ecg_diagnosis_input_1997_chunk132.txt,,,8,ecg_diagnosis_deID_1997_chunk132.txt
ecg_diagnosis_input_2008_chunk178.txt,,,8,ecg_diagnosis_deID_2008_chunk178.txt
ecg_diagnosis_input_2017_chunk39.txt,,,8,ecg_diagnosis_deID_2017_chunk39.txt
ecg_diagnosis_input_2006_chunk50.txt,,,8,ecg_diagnosis_deID_2006_chunk50.txt
ecg_diagnosis_input_2010_chunk334.txt,,,8,ecg_diagnosis_deID_2010_chunk334.txt
ecg_diagnosis_input_1992_chunk68.txt,,,8,ecg_diagnosis_deID_1992_chunk68.txt
ecg_diagnosis_input_2021_chunk295.txt,,,8,ecg_diagnosis_deID_2021_chunk295.txt
ecg_diagnosis_input_2017_chunk136.txt,,,8,ecg_diagnosis_deID_2017_chunk136.txt
ecg_diagnosis_input_2021_chunk281.txt,,,8,ecg_diagnosis_deID_2021_chunk281.txt
ecg_diagnosis_input_2017_chunk122.txt,,,8,ecg_diagnosis_deID_2017_chunk122.txt
ecg_diagnosis_input_2012_chunk298.txt,,,8,ecg_diagnosis_deID_2012_chunk298.txt
ecg_diagnosis_input_1997_chunk126.txt,,,8,ecg_diagnosis_deID_1997_chunk126.txt
ecg_diagnosis_input_1983_chunk15.txt,,,8,ecg_diagnosis_deID_1983_chunk15.txt
ecg_diagnosis_input_2010_chunk320.txt,,,8,ecg_diagnosis_deID_2010_chunk320.txt
ecg_diagnosis_input_2006_chunk44.txt,,,8,ecg_diagnosis_deID_2006_chunk44.txt
ecg_diagnosis_input_2016_chunk247.txt,,,8,ecg_diagnosis_deID_2016_chunk247.txt
ecg_diagnosis_input_2003_chunk124.txt,,,8,ecg_diagnosis_deID_2003_chunk124.txt
ecg_diagnosis_input_2009_chunk209.txt,,,8,ecg_diagnosis_deID_2009_chunk209.txt
ecg_diagnosis_input_1993_chunk112.txt,,,8,ecg_diagnosis_deID_1993_chunk112.txt
ecg_diagnosis_input_2014_chunk314.txt,,,8,ecg_diagnosis_deID_2014_chunk314.txt
ecg_diagnosis_input_2006_chunk275.txt,,,8,ecg_diagnosis_deID_2006_chunk275.txt
ecg_diagnosis_input_2013_chunk116.txt,,,8,ecg_diagnosis_deID_2013_chunk116.txt
ecg_diagnosis_input_2007_chunk110.txt,,,8,ecg_diagnosis_deID_2007_chunk110.txt
ecg_diagnosis_input_1992_chunk97.txt,,,8,ecg_diagnosis_deID_1992_chunk97.txt
ecg_diagnosis_input_2008_chunk187.txt,,,8,ecg_diagnosis_deID_2008_chunk187.txt
ecg_diagnosis_input_2012_chunk273.txt,,,8,ecg_diagnosis_deID_2012_chunk273.txt
ecg_diagnosis_input_2022_chunk1.txt,,,8,ecg_diagnosis_deID_2022_chunk1.txt
ecg_diagnosis_input_2001_chunk60.txt,,,8,ecg_diagnosis_deID_2001_chunk60.txt
ecg_diagnosis_input_1995_chunk58.txt,,,8,ecg_diagnosis_deID_1995_chunk58.txt
ecg_diagnosis_input_1998_chunk24.txt,,,8,ecg_diagnosis_deID_1998_chunk24.txt
ecg_diagnosis_input_1984_chunk31.txt,,,8,ecg_diagnosis_deID_1984_chunk31.txt
ecg_diagnosis_input_2012_chunk267.txt,,,8,ecg_diagnosis_deID_2012_chunk267.txt
ecg_diagnosis_input_2001_chunk74.txt,,,8,ecg_diagnosis_deID_2001_chunk74.txt
ecg_diagnosis_input_1998_chunk30.txt,,,8,ecg_diagnosis_deID_1998_chunk30.txt
ecg_diagnosis_input_1989_chunk59.txt,,,8,ecg_diagnosis_deID_1989_chunk59.txt
ecg_diagnosis_input_1984_chunk25.txt,,,8,ecg_diagnosis_deID_1984_chunk25.txt
ecg_diagnosis_input_2007_chunk104.txt,,,8,ecg_diagnosis_deID_2007_chunk104.txt
ecg_diagnosis_input_1992_chunk83.txt,,,8,ecg_diagnosis_deID_1992_chunk83.txt
ecg_diagnosis_input_2008_chunk193.txt,,,8,ecg_diagnosis_deID_2008_chunk193.txt
ecg_diagnosis_input_2019_chunk549.txt,,,8,ecg_diagnosis_deID_2019_chunk549.txt
ecg_diagnosis_input_2013_chunk102.txt,,,8,ecg_diagnosis_deID_2013_chunk102.txt
ecg_diagnosis_input_1993_chunk106.txt,,,8,ecg_diagnosis_deID_1993_chunk106.txt
ecg_diagnosis_input_2021_chunk518.txt,,,8,ecg_diagnosis_deID_2021_chunk518.txt
ecg_diagnosis_input_2014_chunk300.txt,,,8,ecg_diagnosis_deID_2014_chunk300.txt
ecg_diagnosis_input_2006_chunk261.txt,,,8,ecg_diagnosis_deID_2006_chunk261.txt
ecg_diagnosis_input_2019_chunk207.txt,,,8,ecg_diagnosis_deID_2019_chunk207.txt
ecg_diagnosis_input_2020_chunk133.txt,,,8,ecg_diagnosis_deID_2020_chunk133.txt
ecg_diagnosis_input_1996_chunk8.txt,,,8,ecg_diagnosis_deID_1996_chunk8.txt
ecg_diagnosis_input_2016_chunk290.txt,,,8,ecg_diagnosis_deID_2016_chunk290.txt
ecg_diagnosis_input_2021_chunk530.txt,,,8,ecg_diagnosis_deID_2021_chunk530.txt
ecg_diagnosis_input_2014_chunk328.txt,,,8,ecg_diagnosis_deID_2014_chunk328.txt
ecg_diagnosis_input_2006_chunk249.txt,,,8,ecg_diagnosis_deID_2006_chunk249.txt
ecg_diagnosis_input_1998_chunk18.txt,,,8,ecg_diagnosis_deID_1998_chunk18.txt
ecg_diagnosis_input_2021_chunk256.txt,,,8,ecg_diagnosis_deID_2021_chunk256.txt
ecg_diagnosis_input_1995_chunk64.txt,,,8,ecg_diagnosis_deID_1995_chunk64.txt
ecg_diagnosis_input_2010_chunk35.txt,,,8,ecg_diagnosis_deID_2010_chunk35.txt
ecg_diagnosis_input_2018_chunk162.txt,,,8,ecg_diagnosis_deID_2018_chunk162.txt
ecg_diagnosis_input_1989_chunk71.txt,,,8,ecg_diagnosis_deID_1989_chunk71.txt
ecg_diagnosis_input_2006_chunk93.txt,,,8,ecg_diagnosis_deID_2006_chunk93.txt
ecg_diagnosis_input_2019_chunk561.txt,,,8,ecg_diagnosis_deID_2019_chunk561.txt
ecg_diagnosis_input_2007_chunk138.txt,,,8,ecg_diagnosis_deID_2007_chunk138.txt
ecg_diagnosis_input_2006_chunk87.txt,,,8,ecg_diagnosis_deID_2006_chunk87.txt
ecg_diagnosis_input_2019_chunk575.txt,,,8,ecg_diagnosis_deID_2019_chunk575.txt
ecg_diagnosis_input_2004_chunk3.txt,,,8,ecg_diagnosis_deID_2004_chunk3.txt
ecg_diagnosis_input_2015_chunk1.txt,,,8,ecg_diagnosis_deID_2015_chunk1.txt
ecg_diagnosis_input_2021_chunk242.txt,,,8,ecg_diagnosis_deID_2021_chunk242.txt
ecg_diagnosis_input_1995_chunk70.txt,,,8,ecg_diagnosis_deID_1995_chunk70.txt
ecg_diagnosis_input_2001_chunk48.txt,,,8,ecg_diagnosis_deID_2001_chunk48.txt
ecg_diagnosis_input_2010_chunk21.txt,,,8,ecg_diagnosis_deID_2010_chunk21.txt
ecg_diagnosis_input_2018_chunk176.txt,,,8,ecg_diagnosis_deID_2018_chunk176.txt
ecg_diagnosis_input_1984_chunk19.txt,,,8,ecg_diagnosis_deID_1984_chunk19.txt
ecg_diagnosis_input_1989_chunk65.txt,,,8,ecg_diagnosis_deID_1989_chunk65.txt
ecg_diagnosis_input_2021_chunk524.txt,,,8,ecg_diagnosis_deID_2021_chunk524.txt
ecg_diagnosis_input_2019_chunk213.txt,,,8,ecg_diagnosis_deID_2019_chunk213.txt
ecg_diagnosis_input_2020_chunk127.txt,,,8,ecg_diagnosis_deID_2020_chunk127.txt
ecg_diagnosis_input_2016_chunk284.txt,,,8,ecg_diagnosis_deID_2016_chunk284.txt
ecg_diagnosis_input_2005_chunk269.txt,,,8,ecg_diagnosis_deID_2005_chunk269.txt
ecg_diagnosis_input_2017_chunk308.txt,,,8,ecg_diagnosis_deID_2017_chunk308.txt
ecg_diagnosis_input_2013_chunk85.txt,,,8,ecg_diagnosis_deID_2013_chunk85.txt
ecg_diagnosis_input_2020_chunk15.txt,,,8,ecg_diagnosis_deID_2020_chunk15.txt
ecg_diagnosis_input_2022_chunk276.txt,,,8,ecg_diagnosis_deID_2022_chunk276.txt
ecg_diagnosis_input_2005_chunk23.txt,,,8,ecg_diagnosis_deID_2005_chunk23.txt
ecg_diagnosis_input_2019_chunk36.txt,,,8,ecg_diagnosis_deID_2019_chunk36.txt
ecg_diagnosis_input_2005_chunk37.txt,,,8,ecg_diagnosis_deID_2005_chunk37.txt
ecg_diagnosis_input_2019_chunk22.txt,,,8,ecg_diagnosis_deID_2019_chunk22.txt
ecg_diagnosis_input_2004_chunk118.txt,,,8,ecg_diagnosis_deID_2004_chunk118.txt
ecg_diagnosis_input_2013_chunk91.txt,,,8,ecg_diagnosis_deID_2013_chunk91.txt
ecg_diagnosis_input_2022_chunk262.txt,,,8,ecg_diagnosis_deID_2022_chunk262.txt
ecg_diagnosis_input_2005_chunk255.txt,,,8,ecg_diagnosis_deID_2005_chunk255.txt
ecg_diagnosis_input_2017_chunk334.txt,,,8,ecg_diagnosis_deID_2017_chunk334.txt
ecg_diagnosis_input_2010_chunk136.txt,,,8,ecg_diagnosis_deID_2010_chunk136.txt
ecg_diagnosis_input_2020_chunk494.txt,,,8,ecg_diagnosis_deID_2020_chunk494.txt
ecg_diagnosis_input_2008_chunk63.txt,,,8,ecg_diagnosis_deID_2008_chunk63.txt
ecg_diagnosis_input_1991_chunk27.txt,,,8,ecg_diagnosis_deID_1991_chunk27.txt
ecg_diagnosis_input_2004_chunk130.txt,,,8,ecg_diagnosis_deID_2004_chunk130.txt
ecg_diagnosis_input_2014_chunk76.txt,,,8,ecg_diagnosis_deID_2014_chunk76.txt
ecg_diagnosis_input_2020_chunk29.txt,,,8,ecg_diagnosis_deID_2020_chunk29.txt
ecg_diagnosis_input_2017_chunk452.txt,,,8,ecg_diagnosis_deID_2017_chunk452.txt
ecg_diagnosis_input_2011_chunk253.txt,,,8,ecg_diagnosis_deID_2011_chunk253.txt
ecg_diagnosis_input_2017_chunk446.txt,,,8,ecg_diagnosis_deID_2017_chunk446.txt
ecg_diagnosis_input_2011_chunk247.txt,,,8,ecg_diagnosis_deID_2011_chunk247.txt
ecg_diagnosis_input_2008_chunk77.txt,,,8,ecg_diagnosis_deID_2008_chunk77.txt
ecg_diagnosis_input_1991_chunk33.txt,,,8,ecg_diagnosis_deID_1991_chunk33.txt
ecg_diagnosis_input_2014_chunk62.txt,,,8,ecg_diagnosis_deID_2014_chunk62.txt
ecg_diagnosis_input_2004_chunk124.txt,,,8,ecg_diagnosis_deID_2004_chunk124.txt
ecg_diagnosis_input_1984_chunk4.txt,,,8,ecg_diagnosis_deID_1984_chunk4.txt
ecg_diagnosis_input_2015_chunk298.txt,,,8,ecg_diagnosis_deID_2015_chunk298.txt
ecg_diagnosis_input_2010_chunk122.txt,,,8,ecg_diagnosis_deID_2010_chunk122.txt
ecg_diagnosis_input_2020_chunk480.txt,,,8,ecg_diagnosis_deID_2020_chunk480.txt
ecg_diagnosis_input_2005_chunk241.txt,,,8,ecg_diagnosis_deID_2005_chunk241.txt
ecg_diagnosis_input_2017_chunk320.txt,,,8,ecg_diagnosis_deID_2017_chunk320.txt
ecg_diagnosis_input_1995_chunk6.txt,,,8,ecg_diagnosis_deID_1995_chunk6.txt
ecg_diagnosis_input_2000_chunk110.txt,,,8,ecg_diagnosis_deID_2000_chunk110.txt
ecg_diagnosis_input_2015_chunk273.txt,,,8,ecg_diagnosis_deID_2015_chunk273.txt
ecg_diagnosis_input_2007_chunk312.txt,,,8,ecg_diagnosis_deID_2007_chunk312.txt
ecg_diagnosis_input_2013_chunk314.txt,,,8,ecg_diagnosis_deID_2013_chunk314.txt
ecg_diagnosis_input_2014_chunk89.txt,,,8,ecg_diagnosis_deID_2014_chunk89.txt
ecg_diagnosis_input_1994_chunk112.txt,,,8,ecg_diagnosis_deID_1994_chunk112.txt
ecg_diagnosis_input_2014_chunk116.txt,,,8,ecg_diagnosis_deID_2014_chunk116.txt
ecg_diagnosis_input_2013_chunk46.txt,,,8,ecg_diagnosis_deID_2013_chunk46.txt
ecg_diagnosis_input_1996_chunk17.txt,,,8,ecg_diagnosis_deID_1996_chunk17.txt
ecg_diagnosis_input_2014_chunk102.txt,,,8,ecg_diagnosis_deID_2014_chunk102.txt
ecg_diagnosis_input_2013_chunk52.txt,,,8,ecg_diagnosis_deID_2013_chunk52.txt
ecg_diagnosis_input_2013_chunk300.txt,,,8,ecg_diagnosis_deID_2013_chunk300.txt
ecg_diagnosis_input_2008_chunk88.txt,,,8,ecg_diagnosis_deID_2008_chunk88.txt
ecg_diagnosis_input_1994_chunk106.txt,,,8,ecg_diagnosis_deID_1994_chunk106.txt
ecg_diagnosis_input_2020_chunk319.txt,,,8,ecg_diagnosis_deID_2020_chunk319.txt
ecg_diagnosis_input_2015_chunk267.txt,,,8,ecg_diagnosis_deID_2015_chunk267.txt
ecg_diagnosis_input_2007_chunk306.txt,,,8,ecg_diagnosis_deID_2007_chunk306.txt
ecg_diagnosis_input_2018_chunk348.txt,,,8,ecg_diagnosis_deID_2018_chunk348.txt
ecg_diagnosis_input_2000_chunk104.txt,,,8,ecg_diagnosis_deID_2000_chunk104.txt
ecg_diagnosis_input_2020_chunk457.txt,,,9,ecg_diagnosis_deID_2020_chunk457.txt
ecg_diagnosis_input_2018_chunk360.txt,,,9,ecg_diagnosis_deID_2018_chunk360.txt
ecg_diagnosis_input_2017_chunk491.txt,,,9,ecg_diagnosis_deID_2017_chunk491.txt
ecg_diagnosis_input_2011_chunk290.txt,,,9,ecg_diagnosis_deID_2011_chunk290.txt
ecg_diagnosis_input_1987_chunk42.txt,,,9,ecg_diagnosis_deID_1987_chunk42.txt
ecg_diagnosis_input_2002_chunk13.txt,,,9,ecg_diagnosis_deID_2002_chunk13.txt
ecg_diagnosis_input_2022_chunk289.txt,,,9,ecg_diagnosis_deID_2022_chunk289.txt
ecg_diagnosis_input_2018_chunk406.txt,,,9,ecg_diagnosis_deID_2018_chunk406.txt
ecg_diagnosis_input_2013_chunk328.txt,,,9,ecg_diagnosis_deID_2013_chunk328.txt
ecg_diagnosis_input_2020_chunk331.txt,,,9,ecg_diagnosis_deID_2020_chunk331.txt
ecg_diagnosis_input_2020_chunk325.txt,,,9,ecg_diagnosis_deID_2020_chunk325.txt
ecg_diagnosis_input_2017_chunk485.txt,,,9,ecg_diagnosis_deID_2017_chunk485.txt
ecg_diagnosis_input_2011_chunk284.txt,,,9,ecg_diagnosis_deID_2011_chunk284.txt
ecg_diagnosis_input_1987_chunk56.txt,,,9,ecg_diagnosis_deID_1987_chunk56.txt
ecg_diagnosis_input_2018_chunk412.txt,,,9,ecg_diagnosis_deID_2018_chunk412.txt
ecg_diagnosis_input_2018_chunk374.txt,,,9,ecg_diagnosis_deID_2018_chunk374.txt
ecg_diagnosis_input_2000_chunk138.txt,,,9,ecg_diagnosis_deID_2000_chunk138.txt
ecg_diagnosis_input_2020_chunk443.txt,,,9,ecg_diagnosis_deID_2020_chunk443.txt
ecg_diagnosis_input_2008_chunk232.txt,,,9,ecg_diagnosis_deID_2008_chunk232.txt
ecg_diagnosis_input_2007_chunk16.txt,,,9,ecg_diagnosis_deID_2007_chunk16.txt
ecg_diagnosis_input_2022_chunk302.txt,,,9,ecg_diagnosis_deID_2022_chunk302.txt
ecg_diagnosis_input_2009_chunk157.txt,,,9,ecg_diagnosis_deID_2009_chunk157.txt
ecg_diagnosis_input_2016_chunk119.txt,,,9,ecg_diagnosis_deID_2016_chunk119.txt
ecg_diagnosis_input_2022_chunk20.txt,,,9,ecg_diagnosis_deID_2022_chunk20.txt
ecg_diagnosis_input_1999_chunk89.txt,,,9,ecg_diagnosis_deID_1999_chunk89.txt
ecg_diagnosis_input_2022_chunk34.txt,,,9,ecg_diagnosis_deID_2022_chunk34.txt
ecg_diagnosis_input_1996_chunk109.txt,,,9,ecg_diagnosis_deID_1996_chunk109.txt
ecg_diagnosis_input_2022_chunk316.txt,,,9,ecg_diagnosis_deID_2022_chunk316.txt
ecg_diagnosis_input_2009_chunk143.txt,,,9,ecg_diagnosis_deID_2009_chunk143.txt
ecg_diagnosis_input_2017_chunk268.txt,,,9,ecg_diagnosis_deID_2017_chunk268.txt
ecg_diagnosis_input_2008_chunk226.txt,,,9,ecg_diagnosis_deID_2008_chunk226.txt
ecg_diagnosis_input_1989_chunk7.txt,,,9,ecg_diagnosis_deID_1989_chunk7.txt
ecg_diagnosis_input_2017_chunk240.txt,,,9,ecg_diagnosis_deID_2017_chunk240.txt
ecg_diagnosis_input_2007_chunk299.txt,,,9,ecg_diagnosis_deID_2007_chunk299.txt
ecg_diagnosis_input_2002_chunk123.txt,,,9,ecg_diagnosis_deID_2002_chunk123.txt
ecg_diagnosis_input_1998_chunk5.txt,,,9,ecg_diagnosis_deID_1998_chunk5.txt
ecg_diagnosis_input_2016_chunk125.txt,,,9,ecg_diagnosis_deID_2016_chunk125.txt
ecg_diagnosis_input_2020_chunk286.txt,,,9,ecg_diagnosis_deID_2020_chunk286.txt
ecg_diagnosis_input_2011_chunk327.txt,,,9,ecg_diagnosis_deID_2011_chunk327.txt
ecg_diagnosis_input_2016_chunk43.txt,,,9,ecg_diagnosis_deID_2016_chunk43.txt
ecg_diagnosis_input_1993_chunk12.txt,,,9,ecg_diagnosis_deID_1993_chunk12.txt
ecg_diagnosis_input_1996_chunk121.txt,,,9,ecg_diagnosis_deID_1996_chunk121.txt
ecg_diagnosis_input_2016_chunk57.txt,,,9,ecg_diagnosis_deID_2016_chunk57.txt
ecg_diagnosis_input_2011_chunk333.txt,,,9,ecg_diagnosis_deID_2011_chunk333.txt
ecg_diagnosis_input_1996_chunk135.txt,,,9,ecg_diagnosis_deID_1996_chunk135.txt
ecg_diagnosis_input_2001_chunk6.txt,,,9,ecg_diagnosis_deID_2001_chunk6.txt
ecg_diagnosis_input_2010_chunk4.txt,,,9,ecg_diagnosis_deID_2010_chunk4.txt
ecg_diagnosis_input_2016_chunk131.txt,,,9,ecg_diagnosis_deID_2016_chunk131.txt
ecg_diagnosis_input_2011_chunk98.txt,,,9,ecg_diagnosis_deID_2011_chunk98.txt
ecg_diagnosis_input_2020_chunk292.txt,,,9,ecg_diagnosis_deID_2020_chunk292.txt
ecg_diagnosis_input_2002_chunk137.txt,,,9,ecg_diagnosis_deID_2002_chunk137.txt
ecg_diagnosis_input_2017_chunk254.txt,,,9,ecg_diagnosis_deID_2017_chunk254.txt
ecg_diagnosis_input_2012_chunk105.txt,,,9,ecg_diagnosis_deID_2012_chunk105.txt
ecg_diagnosis_input_2018_chunk228.txt,,,9,ecg_diagnosis_deID_2018_chunk228.txt
ecg_diagnosis_input_2007_chunk266.txt,,,9,ecg_diagnosis_deID_2007_chunk266.txt
ecg_diagnosis_input_2015_chunk307.txt,,,9,ecg_diagnosis_deID_2015_chunk307.txt
ecg_diagnosis_input_1992_chunk101.txt,,,9,ecg_diagnosis_deID_1992_chunk101.txt
ecg_diagnosis_input_1994_chunk22.txt,,,9,ecg_diagnosis_deID_1994_chunk22.txt
ecg_diagnosis_input_1988_chunk37.txt,,,9,ecg_diagnosis_deID_1988_chunk37.txt
ecg_diagnosis_input_2020_chunk279.txt,,,9,ecg_diagnosis_deID_2020_chunk279.txt
ecg_diagnosis_input_2011_chunk73.txt,,,9,ecg_diagnosis_deID_2011_chunk73.txt
ecg_diagnosis_input_2013_chunk260.txt,,,9,ecg_diagnosis_deID_2013_chunk260.txt
ecg_diagnosis_input_2009_chunk194.txt,,,9,ecg_diagnosis_deID_2009_chunk194.txt
ecg_diagnosis_input_1999_chunk149.txt,,,9,ecg_diagnosis_deID_1999_chunk149.txt
ecg_diagnosis_input_2006_chunk103.txt,,,9,ecg_diagnosis_deID_2006_chunk103.txt
ecg_diagnosis_input_2009_chunk180.txt,,,9,ecg_diagnosis_deID_2009_chunk180.txt
ecg_diagnosis_input_2006_chunk117.txt,,,9,ecg_diagnosis_deID_2006_chunk117.txt
ecg_diagnosis_input_2019_chunk159.txt,,,9,ecg_diagnosis_deID_2019_chunk159.txt
ecg_diagnosis_input_1994_chunk36.txt,,,9,ecg_diagnosis_deID_1994_chunk36.txt
ecg_diagnosis_input_1988_chunk23.txt,,,9,ecg_diagnosis_deID_1988_chunk23.txt
ecg_diagnosis_input_2011_chunk67.txt,,,9,ecg_diagnosis_deID_2011_chunk67.txt
ecg_diagnosis_input_2013_chunk274.txt,,,9,ecg_diagnosis_deID_2013_chunk274.txt
ecg_diagnosis_input_2007_chunk272.txt,,,9,ecg_diagnosis_deID_2007_chunk272.txt
ecg_diagnosis_input_2015_chunk313.txt,,,9,ecg_diagnosis_deID_2015_chunk313.txt
ecg_diagnosis_input_2012_chunk111.txt,,,9,ecg_diagnosis_deID_2012_chunk111.txt
ecg_diagnosis_input_2021_chunk108.txt,,,9,ecg_diagnosis_deID_2021_chunk108.txt
ecg_diagnosis_input_2020_chunk523.txt,,,9,ecg_diagnosis_deID_2020_chunk523.txt
ecg_diagnosis_input_2012_chunk139.txt,,,9,ecg_diagnosis_deID_2012_chunk139.txt
ecg_diagnosis_input_2017_chunk283.txt,,,9,ecg_diagnosis_deID_2017_chunk283.txt
ecg_diagnosis_input_2021_chunk120.txt,,,9,ecg_diagnosis_deID_2021_chunk120.txt
ecg_diagnosis_input_2018_chunk214.txt,,,9,ecg_diagnosis_deID_2018_chunk214.txt
ecg_diagnosis_input_2021_chunk646.txt,,,9,ecg_diagnosis_deID_2021_chunk646.txt
ecg_diagnosis_input_2016_chunk80.txt,,,9,ecg_diagnosis_deID_2016_chunk80.txt
ecg_diagnosis_input_1999_chunk62.txt,,,9,ecg_diagnosis_deID_1999_chunk62.txt
ecg_diagnosis_input_2000_chunk26.txt,,,9,ecg_diagnosis_deID_2000_chunk26.txt
ecg_diagnosis_input_2019_chunk171.txt,,,9,ecg_diagnosis_deID_2019_chunk171.txt
ecg_diagnosis_input_2020_chunk245.txt,,,9,ecg_diagnosis_deID_2020_chunk245.txt
ecg_diagnosis_input_1999_chunk76.txt,,,9,ecg_diagnosis_deID_1999_chunk76.txt
ecg_diagnosis_input_2000_chunk32.txt,,,9,ecg_diagnosis_deID_2000_chunk32.txt
ecg_diagnosis_input_2019_chunk165.txt,,,9,ecg_diagnosis_deID_2019_chunk165.txt
ecg_diagnosis_input_2020_chunk251.txt,,,9,ecg_diagnosis_deID_2020_chunk251.txt
ecg_diagnosis_input_2013_chunk248.txt,,,9,ecg_diagnosis_deID_2013_chunk248.txt
ecg_diagnosis_input_2021_chunk652.txt,,,9,ecg_diagnosis_deID_2021_chunk652.txt
ecg_diagnosis_input_2016_chunk94.txt,,,9,ecg_diagnosis_deID_2016_chunk94.txt
ecg_diagnosis_input_2017_chunk297.txt,,,9,ecg_diagnosis_deID_2017_chunk297.txt
ecg_diagnosis_input_2021_chunk134.txt,,,9,ecg_diagnosis_deID_2021_chunk134.txt
ecg_diagnosis_input_2018_chunk200.txt,,,9,ecg_diagnosis_deID_2018_chunk200.txt
ecg_diagnosis_input_2020_chunk537.txt,,,9,ecg_diagnosis_deID_2020_chunk537.txt
ecg_diagnosis_input_2009_chunk355.txt,,,9,ecg_diagnosis_deID_2009_chunk355.txt
ecg_diagnosis_input_2022_chunk100.txt,,,9,ecg_diagnosis_deID_2022_chunk100.txt
ecg_diagnosis_input_2011_chunk119.txt,,,9,ecg_diagnosis_deID_2011_chunk119.txt
ecg_diagnosis_input_2004_chunk59.txt,,,9,ecg_diagnosis_deID_2004_chunk59.txt
ecg_diagnosis_input_1990_chunk61.txt,,,9,ecg_diagnosis_deID_1990_chunk61.txt
ecg_diagnosis_input_2009_chunk25.txt,,,9,ecg_diagnosis_deID_2009_chunk25.txt
ecg_diagnosis_input_2015_chunk30.txt,,,9,ecg_diagnosis_deID_2015_chunk30.txt
ecg_diagnosis_input_2003_chunk96.txt,,,9,ecg_diagnosis_deID_2003_chunk96.txt
ecg_diagnosis_input_2010_chunk268.txt,,,9,ecg_diagnosis_deID_2010_chunk268.txt
ecg_diagnosis_input_2003_chunk82.txt,,,9,ecg_diagnosis_deID_2003_chunk82.txt
ecg_diagnosis_input_1990_chunk75.txt,,,9,ecg_diagnosis_deID_1990_chunk75.txt
ecg_diagnosis_input_2009_chunk31.txt,,,9,ecg_diagnosis_deID_2009_chunk31.txt
ecg_diagnosis_input_2018_chunk58.txt,,,9,ecg_diagnosis_deID_2018_chunk58.txt
ecg_diagnosis_input_2015_chunk24.txt,,,9,ecg_diagnosis_deID_2015_chunk24.txt
ecg_diagnosis_input_2009_chunk341.txt,,,9,ecg_diagnosis_deID_2009_chunk341.txt
ecg_diagnosis_input_2022_chunk114.txt,,,9,ecg_diagnosis_deID_2022_chunk114.txt
ecg_diagnosis_input_1991_chunk109.txt,,,9,ecg_diagnosis_deID_1991_chunk109.txt
ecg_diagnosis_input_2019_chunk398.txt,,,9,ecg_diagnosis_deID_2019_chunk398.txt
ecg_diagnosis_input_2021_chunk487.txt,,,9,ecg_diagnosis_deID_2021_chunk487.txt
ecg_diagnosis_input_2011_chunk125.txt,,,9,ecg_diagnosis_deID_2011_chunk125.txt
ecg_diagnosis_input_2016_chunk327.txt,,,9,ecg_diagnosis_deID_2016_chunk327.txt
ecg_diagnosis_input_2004_chunk246.txt,,,9,ecg_diagnosis_deID_2004_chunk246.txt
ecg_diagnosis_input_2010_chunk240.txt,,,9,ecg_diagnosis_deID_2010_chunk240.txt
ecg_diagnosis_input_2016_chunk441.txt,,,9,ecg_diagnosis_deID_2016_chunk441.txt
ecg_diagnosis_input_2021_chunk53.txt,,,9,ecg_diagnosis_deID_2021_chunk53.txt
ecg_diagnosis_input_1997_chunk92.txt,,,9,ecg_diagnosis_deID_1997_chunk92.txt
ecg_diagnosis_input_2009_chunk19.txt,,,9,ecg_diagnosis_deID_2009_chunk19.txt
ecg_diagnosis_input_2004_chunk65.txt,,,9,ecg_diagnosis_deID_2004_chunk65.txt
ecg_diagnosis_input_2005_chunk123.txt,,,9,ecg_diagnosis_deID_2005_chunk123.txt
ecg_diagnosis_input_2018_chunk70.txt,,,9,ecg_diagnosis_deID_2018_chunk70.txt
ecg_diagnosis_input_1990_chunk49.txt,,,9,ecg_diagnosis_deID_1990_chunk49.txt
ecg_diagnosis_input_2005_chunk137.txt,,,9,ecg_diagnosis_deID_2005_chunk137.txt
ecg_diagnosis_input_2004_chunk71.txt,,,9,ecg_diagnosis_deID_2004_chunk71.txt
ecg_diagnosis_input_2015_chunk18.txt,,,9,ecg_diagnosis_deID_2015_chunk18.txt
ecg_diagnosis_input_2018_chunk64.txt,,,9,ecg_diagnosis_deID_2018_chunk64.txt
ecg_diagnosis_input_2010_chunk254.txt,,,9,ecg_diagnosis_deID_2010_chunk254.txt
ecg_diagnosis_input_2016_chunk455.txt,,,9,ecg_diagnosis_deID_2016_chunk455.txt
ecg_diagnosis_input_2021_chunk47.txt,,,9,ecg_diagnosis_deID_2021_chunk47.txt
ecg_diagnosis_input_1997_chunk86.txt,,,9,ecg_diagnosis_deID_1997_chunk86.txt
ecg_diagnosis_input_2016_chunk333.txt,,,9,ecg_diagnosis_deID_2016_chunk333.txt
ecg_diagnosis_input_2004_chunk252.txt,,,9,ecg_diagnosis_deID_2004_chunk252.txt
ecg_diagnosis_input_2021_chunk493.txt,,,9,ecg_diagnosis_deID_2021_chunk493.txt
ecg_diagnosis_input_2022_chunk128.txt,,,9,ecg_diagnosis_deID_2022_chunk128.txt
ecg_diagnosis_input_2011_chunk131.txt,,,9,ecg_diagnosis_deID_2011_chunk131.txt
ecg_diagnosis_input_2006_chunk301.txt,,,9,ecg_diagnosis_deID_2006_chunk301.txt
ecg_diagnosis_input_2014_chunk260.txt,,,9,ecg_diagnosis_deID_2014_chunk260.txt
ecg_diagnosis_input_2021_chunk478.txt,,,9,ecg_diagnosis_deID_2021_chunk478.txt
ecg_diagnosis_input_2001_chunk103.txt,,,9,ecg_diagnosis_deID_2001_chunk103.txt
ecg_diagnosis_input_2019_chunk429.txt,,,9,ecg_diagnosis_deID_2019_chunk429.txt
ecg_diagnosis_input_2003_chunk55.txt,,,9,ecg_diagnosis_deID_2003_chunk55.txt
ecg_diagnosis_input_2015_chunk105.txt,,,9,ecg_diagnosis_deID_2015_chunk105.txt
ecg_diagnosis_input_1995_chunk101.txt,,,9,ecg_diagnosis_deID_1995_chunk101.txt
ecg_diagnosis_input_2012_chunk307.txt,,,9,ecg_diagnosis_deID_2012_chunk307.txt
ecg_diagnosis_input_1995_chunk115.txt,,,9,ecg_diagnosis_deID_1995_chunk115.txt
ecg_diagnosis_input_2012_chunk313.txt,,,9,ecg_diagnosis_deID_2012_chunk313.txt
ecg_diagnosis_input_2012_chunk28.txt,,,9,ecg_diagnosis_deID_2012_chunk28.txt
ecg_diagnosis_input_1986_chunk10.txt,,,9,ecg_diagnosis_deID_1986_chunk10.txt
ecg_diagnosis_input_1997_chunk79.txt,,,9,ecg_diagnosis_deID_1997_chunk79.txt
ecg_diagnosis_input_2003_chunk41.txt,,,9,ecg_diagnosis_deID_2003_chunk41.txt
ecg_diagnosis_input_2015_chunk111.txt,,,9,ecg_diagnosis_deID_2015_chunk111.txt
ecg_diagnosis_input_2001_chunk117.txt,,,9,ecg_diagnosis_deID_2001_chunk117.txt
ecg_diagnosis_input_2014_chunk274.txt,,,9,ecg_diagnosis_deID_2014_chunk274.txt
ecg_diagnosis_input_2019_chunk373.txt,,,9,ecg_diagnosis_deID_2019_chunk373.txt
ecg_diagnosis_input_2021_chunk444.txt,,,9,ecg_diagnosis_deID_2021_chunk444.txt
ecg_diagnosis_input_2021_chunk322.txt,,,9,ecg_diagnosis_deID_2021_chunk322.txt
ecg_diagnosis_input_2018_chunk2.txt,,,9,ecg_diagnosis_deID_2018_chunk2.txt
ecg_diagnosis_input_2019_chunk415.txt,,,9,ecg_diagnosis_deID_2019_chunk415.txt
ecg_diagnosis_input_1986_chunk38.txt,,,9,ecg_diagnosis_deID_1986_chunk38.txt
ecg_diagnosis_input_2021_chunk90.txt,,,9,ecg_diagnosis_deID_2021_chunk90.txt
ecg_diagnosis_input_2003_chunk69.txt,,,9,ecg_diagnosis_deID_2003_chunk69.txt
ecg_diagnosis_input_1997_chunk51.txt,,,9,ecg_diagnosis_deID_1997_chunk51.txt
ecg_diagnosis_input_2010_chunk283.txt,,,9,ecg_diagnosis_deID_2010_chunk283.txt
ecg_diagnosis_input_2015_chunk139.txt,,,9,ecg_diagnosis_deID_2015_chunk139.txt
ecg_diagnosis_input_2002_chunk8.txt,,,9,ecg_diagnosis_deID_2002_chunk8.txt
ecg_diagnosis_input_2019_chunk401.txt,,,9,ecg_diagnosis_deID_2019_chunk401.txt
ecg_diagnosis_input_2012_chunk14.txt,,,9,ecg_diagnosis_deID_2012_chunk14.txt
ecg_diagnosis_input_2021_chunk84.txt,,,9,ecg_diagnosis_deID_2021_chunk84.txt
ecg_diagnosis_input_1997_chunk45.txt,,,9,ecg_diagnosis_deID_1997_chunk45.txt
ecg_diagnosis_input_2010_chunk297.txt,,,9,ecg_diagnosis_deID_2010_chunk297.txt
ecg_diagnosis_input_1995_chunk129.txt,,,9,ecg_diagnosis_deID_1995_chunk129.txt
ecg_diagnosis_input_2021_chunk336.txt,,,9,ecg_diagnosis_deID_2021_chunk336.txt
ecg_diagnosis_input_1981_chunk1.txt,,1,9,ecg_diagnosis_deID_1981_chunk1.txt
ecg_diagnosis_input_2014_chunk248.txt,,,9,ecg_diagnosis_deID_2014_chunk248.txt
ecg_diagnosis_input_2021_chunk450.txt,,,9,ecg_diagnosis_deID_2021_chunk450.txt
ecg_diagnosis_input_1990_chunk3.txt,,,9,ecg_diagnosis_deID_1990_chunk3.txt
ecg_diagnosis_input_2019_chunk367.txt,,,9,ecg_diagnosis_deID_2019_chunk367.txt
ecg_diagnosis_input_2010_chunk281.txt,,,9,ecg_diagnosis_deID_2010_chunk281.txt
ecg_diagnosis_input_1997_chunk53.txt,,,9,ecg_diagnosis_deID_1997_chunk53.txt
ecg_diagnosis_input_2019_chunk417.txt,,,9,ecg_diagnosis_deID_2019_chunk417.txt
ecg_diagnosis_input_2021_chunk92.txt,,,9,ecg_diagnosis_deID_2021_chunk92.txt
ecg_diagnosis_input_2012_chunk339.txt,,,9,ecg_diagnosis_deID_2012_chunk339.txt
ecg_diagnosis_input_2009_chunk2.txt,,,9,ecg_diagnosis_deID_2009_chunk2.txt
ecg_diagnosis_input_2021_chunk320.txt,,,9,ecg_diagnosis_deID_2021_chunk320.txt
ecg_diagnosis_input_2013_chunk8.txt,,,9,ecg_diagnosis_deID_2013_chunk8.txt
ecg_diagnosis_input_2021_chunk446.txt,,,9,ecg_diagnosis_deID_2021_chunk446.txt
ecg_diagnosis_input_2019_chunk371.txt,,,9,ecg_diagnosis_deID_2019_chunk371.txt
ecg_diagnosis_input_2019_chunk365.txt,,,9,ecg_diagnosis_deID_2019_chunk365.txt
ecg_diagnosis_input_1990_chunk1.txt,,,9,ecg_diagnosis_deID_1990_chunk1.txt
ecg_diagnosis_input_2001_chunk129.txt,,,9,ecg_diagnosis_deID_2001_chunk129.txt
ecg_diagnosis_input_2021_chunk452.txt,,,9,ecg_diagnosis_deID_2021_chunk452.txt
ecg_diagnosis_input_1981_chunk3.txt,,,9,ecg_diagnosis_deID_1981_chunk3.txt
ecg_diagnosis_input_1990_chunk88.txt,,,9,ecg_diagnosis_deID_1990_chunk88.txt
ecg_diagnosis_input_2021_chunk334.txt,,,9,ecg_diagnosis_deID_2021_chunk334.txt
ecg_diagnosis_input_2010_chunk295.txt,,,9,ecg_diagnosis_deID_2010_chunk295.txt
ecg_diagnosis_input_1997_chunk47.txt,,,9,ecg_diagnosis_deID_1997_chunk47.txt
ecg_diagnosis_input_2019_chunk403.txt,,,9,ecg_diagnosis_deID_2019_chunk403.txt
ecg_diagnosis_input_2021_chunk86.txt,,,9,ecg_diagnosis_deID_2021_chunk86.txt
ecg_diagnosis_input_2012_chunk16.txt,,,9,ecg_diagnosis_deID_2012_chunk16.txt
ecg_diagnosis_input_2012_chunk305.txt,,,9,ecg_diagnosis_deID_2012_chunk305.txt
ecg_diagnosis_input_2004_chunk98.txt,,,9,ecg_diagnosis_deID_2004_chunk98.txt
ecg_diagnosis_input_1995_chunk103.txt,,,9,ecg_diagnosis_deID_1995_chunk103.txt
ecg_diagnosis_input_2015_chunk107.txt,,,9,ecg_diagnosis_deID_2015_chunk107.txt
ecg_diagnosis_input_2003_chunk57.txt,,,9,ecg_diagnosis_deID_2003_chunk57.txt
ecg_diagnosis_input_2001_chunk101.txt,,,9,ecg_diagnosis_deID_2001_chunk101.txt
ecg_diagnosis_input_2014_chunk262.txt,,,9,ecg_diagnosis_deID_2014_chunk262.txt
ecg_diagnosis_input_2014_chunk276.txt,,,9,ecg_diagnosis_deID_2014_chunk276.txt
ecg_diagnosis_input_2019_chunk359.txt,,,9,ecg_diagnosis_deID_2019_chunk359.txt
ecg_diagnosis_input_2001_chunk115.txt,,,9,ecg_diagnosis_deID_2001_chunk115.txt
ecg_diagnosis_input_2015_chunk113.txt,,,9,ecg_diagnosis_deID_2015_chunk113.txt
ecg_diagnosis_input_2003_chunk43.txt,,,9,ecg_diagnosis_deID_2003_chunk43.txt
ecg_diagnosis_input_1986_chunk12.txt,,,9,ecg_diagnosis_deID_1986_chunk12.txt
ecg_diagnosis_input_2018_chunk99.txt,,,9,ecg_diagnosis_deID_2018_chunk99.txt
ecg_diagnosis_input_2012_chunk311.txt,,,9,ecg_diagnosis_deID_2012_chunk311.txt
ecg_diagnosis_input_2021_chunk308.txt,,,9,ecg_diagnosis_deID_2021_chunk308.txt
ecg_diagnosis_input_1995_chunk117.txt,,,9,ecg_diagnosis_deID_1995_chunk117.txt
ecg_diagnosis_input_2018_chunk72.txt,,,9,ecg_diagnosis_deID_2018_chunk72.txt
ecg_diagnosis_input_2005_chunk121.txt,,,9,ecg_diagnosis_deID_2005_chunk121.txt
ecg_diagnosis_input_2004_chunk67.txt,,,9,ecg_diagnosis_deID_2004_chunk67.txt
ecg_diagnosis_input_1997_chunk90.txt,,,9,ecg_diagnosis_deID_1997_chunk90.txt
ecg_diagnosis_input_2021_chunk51.txt,,,9,ecg_diagnosis_deID_2021_chunk51.txt
ecg_diagnosis_input_2016_chunk443.txt,,,9,ecg_diagnosis_deID_2016_chunk443.txt
ecg_diagnosis_input_2010_chunk242.txt,,,9,ecg_diagnosis_deID_2010_chunk242.txt
ecg_diagnosis_input_2004_chunk244.txt,,,9,ecg_diagnosis_deID_2004_chunk244.txt
ecg_diagnosis_input_2016_chunk325.txt,,,9,ecg_diagnosis_deID_2016_chunk325.txt
ecg_diagnosis_input_2011_chunk127.txt,,,9,ecg_diagnosis_deID_2011_chunk127.txt
ecg_diagnosis_input_2021_chunk485.txt,,,9,ecg_diagnosis_deID_2021_chunk485.txt
ecg_diagnosis_input_2014_chunk289.txt,,,9,ecg_diagnosis_deID_2014_chunk289.txt
ecg_diagnosis_input_2011_chunk133.txt,,,9,ecg_diagnosis_deID_2011_chunk133.txt
ecg_diagnosis_input_2021_chunk491.txt,,,9,ecg_diagnosis_deID_2021_chunk491.txt
ecg_diagnosis_input_2004_chunk250.txt,,,9,ecg_diagnosis_deID_2004_chunk250.txt
ecg_diagnosis_input_2016_chunk331.txt,,,9,ecg_diagnosis_deID_2016_chunk331.txt
ecg_diagnosis_input_1997_chunk84.txt,,,9,ecg_diagnosis_deID_1997_chunk84.txt
ecg_diagnosis_input_2021_chunk45.txt,,,9,ecg_diagnosis_deID_2021_chunk45.txt
ecg_diagnosis_input_2016_chunk457.txt,,,9,ecg_diagnosis_deID_2016_chunk457.txt
ecg_diagnosis_input_2010_chunk256.txt,,,9,ecg_diagnosis_deID_2010_chunk256.txt
ecg_diagnosis_input_2018_chunk66.txt,,,9,ecg_diagnosis_deID_2018_chunk66.txt
ecg_diagnosis_input_2004_chunk73.txt,,,9,ecg_diagnosis_deID_2004_chunk73.txt
ecg_diagnosis_input_2005_chunk135.txt,,,9,ecg_diagnosis_deID_2005_chunk135.txt
ecg_diagnosis_input_2003_chunk94.txt,,,9,ecg_diagnosis_deID_2003_chunk94.txt
ecg_diagnosis_input_2015_chunk32.txt,,,9,ecg_diagnosis_deID_2015_chunk32.txt
ecg_diagnosis_input_1990_chunk63.txt,,,9,ecg_diagnosis_deID_1990_chunk63.txt
ecg_diagnosis_input_2009_chunk27.txt,,,9,ecg_diagnosis_deID_2009_chunk27.txt
ecg_diagnosis_input_2009_chunk357.txt,,,9,ecg_diagnosis_deID_2009_chunk357.txt
ecg_diagnosis_input_2022_chunk102.txt,,,9,ecg_diagnosis_deID_2022_chunk102.txt
ecg_diagnosis_input_2016_chunk319.txt,,,9,ecg_diagnosis_deID_2016_chunk319.txt
ecg_diagnosis_input_2009_chunk343.txt,,,9,ecg_diagnosis_deID_2009_chunk343.txt
ecg_diagnosis_input_2022_chunk116.txt,,,9,ecg_diagnosis_deID_2022_chunk116.txt
ecg_diagnosis_input_2015_chunk26.txt,,,9,ecg_diagnosis_deID_2015_chunk26.txt
ecg_diagnosis_input_2005_chunk109.txt,,,9,ecg_diagnosis_deID_2005_chunk109.txt
ecg_diagnosis_input_1990_chunk77.txt,,,9,ecg_diagnosis_deID_1990_chunk77.txt
ecg_diagnosis_input_2009_chunk33.txt,,,9,ecg_diagnosis_deID_2009_chunk33.txt
ecg_diagnosis_input_2003_chunk80.txt,,,9,ecg_diagnosis_deID_2003_chunk80.txt
ecg_diagnosis_input_2021_chunk79.txt,,,9,ecg_diagnosis_deID_2021_chunk79.txt
ecg_diagnosis_input_2020_chunk247.txt,,,9,ecg_diagnosis_deID_2020_chunk247.txt
ecg_diagnosis_input_1999_chunk60.txt,,,9,ecg_diagnosis_deID_1999_chunk60.txt
ecg_diagnosis_input_2000_chunk24.txt,,,9,ecg_diagnosis_deID_2000_chunk24.txt
ecg_diagnosis_input_2019_chunk173.txt,,,9,ecg_diagnosis_deID_2019_chunk173.txt
ecg_diagnosis_input_2016_chunk82.txt,,,9,ecg_diagnosis_deID_2016_chunk82.txt
ecg_diagnosis_input_2021_chunk644.txt,,,9,ecg_diagnosis_deID_2021_chunk644.txt
ecg_diagnosis_input_2018_chunk216.txt,,,9,ecg_diagnosis_deID_2018_chunk216.txt
ecg_diagnosis_input_2021_chunk122.txt,,,9,ecg_diagnosis_deID_2021_chunk122.txt
ecg_diagnosis_input_2017_chunk281.txt,,,9,ecg_diagnosis_deID_2017_chunk281.txt
ecg_diagnosis_input_2020_chunk521.txt,,,9,ecg_diagnosis_deID_2020_chunk521.txt
ecg_diagnosis_input_2015_chunk339.txt,,,9,ecg_diagnosis_deID_2015_chunk339.txt
ecg_diagnosis_input_2007_chunk258.txt,,,9,ecg_diagnosis_deID_2007_chunk258.txt
ecg_diagnosis_input_2020_chunk535.txt,,,9,ecg_diagnosis_deID_2020_chunk535.txt
ecg_diagnosis_input_2018_chunk202.txt,,,9,ecg_diagnosis_deID_2018_chunk202.txt
ecg_diagnosis_input_2021_chunk136.txt,,,9,ecg_diagnosis_deID_2021_chunk136.txt
ecg_diagnosis_input_2017_chunk295.txt,,,9,ecg_diagnosis_deID_2017_chunk295.txt
ecg_diagnosis_input_2006_chunk129.txt,,,9,ecg_diagnosis_deID_2006_chunk129.txt
ecg_diagnosis_input_2016_chunk96.txt,,,9,ecg_diagnosis_deID_2016_chunk96.txt
ecg_diagnosis_input_2021_chunk650.txt,,,9,ecg_diagnosis_deID_2021_chunk650.txt
ecg_diagnosis_input_2011_chunk59.txt,,,9,ecg_diagnosis_deID_2011_chunk59.txt
ecg_diagnosis_input_2020_chunk253.txt,,,9,ecg_diagnosis_deID_2020_chunk253.txt
ecg_diagnosis_input_1999_chunk74.txt,,,9,ecg_diagnosis_deID_1999_chunk74.txt
ecg_diagnosis_input_2000_chunk30.txt,,,9,ecg_diagnosis_deID_2000_chunk30.txt
ecg_diagnosis_input_2019_chunk167.txt,,,9,ecg_diagnosis_deID_2019_chunk167.txt
ecg_diagnosis_input_2006_chunk101.txt,,,9,ecg_diagnosis_deID_2006_chunk101.txt
ecg_diagnosis_input_2009_chunk196.txt,,,9,ecg_diagnosis_deID_2009_chunk196.txt
ecg_diagnosis_input_2013_chunk262.txt,,,9,ecg_diagnosis_deID_2013_chunk262.txt
ecg_diagnosis_input_1988_chunk35.txt,,,9,ecg_diagnosis_deID_1988_chunk35.txt
ecg_diagnosis_input_2011_chunk71.txt,,,9,ecg_diagnosis_deID_2011_chunk71.txt
ecg_diagnosis_input_2000_chunk18.txt,,,9,ecg_diagnosis_deID_2000_chunk18.txt
ecg_diagnosis_input_1994_chunk20.txt,,,9,ecg_diagnosis_deID_1994_chunk20.txt
ecg_diagnosis_input_1992_chunk103.txt,,,9,ecg_diagnosis_deID_1992_chunk103.txt
ecg_diagnosis_input_2015_chunk305.txt,,,9,ecg_diagnosis_deID_2015_chunk305.txt
ecg_diagnosis_input_2007_chunk264.txt,,,9,ecg_diagnosis_deID_2007_chunk264.txt
ecg_diagnosis_input_2012_chunk107.txt,,,9,ecg_diagnosis_deID_2012_chunk107.txt
ecg_diagnosis_input_2012_chunk113.txt,,,9,ecg_diagnosis_deID_2012_chunk113.txt
ecg_diagnosis_input_2020_chunk509.txt,,,9,ecg_diagnosis_deID_2020_chunk509.txt
ecg_diagnosis_input_2015_chunk311.txt,,,9,ecg_diagnosis_deID_2015_chunk311.txt
ecg_diagnosis_input_2007_chunk270.txt,,,9,ecg_diagnosis_deID_2007_chunk270.txt
ecg_diagnosis_input_2013_chunk276.txt,,,9,ecg_diagnosis_deID_2013_chunk276.txt
ecg_diagnosis_input_1988_chunk21.txt,,,9,ecg_diagnosis_deID_1988_chunk21.txt
ecg_diagnosis_input_2011_chunk65.txt,,,9,ecg_diagnosis_deID_2011_chunk65.txt
ecg_diagnosis_input_1994_chunk34.txt,,,9,ecg_diagnosis_deID_1994_chunk34.txt
ecg_diagnosis_input_1999_chunk48.txt,,,9,ecg_diagnosis_deID_1999_chunk48.txt
ecg_diagnosis_input_2006_chunk115.txt,,,9,ecg_diagnosis_deID_2006_chunk115.txt
ecg_diagnosis_input_2009_chunk182.txt,,,9,ecg_diagnosis_deID_2009_chunk182.txt
ecg_diagnosis_input_2009_chunk169.txt,,,9,ecg_diagnosis_deID_2009_chunk169.txt
ecg_diagnosis_input_1996_chunk123.txt,,,9,ecg_diagnosis_deID_1996_chunk123.txt
ecg_diagnosis_input_2007_chunk28.txt,,,9,ecg_diagnosis_deID_2007_chunk28.txt
ecg_diagnosis_input_1993_chunk10.txt,,,9,ecg_diagnosis_deID_1993_chunk10.txt
ecg_diagnosis_input_2016_chunk41.txt,,,9,ecg_diagnosis_deID_2016_chunk41.txt
ecg_diagnosis_input_2011_chunk325.txt,,,9,ecg_diagnosis_deID_2011_chunk325.txt
ecg_diagnosis_input_2020_chunk284.txt,,,9,ecg_diagnosis_deID_2020_chunk284.txt
ecg_diagnosis_input_2016_chunk127.txt,,,9,ecg_diagnosis_deID_2016_chunk127.txt
ecg_diagnosis_input_1998_chunk7.txt,,,9,ecg_diagnosis_deID_1998_chunk7.txt
ecg_diagnosis_input_2002_chunk121.txt,,,9,ecg_diagnosis_deID_2002_chunk121.txt
ecg_diagnosis_input_2017_chunk242.txt,,,9,ecg_diagnosis_deID_2017_chunk242.txt
ecg_diagnosis_input_1989_chunk5.txt,,,9,ecg_diagnosis_deID_1989_chunk5.txt
ecg_diagnosis_input_2017_chunk256.txt,,,9,ecg_diagnosis_deID_2017_chunk256.txt
ecg_diagnosis_input_2002_chunk135.txt,,,9,ecg_diagnosis_deID_2002_chunk135.txt
ecg_diagnosis_input_2008_chunk218.txt,,,9,ecg_diagnosis_deID_2008_chunk218.txt
ecg_diagnosis_input_2020_chunk290.txt,,,9,ecg_diagnosis_deID_2020_chunk290.txt
ecg_diagnosis_input_2016_chunk133.txt,,,9,ecg_diagnosis_deID_2016_chunk133.txt
ecg_diagnosis_input_2013_chunk289.txt,,,9,ecg_diagnosis_deID_2013_chunk289.txt
ecg_diagnosis_input_2010_chunk6.txt,,,9,ecg_diagnosis_deID_2010_chunk6.txt
ecg_diagnosis_input_2001_chunk4.txt,,,9,ecg_diagnosis_deID_2001_chunk4.txt
ecg_diagnosis_input_2022_chunk328.txt,,,9,ecg_diagnosis_deID_2022_chunk328.txt
ecg_diagnosis_input_1996_chunk137.txt,,,9,ecg_diagnosis_deID_1996_chunk137.txt
ecg_diagnosis_input_2011_chunk331.txt,,,9,ecg_diagnosis_deID_2011_chunk331.txt
ecg_diagnosis_input_2016_chunk55.txt,,,9,ecg_diagnosis_deID_2016_chunk55.txt
ecg_diagnosis_input_2022_chunk22.txt,,,9,ecg_diagnosis_deID_2022_chunk22.txt
ecg_diagnosis_input_2022_chunk300.txt,,,9,ecg_diagnosis_deID_2022_chunk300.txt
ecg_diagnosis_input_2009_chunk155.txt,,,9,ecg_diagnosis_deID_2009_chunk155.txt
ecg_diagnosis_input_2007_chunk14.txt,,,9,ecg_diagnosis_deID_2007_chunk14.txt
ecg_diagnosis_input_2011_chunk319.txt,,,9,ecg_diagnosis_deID_2011_chunk319.txt
ecg_diagnosis_input_2008_chunk230.txt,,,9,ecg_diagnosis_deID_2008_chunk230.txt
ecg_diagnosis_input_2002_chunk109.txt,,,9,ecg_diagnosis_deID_2002_chunk109.txt
ecg_diagnosis_input_2008_chunk224.txt,,,9,ecg_diagnosis_deID_2008_chunk224.txt
ecg_diagnosis_input_2022_chunk314.txt,,,9,ecg_diagnosis_deID_2022_chunk314.txt
ecg_diagnosis_input_2009_chunk141.txt,,,9,ecg_diagnosis_deID_2009_chunk141.txt
ecg_diagnosis_input_1993_chunk38.txt,,,9,ecg_diagnosis_deID_1993_chunk38.txt
ecg_diagnosis_input_2016_chunk69.txt,,,9,ecg_diagnosis_deID_2016_chunk69.txt
ecg_diagnosis_input_2022_chunk36.txt,,,9,ecg_diagnosis_deID_2022_chunk36.txt
ecg_diagnosis_input_2019_chunk198.txt,,,9,ecg_diagnosis_deID_2019_chunk198.txt
ecg_diagnosis_input_2020_chunk333.txt,,,9,ecg_diagnosis_deID_2020_chunk333.txt
ecg_diagnosis_input_2002_chunk11.txt,,,9,ecg_diagnosis_deID_2002_chunk11.txt
ecg_diagnosis_input_1996_chunk29.txt,,,9,ecg_diagnosis_deID_1996_chunk29.txt
ecg_diagnosis_input_2018_chunk404.txt,,,9,ecg_diagnosis_deID_2018_chunk404.txt
ecg_diagnosis_input_1987_chunk40.txt,,,9,ecg_diagnosis_deID_1987_chunk40.txt
ecg_diagnosis_input_2013_chunk78.txt,,,9,ecg_diagnosis_deID_2013_chunk78.txt
ecg_diagnosis_input_2011_chunk292.txt,,,9,ecg_diagnosis_deID_2011_chunk292.txt
ecg_diagnosis_input_2014_chunk128.txt,,,9,ecg_diagnosis_deID_2014_chunk128.txt
ecg_diagnosis_input_2017_chunk493.txt,,,9,ecg_diagnosis_deID_2017_chunk493.txt
ecg_diagnosis_input_2018_chunk362.txt,,,9,ecg_diagnosis_deID_2018_chunk362.txt
ecg_diagnosis_input_2020_chunk455.txt,,,9,ecg_diagnosis_deID_2020_chunk455.txt
ecg_diagnosis_input_2015_chunk259.txt,,,9,ecg_diagnosis_deID_2015_chunk259.txt
ecg_diagnosis_input_2020_chunk441.txt,,,9,ecg_diagnosis_deID_2020_chunk441.txt
ecg_diagnosis_input_2018_chunk376.txt,,,9,ecg_diagnosis_deID_2018_chunk376.txt
ecg_diagnosis_input_2018_chunk410.txt,,,9,ecg_diagnosis_deID_2018_chunk410.txt
ecg_diagnosis_input_1987_chunk54.txt,,,9,ecg_diagnosis_deID_1987_chunk54.txt
ecg_diagnosis_input_2011_chunk286.txt,,,9,ecg_diagnosis_deID_2011_chunk286.txt
ecg_diagnosis_input_2017_chunk487.txt,,,9,ecg_diagnosis_deID_2017_chunk487.txt
ecg_diagnosis_input_2020_chunk327.txt,,,9,ecg_diagnosis_deID_2020_chunk327.txt
ecg_diagnosis_input_1994_chunk138.txt,,,9,ecg_diagnosis_deID_1994_chunk138.txt
ecg_diagnosis_input_2018_chunk438.txt,,,9,ecg_diagnosis_deID_2018_chunk438.txt
ecg_diagnosis_input_1996_chunk15.txt,,,9,ecg_diagnosis_deID_1996_chunk15.txt
ecg_diagnosis_input_2013_chunk44.txt,,,9,ecg_diagnosis_deID_2013_chunk44.txt
ecg_diagnosis_input_2014_chunk114.txt,,,9,ecg_diagnosis_deID_2014_chunk114.txt
ecg_diagnosis_input_1994_chunk110.txt,,,9,ecg_diagnosis_deID_1994_chunk110.txt
ecg_diagnosis_input_2013_chunk316.txt,,,9,ecg_diagnosis_deID_2013_chunk316.txt
ecg_diagnosis_input_2007_chunk310.txt,,,9,ecg_diagnosis_deID_2007_chunk310.txt
ecg_diagnosis_input_2015_chunk271.txt,,,9,ecg_diagnosis_deID_2015_chunk271.txt
ecg_diagnosis_input_2020_chunk469.txt,,,9,ecg_diagnosis_deID_2020_chunk469.txt
ecg_diagnosis_input_2000_chunk112.txt,,,9,ecg_diagnosis_deID_2000_chunk112.txt
ecg_diagnosis_input_2000_chunk106.txt,,,9,ecg_diagnosis_deID_2000_chunk106.txt
ecg_diagnosis_input_2007_chunk304.txt,,,9,ecg_diagnosis_deID_2007_chunk304.txt
ecg_diagnosis_input_2015_chunk265.txt,,,9,ecg_diagnosis_deID_2015_chunk265.txt
ecg_diagnosis_input_1994_chunk104.txt,,,9,ecg_diagnosis_deID_1994_chunk104.txt
ecg_diagnosis_input_2013_chunk302.txt,,,9,ecg_diagnosis_deID_2013_chunk302.txt
ecg_diagnosis_input_2002_chunk39.txt,,,9,ecg_diagnosis_deID_2002_chunk39.txt
ecg_diagnosis_input_2013_chunk50.txt,,,9,ecg_diagnosis_deID_2013_chunk50.txt
ecg_diagnosis_input_1987_chunk68.txt,,,9,ecg_diagnosis_deID_1987_chunk68.txt
ecg_diagnosis_input_2014_chunk100.txt,,,9,ecg_diagnosis_deID_2014_chunk100.txt
ecg_diagnosis_input_2011_chunk251.txt,,,9,ecg_diagnosis_deID_2011_chunk251.txt
ecg_diagnosis_input_2017_chunk450.txt,,,9,ecg_diagnosis_deID_2017_chunk450.txt
ecg_diagnosis_input_2022_chunk248.txt,,,9,ecg_diagnosis_deID_2022_chunk248.txt
ecg_diagnosis_input_2014_chunk74.txt,,,9,ecg_diagnosis_deID_2014_chunk74.txt
ecg_diagnosis_input_2004_chunk132.txt,,,9,ecg_diagnosis_deID_2004_chunk132.txt
ecg_diagnosis_input_2008_chunk61.txt,,,9,ecg_diagnosis_deID_2008_chunk61.txt
ecg_diagnosis_input_1991_chunk25.txt,,,9,ecg_diagnosis_deID_1991_chunk25.txt
ecg_diagnosis_input_2020_chunk496.txt,,,9,ecg_diagnosis_deID_2020_chunk496.txt
ecg_diagnosis_input_2010_chunk134.txt,,,9,ecg_diagnosis_deID_2010_chunk134.txt
ecg_diagnosis_input_2017_chunk336.txt,,,9,ecg_diagnosis_deID_2017_chunk336.txt
ecg_diagnosis_input_2005_chunk257.txt,,,9,ecg_diagnosis_deID_2005_chunk257.txt
ecg_diagnosis_input_1995_chunk4.txt,,,9,ecg_diagnosis_deID_1995_chunk4.txt
ecg_diagnosis_input_2017_chunk322.txt,,,9,ecg_diagnosis_deID_2017_chunk322.txt
ecg_diagnosis_input_2005_chunk243.txt,,,9,ecg_diagnosis_deID_2005_chunk243.txt
ecg_diagnosis_input_2020_chunk482.txt,,,9,ecg_diagnosis_deID_2020_chunk482.txt
ecg_diagnosis_input_1984_chunk6.txt,,,9,ecg_diagnosis_deID_1984_chunk6.txt
ecg_diagnosis_input_2010_chunk120.txt,,,9,ecg_diagnosis_deID_2010_chunk120.txt
ecg_diagnosis_input_2004_chunk126.txt,,,9,ecg_diagnosis_deID_2004_chunk126.txt
ecg_diagnosis_input_2014_chunk60.txt,,,9,ecg_diagnosis_deID_2014_chunk60.txt
ecg_diagnosis_input_2008_chunk75.txt,,,9,ecg_diagnosis_deID_2008_chunk75.txt
ecg_diagnosis_input_1991_chunk31.txt,,,9,ecg_diagnosis_deID_1991_chunk31.txt
ecg_diagnosis_input_2011_chunk245.txt,,,9,ecg_diagnosis_deID_2011_chunk245.txt
ecg_diagnosis_input_2017_chunk444.txt,,,9,ecg_diagnosis_deID_2017_chunk444.txt
ecg_diagnosis_input_2019_chunk34.txt,,,9,ecg_diagnosis_deID_2019_chunk34.txt
ecg_diagnosis_input_2014_chunk48.txt,,,9,ecg_diagnosis_deID_2014_chunk48.txt
ecg_diagnosis_input_2005_chunk21.txt,,,9,ecg_diagnosis_deID_2005_chunk21.txt
ecg_diagnosis_input_1991_chunk19.txt,,,9,ecg_diagnosis_deID_1991_chunk19.txt
ecg_diagnosis_input_2022_chunk274.txt,,,9,ecg_diagnosis_deID_2022_chunk274.txt
ecg_diagnosis_input_2020_chunk17.txt,,,9,ecg_diagnosis_deID_2020_chunk17.txt
ecg_diagnosis_input_2013_chunk87.txt,,,9,ecg_diagnosis_deID_2013_chunk87.txt
ecg_diagnosis_input_2010_chunk108.txt,,,9,ecg_diagnosis_deID_2010_chunk108.txt
ecg_diagnosis_input_1990_chunk118.txt,,,9,ecg_diagnosis_deID_1990_chunk118.txt
ecg_diagnosis_input_2018_chunk389.txt,,,9,ecg_diagnosis_deID_2018_chunk389.txt
ecg_diagnosis_input_2011_chunk279.txt,,,9,ecg_diagnosis_deID_2011_chunk279.txt
ecg_diagnosis_input_2017_chunk478.txt,,,9,ecg_diagnosis_deID_2017_chunk478.txt
ecg_diagnosis_input_2022_chunk260.txt,,,9,ecg_diagnosis_deID_2022_chunk260.txt
ecg_diagnosis_input_2013_chunk93.txt,,,9,ecg_diagnosis_deID_2013_chunk93.txt
ecg_diagnosis_input_2019_chunk20.txt,,,9,ecg_diagnosis_deID_2019_chunk20.txt
ecg_diagnosis_input_2005_chunk35.txt,,,9,ecg_diagnosis_deID_2005_chunk35.txt
ecg_diagnosis_input_2008_chunk49.txt,,,9,ecg_diagnosis_deID_2008_chunk49.txt
ecg_diagnosis_input_2019_chunk563.txt,,,9,ecg_diagnosis_deID_2019_chunk563.txt
ecg_diagnosis_input_2006_chunk91.txt,,,9,ecg_diagnosis_deID_2006_chunk91.txt
ecg_diagnosis_input_2010_chunk37.txt,,,9,ecg_diagnosis_deID_2010_chunk37.txt
ecg_diagnosis_input_2018_chunk160.txt,,,9,ecg_diagnosis_deID_2018_chunk160.txt
ecg_diagnosis_input_1989_chunk73.txt,,,9,ecg_diagnosis_deID_1989_chunk73.txt
ecg_diagnosis_input_2021_chunk254.txt,,,9,ecg_diagnosis_deID_2021_chunk254.txt
ecg_diagnosis_input_1995_chunk66.txt,,,9,ecg_diagnosis_deID_1995_chunk66.txt
ecg_diagnosis_input_2021_chunk532.txt,,,9,ecg_diagnosis_deID_2021_chunk532.txt
ecg_diagnosis_input_1987_chunk8.txt,,,9,ecg_diagnosis_deID_1987_chunk8.txt
ecg_diagnosis_input_2013_chunk128.txt,,,9,ecg_diagnosis_deID_2013_chunk128.txt
ecg_diagnosis_input_2016_chunk292.txt,,,9,ecg_diagnosis_deID_2016_chunk292.txt
ecg_diagnosis_input_2020_chunk131.txt,,,9,ecg_diagnosis_deID_2020_chunk131.txt
ecg_diagnosis_input_2019_chunk205.txt,,,9,ecg_diagnosis_deID_2019_chunk205.txt
ecg_diagnosis_input_2016_chunk286.txt,,,9,ecg_diagnosis_deID_2016_chunk286.txt
ecg_diagnosis_input_2020_chunk125.txt,,,9,ecg_diagnosis_deID_2020_chunk125.txt
ecg_diagnosis_input_2019_chunk211.txt,,,9,ecg_diagnosis_deID_2019_chunk211.txt
ecg_diagnosis_input_2021_chunk526.txt,,,9,ecg_diagnosis_deID_2021_chunk526.txt
ecg_diagnosis_input_2010_chunk23.txt,,,9,ecg_diagnosis_deID_2010_chunk23.txt
ecg_diagnosis_input_2018_chunk174.txt,,,9,ecg_diagnosis_deID_2018_chunk174.txt
ecg_diagnosis_input_1989_chunk67.txt,,,9,ecg_diagnosis_deID_1989_chunk67.txt
ecg_diagnosis_input_2021_chunk240.txt,,,9,ecg_diagnosis_deID_2021_chunk240.txt
ecg_diagnosis_input_1995_chunk72.txt,,,9,ecg_diagnosis_deID_1995_chunk72.txt
ecg_diagnosis_input_2015_chunk3.txt,,,9,ecg_diagnosis_deID_2015_chunk3.txt
ecg_diagnosis_input_2012_chunk259.txt,,,9,ecg_diagnosis_deID_2012_chunk259.txt
ecg_diagnosis_input_2004_chunk1.txt,,,9,ecg_diagnosis_deID_2004_chunk1.txt
ecg_diagnosis_input_2019_chunk577.txt,,,9,ecg_diagnosis_deID_2019_chunk577.txt
ecg_diagnosis_input_2006_chunk85.txt,,,9,ecg_diagnosis_deID_2006_chunk85.txt
ecg_diagnosis_input_1984_chunk33.txt,,,9,ecg_diagnosis_deID_1984_chunk33.txt
ecg_diagnosis_input_2001_chunk62.txt,,,9,ecg_diagnosis_deID_2001_chunk62.txt
ecg_diagnosis_input_2021_chunk268.txt,,,9,ecg_diagnosis_deID_2021_chunk268.txt
ecg_diagnosis_input_1998_chunk26.txt,,,9,ecg_diagnosis_deID_1998_chunk26.txt
ecg_diagnosis_input_2022_chunk3.txt,,,9,ecg_diagnosis_deID_2022_chunk3.txt
ecg_diagnosis_input_2012_chunk271.txt,,,9,ecg_diagnosis_deID_2012_chunk271.txt
ecg_diagnosis_input_2008_chunk185.txt,,,9,ecg_diagnosis_deID_2008_chunk185.txt
ecg_diagnosis_input_1992_chunk95.txt,,,9,ecg_diagnosis_deID_1992_chunk95.txt
ecg_diagnosis_input_2007_chunk112.txt,,,9,ecg_diagnosis_deID_2007_chunk112.txt
ecg_diagnosis_input_2013_chunk114.txt,,,9,ecg_diagnosis_deID_2013_chunk114.txt
ecg_diagnosis_input_2019_chunk239.txt,,,9,ecg_diagnosis_deID_2019_chunk239.txt
ecg_diagnosis_input_2006_chunk277.txt,,,9,ecg_diagnosis_deID_2006_chunk277.txt
ecg_diagnosis_input_2014_chunk316.txt,,,9,ecg_diagnosis_deID_2014_chunk316.txt
ecg_diagnosis_input_1993_chunk110.txt,,,9,ecg_diagnosis_deID_1993_chunk110.txt
ecg_diagnosis_input_2006_chunk263.txt,,,9,ecg_diagnosis_deID_2006_chunk263.txt
ecg_diagnosis_input_2014_chunk302.txt,,,9,ecg_diagnosis_deID_2014_chunk302.txt
ecg_diagnosis_input_1993_chunk104.txt,,,9,ecg_diagnosis_deID_1993_chunk104.txt
ecg_diagnosis_input_2013_chunk100.txt,,,9,ecg_diagnosis_deID_2013_chunk100.txt
ecg_diagnosis_input_2020_chunk119.txt,,,9,ecg_diagnosis_deID_2020_chunk119.txt
ecg_diagnosis_input_2008_chunk191.txt,,,9,ecg_diagnosis_deID_2008_chunk191.txt
ecg_diagnosis_input_1992_chunk81.txt,,,9,ecg_diagnosis_deID_1992_chunk81.txt
ecg_diagnosis_input_2007_chunk106.txt,,,9,ecg_diagnosis_deID_2007_chunk106.txt
ecg_diagnosis_input_1984_chunk27.txt,,,9,ecg_diagnosis_deID_1984_chunk27.txt
ecg_diagnosis_input_2018_chunk148.txt,,,9,ecg_diagnosis_deID_2018_chunk148.txt
ecg_diagnosis_input_2001_chunk76.txt,,,9,ecg_diagnosis_deID_2001_chunk76.txt
ecg_diagnosis_input_1998_chunk32.txt,,,9,ecg_diagnosis_deID_1998_chunk32.txt
ecg_diagnosis_input_2012_chunk265.txt,,,9,ecg_diagnosis_deID_2012_chunk265.txt
ecg_diagnosis_input_2017_chunk134.txt,,,9,ecg_diagnosis_deID_2017_chunk134.txt
ecg_diagnosis_input_2021_chunk297.txt,,,9,ecg_diagnosis_deID_2021_chunk297.txt
ecg_diagnosis_input_2010_chunk336.txt,,,9,ecg_diagnosis_deID_2010_chunk336.txt
ecg_diagnosis_input_2006_chunk52.txt,,,9,ecg_diagnosis_deID_2006_chunk52.txt
ecg_diagnosis_input_1997_chunk130.txt,,,9,ecg_diagnosis_deID_1997_chunk130.txt
ecg_diagnosis_input_2016_chunk251.txt,,,9,ecg_diagnosis_deID_2016_chunk251.txt
ecg_diagnosis_input_2006_chunk288.txt,,,9,ecg_diagnosis_deID_2006_chunk288.txt
ecg_diagnosis_input_2003_chunk132.txt,,,9,ecg_diagnosis_deID_2003_chunk132.txt
ecg_diagnosis_input_2003_chunk126.txt,,,9,ecg_diagnosis_deID_2003_chunk126.txt
ecg_diagnosis_input_2016_chunk245.txt,,,9,ecg_diagnosis_deID_2016_chunk245.txt
ecg_diagnosis_input_2006_chunk46.txt,,,9,ecg_diagnosis_deID_2006_chunk46.txt
ecg_diagnosis_input_2010_chunk322.txt,,,9,ecg_diagnosis_deID_2010_chunk322.txt
ecg_diagnosis_input_1983_chunk17.txt,,,9,ecg_diagnosis_deID_1983_chunk17.txt
ecg_diagnosis_input_1997_chunk124.txt,,,9,ecg_diagnosis_deID_1997_chunk124.txt
ecg_diagnosis_input_2017_chunk120.txt,,,9,ecg_diagnosis_deID_2017_chunk120.txt
ecg_diagnosis_input_2021_chunk283.txt,,,9,ecg_diagnosis_deID_2021_chunk283.txt
ecg_diagnosis_input_2001_chunk89.txt,,,9,ecg_diagnosis_deID_2001_chunk89.txt
ecg_diagnosis_input_1992_chunk56.txt,,,9,ecg_diagnosis_deID_1992_chunk56.txt
ecg_diagnosis_input_2008_chunk146.txt,,,9,ecg_diagnosis_deID_2008_chunk146.txt
ecg_diagnosis_input_2017_chunk108.txt,,,9,ecg_diagnosis_deID_2017_chunk108.txt
ecg_diagnosis_input_1995_chunk99.txt,,,9,ecg_diagnosis_deID_1995_chunk99.txt
ecg_diagnosis_input_2009_chunk223.txt,,,9,ecg_diagnosis_deID_2009_chunk223.txt
ecg_diagnosis_input_2016_chunk279.txt,,,9,ecg_diagnosis_deID_2016_chunk279.txt
ecg_diagnosis_input_2009_chunk237.txt,,,9,ecg_diagnosis_deID_2009_chunk237.txt
ecg_diagnosis_input_1989_chunk98.txt,,,9,ecg_diagnosis_deID_1989_chunk98.txt
ecg_diagnosis_input_1992_chunk42.txt,,,9,ecg_diagnosis_deID_1992_chunk42.txt
ecg_diagnosis_input_2017_chunk13.txt,,,9,ecg_diagnosis_deID_2017_chunk13.txt
ecg_diagnosis_input_2008_chunk152.txt,,,9,ecg_diagnosis_deID_2008_chunk152.txt
ecg_diagnosis_input_2019_chunk588.txt,,,9,ecg_diagnosis_deID_2019_chunk588.txt
ecg_diagnosis_input_1997_chunk118.txt,,,9,ecg_diagnosis_deID_1997_chunk118.txt
ecg_diagnosis_input_2009_chunk236.txt,,,9,ecg_diagnosis_deID_2009_chunk236.txt
ecg_diagnosis_input_2016_chunk278.txt,,,9,ecg_diagnosis_deID_2016_chunk278.txt
ecg_diagnosis_input_2019_chunk589.txt,,,9,ecg_diagnosis_deID_2019_chunk589.txt
ecg_diagnosis_input_1997_chunk119.txt,,,9,ecg_diagnosis_deID_1997_chunk119.txt
ecg_diagnosis_input_2008_chunk153.txt,,,9,ecg_diagnosis_deID_2008_chunk153.txt
ecg_diagnosis_input_2017_chunk12.txt,,,9,ecg_diagnosis_deID_2017_chunk12.txt
ecg_diagnosis_input_1992_chunk43.txt,,,9,ecg_diagnosis_deID_1992_chunk43.txt
ecg_diagnosis_input_1989_chunk99.txt,,,9,ecg_diagnosis_deID_1989_chunk99.txt
ecg_diagnosis_input_1995_chunk98.txt,,,9,ecg_diagnosis_deID_1995_chunk98.txt
ecg_diagnosis_input_2017_chunk109.txt,,,9,ecg_diagnosis_deID_2017_chunk109.txt
ecg_diagnosis_input_2008_chunk147.txt,,,9,ecg_diagnosis_deID_2008_chunk147.txt
ecg_diagnosis_input_1992_chunk57.txt,,,9,ecg_diagnosis_deID_1992_chunk57.txt
ecg_diagnosis_input_2009_chunk222.txt,,,9,ecg_diagnosis_deID_2009_chunk222.txt
ecg_diagnosis_input_2016_chunk244.txt,,,9,ecg_diagnosis_deID_2016_chunk244.txt
ecg_diagnosis_input_2003_chunk127.txt,,,9,ecg_diagnosis_deID_2003_chunk127.txt
ecg_diagnosis_input_2001_chunk88.txt,,,9,ecg_diagnosis_deID_2001_chunk88.txt
ecg_diagnosis_input_2021_chunk282.txt,,,9,ecg_diagnosis_deID_2021_chunk282.txt
ecg_diagnosis_input_2017_chunk121.txt,,,9,ecg_diagnosis_deID_2017_chunk121.txt
ecg_diagnosis_input_1997_chunk125.txt,,,9,ecg_diagnosis_deID_1997_chunk125.txt
ecg_diagnosis_input_1983_chunk16.txt,,,9,ecg_diagnosis_deID_1983_chunk16.txt
ecg_diagnosis_input_2010_chunk323.txt,,,9,ecg_diagnosis_deID_2010_chunk323.txt
ecg_diagnosis_input_2006_chunk47.txt,,,9,ecg_diagnosis_deID_2006_chunk47.txt
ecg_diagnosis_input_1997_chunk131.txt,,,9,ecg_diagnosis_deID_1997_chunk131.txt
ecg_diagnosis_input_2006_chunk53.txt,,,9,ecg_diagnosis_deID_2006_chunk53.txt
ecg_diagnosis_input_2010_chunk337.txt,,,9,ecg_diagnosis_deID_2010_chunk337.txt
ecg_diagnosis_input_2021_chunk296.txt,,,9,ecg_diagnosis_deID_2021_chunk296.txt
ecg_diagnosis_input_2017_chunk135.txt,,,9,ecg_diagnosis_deID_2017_chunk135.txt
ecg_diagnosis_input_2003_chunk133.txt,,,9,ecg_diagnosis_deID_2003_chunk133.txt
ecg_diagnosis_input_2006_chunk289.txt,,,9,ecg_diagnosis_deID_2006_chunk289.txt
ecg_diagnosis_input_2016_chunk250.txt,,,9,ecg_diagnosis_deID_2016_chunk250.txt
ecg_diagnosis_input_2020_chunk118.txt,,,9,ecg_diagnosis_deID_2020_chunk118.txt
ecg_diagnosis_input_2013_chunk101.txt,,,9,ecg_diagnosis_deID_2013_chunk101.txt
ecg_diagnosis_input_1993_chunk105.txt,,,9,ecg_diagnosis_deID_1993_chunk105.txt
ecg_diagnosis_input_2014_chunk303.txt,,,9,ecg_diagnosis_deID_2014_chunk303.txt
ecg_diagnosis_input_2006_chunk262.txt,,,9,ecg_diagnosis_deID_2006_chunk262.txt
ecg_diagnosis_input_2012_chunk264.txt,,,9,ecg_diagnosis_deID_2012_chunk264.txt
ecg_diagnosis_input_1998_chunk33.txt,,,9,ecg_diagnosis_deID_1998_chunk33.txt
ecg_diagnosis_input_2001_chunk77.txt,,,9,ecg_diagnosis_deID_2001_chunk77.txt
ecg_diagnosis_input_1984_chunk26.txt,,,9,ecg_diagnosis_deID_1984_chunk26.txt
ecg_diagnosis_input_2018_chunk149.txt,,,9,ecg_diagnosis_deID_2018_chunk149.txt
ecg_diagnosis_input_2007_chunk107.txt,,,9,ecg_diagnosis_deID_2007_chunk107.txt
ecg_diagnosis_input_1992_chunk80.txt,,,9,ecg_diagnosis_deID_1992_chunk80.txt
ecg_diagnosis_input_2008_chunk190.txt,,,9,ecg_diagnosis_deID_2008_chunk190.txt
ecg_diagnosis_input_2007_chunk113.txt,,,9,ecg_diagnosis_deID_2007_chunk113.txt
ecg_diagnosis_input_1992_chunk94.txt,,,9,ecg_diagnosis_deID_1992_chunk94.txt
ecg_diagnosis_input_2008_chunk184.txt,,,9,ecg_diagnosis_deID_2008_chunk184.txt
ecg_diagnosis_input_2012_chunk270.txt,,,9,ecg_diagnosis_deID_2012_chunk270.txt
ecg_diagnosis_input_2022_chunk2.txt,,,9,ecg_diagnosis_deID_2022_chunk2.txt
ecg_diagnosis_input_2021_chunk269.txt,,,9,ecg_diagnosis_deID_2021_chunk269.txt
ecg_diagnosis_input_1998_chunk27.txt,,,9,ecg_diagnosis_deID_1998_chunk27.txt
ecg_diagnosis_input_2001_chunk63.txt,,,9,ecg_diagnosis_deID_2001_chunk63.txt
ecg_diagnosis_input_1984_chunk32.txt,,,9,ecg_diagnosis_deID_1984_chunk32.txt
ecg_diagnosis_input_1993_chunk111.txt,,,9,ecg_diagnosis_deID_1993_chunk111.txt
ecg_diagnosis_input_2014_chunk317.txt,,,9,ecg_diagnosis_deID_2014_chunk317.txt
ecg_diagnosis_input_2006_chunk276.txt,,,9,ecg_diagnosis_deID_2006_chunk276.txt
ecg_diagnosis_input_2019_chunk238.txt,,,9,ecg_diagnosis_deID_2019_chunk238.txt
ecg_diagnosis_input_2013_chunk115.txt,,,9,ecg_diagnosis_deID_2013_chunk115.txt
ecg_diagnosis_input_2021_chunk527.txt,,,9,ecg_diagnosis_deID_2021_chunk527.txt
ecg_diagnosis_input_2019_chunk210.txt,,,9,ecg_diagnosis_deID_2019_chunk210.txt
ecg_diagnosis_input_2020_chunk124.txt,,,9,ecg_diagnosis_deID_2020_chunk124.txt
ecg_diagnosis_input_2016_chunk287.txt,,,9,ecg_diagnosis_deID_2016_chunk287.txt
ecg_diagnosis_input_2006_chunk84.txt,,,9,ecg_diagnosis_deID_2006_chunk84.txt
ecg_diagnosis_input_2019_chunk576.txt,,,9,ecg_diagnosis_deID_2019_chunk576.txt
ecg_diagnosis_input_2012_chunk258.txt,,,9,ecg_diagnosis_deID_2012_chunk258.txt
ecg_diagnosis_input_2015_chunk2.txt,,,9,ecg_diagnosis_deID_2015_chunk2.txt
ecg_diagnosis_input_1995_chunk73.txt,,,9,ecg_diagnosis_deID_1995_chunk73.txt
ecg_diagnosis_input_2021_chunk241.txt,,,9,ecg_diagnosis_deID_2021_chunk241.txt
ecg_diagnosis_input_1989_chunk66.txt,,,9,ecg_diagnosis_deID_1989_chunk66.txt
ecg_diagnosis_input_2018_chunk175.txt,,,9,ecg_diagnosis_deID_2018_chunk175.txt
ecg_diagnosis_input_2010_chunk22.txt,,,9,ecg_diagnosis_deID_2010_chunk22.txt
ecg_diagnosis_input_1995_chunk67.txt,,,9,ecg_diagnosis_deID_1995_chunk67.txt
ecg_diagnosis_input_2021_chunk255.txt,,,9,ecg_diagnosis_deID_2021_chunk255.txt
ecg_diagnosis_input_1989_chunk72.txt,,,9,ecg_diagnosis_deID_1989_chunk72.txt
ecg_diagnosis_input_2018_chunk161.txt,,,9,ecg_diagnosis_deID_2018_chunk161.txt
ecg_diagnosis_input_2010_chunk36.txt,,,9,ecg_diagnosis_deID_2010_chunk36.txt
ecg_diagnosis_input_2006_chunk90.txt,,,9,ecg_diagnosis_deID_2006_chunk90.txt
ecg_diagnosis_input_2019_chunk562.txt,,,9,ecg_diagnosis_deID_2019_chunk562.txt
ecg_diagnosis_input_2019_chunk204.txt,,,9,ecg_diagnosis_deID_2019_chunk204.txt
ecg_diagnosis_input_2020_chunk130.txt,,,9,ecg_diagnosis_deID_2020_chunk130.txt
ecg_diagnosis_input_2016_chunk293.txt,,,9,ecg_diagnosis_deID_2016_chunk293.txt
ecg_diagnosis_input_2013_chunk129.txt,,,9,ecg_diagnosis_deID_2013_chunk129.txt
ecg_diagnosis_input_1987_chunk9.txt,,,9,ecg_diagnosis_deID_1987_chunk9.txt
ecg_diagnosis_input_2021_chunk533.txt,,,9,ecg_diagnosis_deID_2021_chunk533.txt
ecg_diagnosis_input_2018_chunk388.txt,,,9,ecg_diagnosis_deID_2018_chunk388.txt
ecg_diagnosis_input_1990_chunk119.txt,,,9,ecg_diagnosis_deID_1990_chunk119.txt
ecg_diagnosis_input_2008_chunk48.txt,,,9,ecg_diagnosis_deID_2008_chunk48.txt
ecg_diagnosis_input_2005_chunk34.txt,,,9,ecg_diagnosis_deID_2005_chunk34.txt
ecg_diagnosis_input_2019_chunk21.txt,,,9,ecg_diagnosis_deID_2019_chunk21.txt
ecg_diagnosis_input_2013_chunk92.txt,,,9,ecg_diagnosis_deID_2013_chunk92.txt
ecg_diagnosis_input_2022_chunk261.txt,,,9,ecg_diagnosis_deID_2022_chunk261.txt
ecg_diagnosis_input_2017_chunk479.txt,,,9,ecg_diagnosis_deID_2017_chunk479.txt
ecg_diagnosis_input_2011_chunk278.txt,,,9,ecg_diagnosis_deID_2011_chunk278.txt
ecg_diagnosis_input_2013_chunk86.txt,,,9,ecg_diagnosis_deID_2013_chunk86.txt
ecg_diagnosis_input_2020_chunk16.txt,,,9,ecg_diagnosis_deID_2020_chunk16.txt
ecg_diagnosis_input_2022_chunk275.txt,,,9,ecg_diagnosis_deID_2022_chunk275.txt
ecg_diagnosis_input_2005_chunk20.txt,,,9,ecg_diagnosis_deID_2005_chunk20.txt
ecg_diagnosis_input_1991_chunk18.txt,,,9,ecg_diagnosis_deID_1991_chunk18.txt
ecg_diagnosis_input_2014_chunk49.txt,,,9,ecg_diagnosis_deID_2014_chunk49.txt
ecg_diagnosis_input_2019_chunk35.txt,,,9,ecg_diagnosis_deID_2019_chunk35.txt
ecg_diagnosis_input_2010_chunk109.txt,,,9,ecg_diagnosis_deID_2010_chunk109.txt
ecg_diagnosis_input_2010_chunk121.txt,,,9,ecg_diagnosis_deID_2010_chunk121.txt
ecg_diagnosis_input_1984_chunk7.txt,,,9,ecg_diagnosis_deID_1984_chunk7.txt
ecg_diagnosis_input_2020_chunk483.txt,,,9,ecg_diagnosis_deID_2020_chunk483.txt
ecg_diagnosis_input_2005_chunk242.txt,,,9,ecg_diagnosis_deID_2005_chunk242.txt
ecg_diagnosis_input_2017_chunk323.txt,,,9,ecg_diagnosis_deID_2017_chunk323.txt
ecg_diagnosis_input_1995_chunk5.txt,,,9,ecg_diagnosis_deID_1995_chunk5.txt
ecg_diagnosis_input_2017_chunk445.txt,,,9,ecg_diagnosis_deID_2017_chunk445.txt
ecg_diagnosis_input_2011_chunk244.txt,,,9,ecg_diagnosis_deID_2011_chunk244.txt
ecg_diagnosis_input_1991_chunk30.txt,,,9,ecg_diagnosis_deID_1991_chunk30.txt
ecg_diagnosis_input_2008_chunk74.txt,,,9,ecg_diagnosis_deID_2008_chunk74.txt
ecg_diagnosis_input_2014_chunk61.txt,,,9,ecg_diagnosis_deID_2014_chunk61.txt
ecg_diagnosis_input_2004_chunk127.txt,,,9,ecg_diagnosis_deID_2004_chunk127.txt
ecg_diagnosis_input_1991_chunk24.txt,,,9,ecg_diagnosis_deID_1991_chunk24.txt
ecg_diagnosis_input_2008_chunk60.txt,,,9,ecg_diagnosis_deID_2008_chunk60.txt
ecg_diagnosis_input_2004_chunk133.txt,,,9,ecg_diagnosis_deID_2004_chunk133.txt
ecg_diagnosis_input_2014_chunk75.txt,,,9,ecg_diagnosis_deID_2014_chunk75.txt
ecg_diagnosis_input_2022_chunk249.txt,,,9,ecg_diagnosis_deID_2022_chunk249.txt
ecg_diagnosis_input_2017_chunk451.txt,,,9,ecg_diagnosis_deID_2017_chunk451.txt
ecg_diagnosis_input_2011_chunk250.txt,,,9,ecg_diagnosis_deID_2011_chunk250.txt
ecg_diagnosis_input_2005_chunk256.txt,,,9,ecg_diagnosis_deID_2005_chunk256.txt
ecg_diagnosis_input_2017_chunk337.txt,,,9,ecg_diagnosis_deID_2017_chunk337.txt
ecg_diagnosis_input_2010_chunk135.txt,,,9,ecg_diagnosis_deID_2010_chunk135.txt
ecg_diagnosis_input_2020_chunk497.txt,,,9,ecg_diagnosis_deID_2020_chunk497.txt
ecg_diagnosis_input_2015_chunk264.txt,,,9,ecg_diagnosis_deID_2015_chunk264.txt
ecg_diagnosis_input_2007_chunk305.txt,,,9,ecg_diagnosis_deID_2007_chunk305.txt
ecg_diagnosis_input_2000_chunk107.txt,,,9,ecg_diagnosis_deID_2000_chunk107.txt
ecg_diagnosis_input_2014_chunk101.txt,,,9,ecg_diagnosis_deID_2014_chunk101.txt
ecg_diagnosis_input_2013_chunk51.txt,,,9,ecg_diagnosis_deID_2013_chunk51.txt
ecg_diagnosis_input_1987_chunk69.txt,,,9,ecg_diagnosis_deID_1987_chunk69.txt
ecg_diagnosis_input_2002_chunk38.txt,,,9,ecg_diagnosis_deID_2002_chunk38.txt
ecg_diagnosis_input_2013_chunk303.txt,,,9,ecg_diagnosis_deID_2013_chunk303.txt
ecg_diagnosis_input_1994_chunk105.txt,,,9,ecg_diagnosis_deID_1994_chunk105.txt
ecg_diagnosis_input_2013_chunk317.txt,,,9,ecg_diagnosis_deID_2013_chunk317.txt
ecg_diagnosis_input_1994_chunk111.txt,,,9,ecg_diagnosis_deID_1994_chunk111.txt
ecg_diagnosis_input_2014_chunk115.txt,,,9,ecg_diagnosis_deID_2014_chunk115.txt
ecg_diagnosis_input_2013_chunk45.txt,,,9,ecg_diagnosis_deID_2013_chunk45.txt
ecg_diagnosis_input_1996_chunk14.txt,,,9,ecg_diagnosis_deID_1996_chunk14.txt
ecg_diagnosis_input_2018_chunk439.txt,,,9,ecg_diagnosis_deID_2018_chunk439.txt
ecg_diagnosis_input_2000_chunk113.txt,,,9,ecg_diagnosis_deID_2000_chunk113.txt
ecg_diagnosis_input_2020_chunk468.txt,,,9,ecg_diagnosis_deID_2020_chunk468.txt
ecg_diagnosis_input_2015_chunk270.txt,,,9,ecg_diagnosis_deID_2015_chunk270.txt
ecg_diagnosis_input_2007_chunk311.txt,,,9,ecg_diagnosis_deID_2007_chunk311.txt
ecg_diagnosis_input_2018_chunk377.txt,,,9,ecg_diagnosis_deID_2018_chunk377.txt
ecg_diagnosis_input_2020_chunk440.txt,,,9,ecg_diagnosis_deID_2020_chunk440.txt
ecg_diagnosis_input_2015_chunk258.txt,,,9,ecg_diagnosis_deID_2015_chunk258.txt
ecg_diagnosis_input_2020_chunk326.txt,,,9,ecg_diagnosis_deID_2020_chunk326.txt
ecg_diagnosis_input_1994_chunk139.txt,,,9,ecg_diagnosis_deID_1994_chunk139.txt
ecg_diagnosis_input_2017_chunk486.txt,,,9,ecg_diagnosis_deID_2017_chunk486.txt
ecg_diagnosis_input_2011_chunk287.txt,,,9,ecg_diagnosis_deID_2011_chunk287.txt
ecg_diagnosis_input_1987_chunk55.txt,,,9,ecg_diagnosis_deID_1987_chunk55.txt
ecg_diagnosis_input_2018_chunk411.txt,,,9,ecg_diagnosis_deID_2018_chunk411.txt
ecg_diagnosis_input_2017_chunk492.txt,,,9,ecg_diagnosis_deID_2017_chunk492.txt
ecg_diagnosis_input_2014_chunk129.txt,,,9,ecg_diagnosis_deID_2014_chunk129.txt
ecg_diagnosis_input_2011_chunk293.txt,,,9,ecg_diagnosis_deID_2011_chunk293.txt
ecg_diagnosis_input_1987_chunk41.txt,,,9,ecg_diagnosis_deID_1987_chunk41.txt
ecg_diagnosis_input_2013_chunk79.txt,,,9,ecg_diagnosis_deID_2013_chunk79.txt
ecg_diagnosis_input_2018_chunk405.txt,,,9,ecg_diagnosis_deID_2018_chunk405.txt
ecg_diagnosis_input_2002_chunk10.txt,,,9,ecg_diagnosis_deID_2002_chunk10.txt
ecg_diagnosis_input_1996_chunk28.txt,,,9,ecg_diagnosis_deID_1996_chunk28.txt
ecg_diagnosis_input_2020_chunk332.txt,,,9,ecg_diagnosis_deID_2020_chunk332.txt
ecg_diagnosis_input_2020_chunk454.txt,,,9,ecg_diagnosis_deID_2020_chunk454.txt
ecg_diagnosis_input_2018_chunk363.txt,,,9,ecg_diagnosis_deID_2018_chunk363.txt
ecg_diagnosis_input_2008_chunk225.txt,,,9,ecg_diagnosis_deID_2008_chunk225.txt
ecg_diagnosis_input_2002_chunk108.txt,,,9,ecg_diagnosis_deID_2002_chunk108.txt
ecg_diagnosis_input_2019_chunk199.txt,,,9,ecg_diagnosis_deID_2019_chunk199.txt
ecg_diagnosis_input_2022_chunk37.txt,,,9,ecg_diagnosis_deID_2022_chunk37.txt
ecg_diagnosis_input_2016_chunk68.txt,,,9,ecg_diagnosis_deID_2016_chunk68.txt
ecg_diagnosis_input_1993_chunk39.txt,,,9,ecg_diagnosis_deID_1993_chunk39.txt
ecg_diagnosis_input_2009_chunk140.txt,,,9,ecg_diagnosis_deID_2009_chunk140.txt
ecg_diagnosis_input_2022_chunk315.txt,,,9,ecg_diagnosis_deID_2022_chunk315.txt
ecg_diagnosis_input_2011_chunk318.txt,,,9,ecg_diagnosis_deID_2011_chunk318.txt
ecg_diagnosis_input_2007_chunk15.txt,,,9,ecg_diagnosis_deID_2007_chunk15.txt
ecg_diagnosis_input_2009_chunk154.txt,,,9,ecg_diagnosis_deID_2009_chunk154.txt
ecg_diagnosis_input_2022_chunk301.txt,,,9,ecg_diagnosis_deID_2022_chunk301.txt
ecg_diagnosis_input_2022_chunk23.txt,,,9,ecg_diagnosis_deID_2022_chunk23.txt
ecg_diagnosis_input_2008_chunk231.txt,,,9,ecg_diagnosis_deID_2008_chunk231.txt
ecg_diagnosis_input_2008_chunk219.txt,,,9,ecg_diagnosis_deID_2008_chunk219.txt
ecg_diagnosis_input_2002_chunk134.txt,,,9,ecg_diagnosis_deID_2002_chunk134.txt
ecg_diagnosis_input_2017_chunk257.txt,,,9,ecg_diagnosis_deID_2017_chunk257.txt
ecg_diagnosis_input_2016_chunk54.txt,,,9,ecg_diagnosis_deID_2016_chunk54.txt
ecg_diagnosis_input_2011_chunk330.txt,,,9,ecg_diagnosis_deID_2011_chunk330.txt
ecg_diagnosis_input_2022_chunk329.txt,,,9,ecg_diagnosis_deID_2022_chunk329.txt
ecg_diagnosis_input_1996_chunk136.txt,,,9,ecg_diagnosis_deID_1996_chunk136.txt
ecg_diagnosis_input_2001_chunk5.txt,,,9,ecg_diagnosis_deID_2001_chunk5.txt
ecg_diagnosis_input_2013_chunk288.txt,,,9,ecg_diagnosis_deID_2013_chunk288.txt
ecg_diagnosis_input_2016_chunk132.txt,,,9,ecg_diagnosis_deID_2016_chunk132.txt
ecg_diagnosis_input_2010_chunk7.txt,,,9,ecg_diagnosis_deID_2010_chunk7.txt
ecg_diagnosis_input_2020_chunk291.txt,,,9,ecg_diagnosis_deID_2020_chunk291.txt
ecg_diagnosis_input_2016_chunk126.txt,,,9,ecg_diagnosis_deID_2016_chunk126.txt
ecg_diagnosis_input_2020_chunk285.txt,,,9,ecg_diagnosis_deID_2020_chunk285.txt
ecg_diagnosis_input_2011_chunk324.txt,,,9,ecg_diagnosis_deID_2011_chunk324.txt
ecg_diagnosis_input_2016_chunk40.txt,,,9,ecg_diagnosis_deID_2016_chunk40.txt
ecg_diagnosis_input_2007_chunk29.txt,,,9,ecg_diagnosis_deID_2007_chunk29.txt
ecg_diagnosis_input_1993_chunk11.txt,,,9,ecg_diagnosis_deID_1993_chunk11.txt
ecg_diagnosis_input_1996_chunk122.txt,,,9,ecg_diagnosis_deID_1996_chunk122.txt
ecg_diagnosis_input_2009_chunk168.txt,,,9,ecg_diagnosis_deID_2009_chunk168.txt
ecg_diagnosis_input_1989_chunk4.txt,,,9,ecg_diagnosis_deID_1989_chunk4.txt
ecg_diagnosis_input_2017_chunk243.txt,,,9,ecg_diagnosis_deID_2017_chunk243.txt
ecg_diagnosis_input_2002_chunk120.txt,,,9,ecg_diagnosis_deID_2002_chunk120.txt
ecg_diagnosis_input_1998_chunk6.txt,,,9,ecg_diagnosis_deID_1998_chunk6.txt
ecg_diagnosis_input_2007_chunk271.txt,,,9,ecg_diagnosis_deID_2007_chunk271.txt
ecg_diagnosis_input_2015_chunk310.txt,,,9,ecg_diagnosis_deID_2015_chunk310.txt
ecg_diagnosis_input_2020_chunk508.txt,,,9,ecg_diagnosis_deID_2020_chunk508.txt
ecg_diagnosis_input_2012_chunk112.txt,,,9,ecg_diagnosis_deID_2012_chunk112.txt
ecg_diagnosis_input_2009_chunk183.txt,,,9,ecg_diagnosis_deID_2009_chunk183.txt
ecg_diagnosis_input_2006_chunk114.txt,,,9,ecg_diagnosis_deID_2006_chunk114.txt
ecg_diagnosis_input_1999_chunk49.txt,,,9,ecg_diagnosis_deID_1999_chunk49.txt
ecg_diagnosis_input_1994_chunk35.txt,,,9,ecg_diagnosis_deID_1994_chunk35.txt
ecg_diagnosis_input_2011_chunk64.txt,,,9,ecg_diagnosis_deID_2011_chunk64.txt
ecg_diagnosis_input_1988_chunk20.txt,,,9,ecg_diagnosis_deID_1988_chunk20.txt
ecg_diagnosis_input_2013_chunk277.txt,,,9,ecg_diagnosis_deID_2013_chunk277.txt
ecg_diagnosis_input_2000_chunk19.txt,,,9,ecg_diagnosis_deID_2000_chunk19.txt
ecg_diagnosis_input_1994_chunk21.txt,,,9,ecg_diagnosis_deID_1994_chunk21.txt
ecg_diagnosis_input_2011_chunk70.txt,,,9,ecg_diagnosis_deID_2011_chunk70.txt
ecg_diagnosis_input_1988_chunk34.txt,,,9,ecg_diagnosis_deID_1988_chunk34.txt
ecg_diagnosis_input_2013_chunk263.txt,,,9,ecg_diagnosis_deID_2013_chunk263.txt
ecg_diagnosis_input_2009_chunk197.txt,,,9,ecg_diagnosis_deID_2009_chunk197.txt
ecg_diagnosis_input_2006_chunk100.txt,,,9,ecg_diagnosis_deID_2006_chunk100.txt
ecg_diagnosis_input_2012_chunk106.txt,,,9,ecg_diagnosis_deID_2012_chunk106.txt
ecg_diagnosis_input_2007_chunk265.txt,,,9,ecg_diagnosis_deID_2007_chunk265.txt
ecg_diagnosis_input_2015_chunk304.txt,,,9,ecg_diagnosis_deID_2015_chunk304.txt
ecg_diagnosis_input_1992_chunk102.txt,,,9,ecg_diagnosis_deID_1992_chunk102.txt
ecg_diagnosis_input_2017_chunk294.txt,,,9,ecg_diagnosis_deID_2017_chunk294.txt
ecg_diagnosis_input_2021_chunk137.txt,,,9,ecg_diagnosis_deID_2021_chunk137.txt
ecg_diagnosis_input_2018_chunk203.txt,,,9,ecg_diagnosis_deID_2018_chunk203.txt
ecg_diagnosis_input_2020_chunk534.txt,,,9,ecg_diagnosis_deID_2020_chunk534.txt
ecg_diagnosis_input_2019_chunk166.txt,,,9,ecg_diagnosis_deID_2019_chunk166.txt
ecg_diagnosis_input_2000_chunk31.txt,,,9,ecg_diagnosis_deID_2000_chunk31.txt
ecg_diagnosis_input_1999_chunk75.txt,,,9,ecg_diagnosis_deID_1999_chunk75.txt
ecg_diagnosis_input_2020_chunk252.txt,,,9,ecg_diagnosis_deID_2020_chunk252.txt
ecg_diagnosis_input_2011_chunk58.txt,,,9,ecg_diagnosis_deID_2011_chunk58.txt
ecg_diagnosis_input_2021_chunk651.txt,,,9,ecg_diagnosis_deID_2021_chunk651.txt
ecg_diagnosis_input_2016_chunk97.txt,,,9,ecg_diagnosis_deID_2016_chunk97.txt
ecg_diagnosis_input_2006_chunk128.txt,,,9,ecg_diagnosis_deID_2006_chunk128.txt
ecg_diagnosis_input_2021_chunk645.txt,,,9,ecg_diagnosis_deID_2021_chunk645.txt
ecg_diagnosis_input_2016_chunk83.txt,,,9,ecg_diagnosis_deID_2016_chunk83.txt
ecg_diagnosis_input_2019_chunk172.txt,,,9,ecg_diagnosis_deID_2019_chunk172.txt
ecg_diagnosis_input_2000_chunk25.txt,,,9,ecg_diagnosis_deID_2000_chunk25.txt
ecg_diagnosis_input_1999_chunk61.txt,,,9,ecg_diagnosis_deID_1999_chunk61.txt
ecg_diagnosis_input_2020_chunk246.txt,,,9,ecg_diagnosis_deID_2020_chunk246.txt
ecg_diagnosis_input_2007_chunk259.txt,,,9,ecg_diagnosis_deID_2007_chunk259.txt
ecg_diagnosis_input_2015_chunk338.txt,,,9,ecg_diagnosis_deID_2015_chunk338.txt
ecg_diagnosis_input_2020_chunk520.txt,,,9,ecg_diagnosis_deID_2020_chunk520.txt
ecg_diagnosis_input_2017_chunk280.txt,,,9,ecg_diagnosis_deID_2017_chunk280.txt
ecg_diagnosis_input_2021_chunk123.txt,,,9,ecg_diagnosis_deID_2021_chunk123.txt
ecg_diagnosis_input_2018_chunk217.txt,,,9,ecg_diagnosis_deID_2018_chunk217.txt
ecg_diagnosis_input_2022_chunk117.txt,,,9,ecg_diagnosis_deID_2022_chunk117.txt
ecg_diagnosis_input_2009_chunk342.txt,,,9,ecg_diagnosis_deID_2009_chunk342.txt
ecg_diagnosis_input_2021_chunk78.txt,,,9,ecg_diagnosis_deID_2021_chunk78.txt
ecg_diagnosis_input_2003_chunk81.txt,,,9,ecg_diagnosis_deID_2003_chunk81.txt
ecg_diagnosis_input_2009_chunk32.txt,,,9,ecg_diagnosis_deID_2009_chunk32.txt
ecg_diagnosis_input_2005_chunk108.txt,,,9,ecg_diagnosis_deID_2005_chunk108.txt
ecg_diagnosis_input_1990_chunk76.txt,,,9,ecg_diagnosis_deID_1990_chunk76.txt
ecg_diagnosis_input_2015_chunk27.txt,,,9,ecg_diagnosis_deID_2015_chunk27.txt
ecg_diagnosis_input_2009_chunk26.txt,,,9,ecg_diagnosis_deID_2009_chunk26.txt
ecg_diagnosis_input_1990_chunk62.txt,,,9,ecg_diagnosis_deID_1990_chunk62.txt
ecg_diagnosis_input_2015_chunk33.txt,,,9,ecg_diagnosis_deID_2015_chunk33.txt
ecg_diagnosis_input_2003_chunk95.txt,,,9,ecg_diagnosis_deID_2003_chunk95.txt
ecg_diagnosis_input_2016_chunk318.txt,,,9,ecg_diagnosis_deID_2016_chunk318.txt
ecg_diagnosis_input_2022_chunk103.txt,,,9,ecg_diagnosis_deID_2022_chunk103.txt
ecg_diagnosis_input_2009_chunk356.txt,,,9,ecg_diagnosis_deID_2009_chunk356.txt
ecg_diagnosis_input_2016_chunk330.txt,,,9,ecg_diagnosis_deID_2016_chunk330.txt
ecg_diagnosis_input_2004_chunk251.txt,,,9,ecg_diagnosis_deID_2004_chunk251.txt
ecg_diagnosis_input_2021_chunk490.txt,,,9,ecg_diagnosis_deID_2021_chunk490.txt
ecg_diagnosis_input_2011_chunk132.txt,,,9,ecg_diagnosis_deID_2011_chunk132.txt
ecg_diagnosis_input_2014_chunk288.txt,,,9,ecg_diagnosis_deID_2014_chunk288.txt
ecg_diagnosis_input_2005_chunk134.txt,,,9,ecg_diagnosis_deID_2005_chunk134.txt
ecg_diagnosis_input_2004_chunk72.txt,,,9,ecg_diagnosis_deID_2004_chunk72.txt
ecg_diagnosis_input_2018_chunk67.txt,,,9,ecg_diagnosis_deID_2018_chunk67.txt
ecg_diagnosis_input_2010_chunk257.txt,,,9,ecg_diagnosis_deID_2010_chunk257.txt
ecg_diagnosis_input_2016_chunk456.txt,,,9,ecg_diagnosis_deID_2016_chunk456.txt
ecg_diagnosis_input_2021_chunk44.txt,,,9,ecg_diagnosis_deID_2021_chunk44.txt
ecg_diagnosis_input_1997_chunk85.txt,,,9,ecg_diagnosis_deID_1997_chunk85.txt
ecg_diagnosis_input_2010_chunk243.txt,,,9,ecg_diagnosis_deID_2010_chunk243.txt
ecg_diagnosis_input_2016_chunk442.txt,,,9,ecg_diagnosis_deID_2016_chunk442.txt
ecg_diagnosis_input_2021_chunk50.txt,,,9,ecg_diagnosis_deID_2021_chunk50.txt
ecg_diagnosis_input_1997_chunk91.txt,,,9,ecg_diagnosis_deID_1997_chunk91.txt
ecg_diagnosis_input_2004_chunk66.txt,,,9,ecg_diagnosis_deID_2004_chunk66.txt
ecg_diagnosis_input_2005_chunk120.txt,,,9,ecg_diagnosis_deID_2005_chunk120.txt
ecg_diagnosis_input_2018_chunk73.txt,,,9,ecg_diagnosis_deID_2018_chunk73.txt
ecg_diagnosis_input_2021_chunk484.txt,,,9,ecg_diagnosis_deID_2021_chunk484.txt
ecg_diagnosis_input_2011_chunk126.txt,,,9,ecg_diagnosis_deID_2011_chunk126.txt
ecg_diagnosis_input_2016_chunk324.txt,,,9,ecg_diagnosis_deID_2016_chunk324.txt
ecg_diagnosis_input_2004_chunk245.txt,,,9,ecg_diagnosis_deID_2004_chunk245.txt
ecg_diagnosis_input_2001_chunk114.txt,,,9,ecg_diagnosis_deID_2001_chunk114.txt
ecg_diagnosis_input_2019_chunk358.txt,,,9,ecg_diagnosis_deID_2019_chunk358.txt
ecg_diagnosis_input_2014_chunk277.txt,,,9,ecg_diagnosis_deID_2014_chunk277.txt
ecg_diagnosis_input_2021_chunk309.txt,,,9,ecg_diagnosis_deID_2021_chunk309.txt
ecg_diagnosis_input_1995_chunk116.txt,,,9,ecg_diagnosis_deID_1995_chunk116.txt
ecg_diagnosis_input_2012_chunk310.txt,,,9,ecg_diagnosis_deID_2012_chunk310.txt
ecg_diagnosis_input_2018_chunk98.txt,,,9,ecg_diagnosis_deID_2018_chunk98.txt
ecg_diagnosis_input_1986_chunk13.txt,,,9,ecg_diagnosis_deID_1986_chunk13.txt
ecg_diagnosis_input_2003_chunk42.txt,,,9,ecg_diagnosis_deID_2003_chunk42.txt
ecg_diagnosis_input_2015_chunk112.txt,,,9,ecg_diagnosis_deID_2015_chunk112.txt
ecg_diagnosis_input_2003_chunk56.txt,,,9,ecg_diagnosis_deID_2003_chunk56.txt
ecg_diagnosis_input_2015_chunk106.txt,,,9,ecg_diagnosis_deID_2015_chunk106.txt
ecg_diagnosis_input_1995_chunk102.txt,,,9,ecg_diagnosis_deID_1995_chunk102.txt
ecg_diagnosis_input_2004_chunk99.txt,,,9,ecg_diagnosis_deID_2004_chunk99.txt
ecg_diagnosis_input_2012_chunk304.txt,,,9,ecg_diagnosis_deID_2012_chunk304.txt
ecg_diagnosis_input_2014_chunk263.txt,,,9,ecg_diagnosis_deID_2014_chunk263.txt
ecg_diagnosis_input_2001_chunk100.txt,,,9,ecg_diagnosis_deID_2001_chunk100.txt
ecg_diagnosis_input_1981_chunk2.txt,,,9,ecg_diagnosis_deID_1981_chunk2.txt
ecg_diagnosis_input_2021_chunk453.txt,,,9,ecg_diagnosis_deID_2021_chunk453.txt
ecg_diagnosis_input_2001_chunk128.txt,,,9,ecg_diagnosis_deID_2001_chunk128.txt
ecg_diagnosis_input_2019_chunk364.txt,,,9,ecg_diagnosis_deID_2019_chunk364.txt
ecg_diagnosis_input_2012_chunk17.txt,,,9,ecg_diagnosis_deID_2012_chunk17.txt
ecg_diagnosis_input_2021_chunk87.txt,,,9,ecg_diagnosis_deID_2021_chunk87.txt
ecg_diagnosis_input_2019_chunk402.txt,,,9,ecg_diagnosis_deID_2019_chunk402.txt
ecg_diagnosis_input_1997_chunk46.txt,,,9,ecg_diagnosis_deID_1997_chunk46.txt
ecg_diagnosis_input_2010_chunk294.txt,,,9,ecg_diagnosis_deID_2010_chunk294.txt
ecg_diagnosis_input_2021_chunk335.txt,,,9,ecg_diagnosis_deID_2021_chunk335.txt
ecg_diagnosis_input_1990_chunk89.txt,,,9,ecg_diagnosis_deID_1990_chunk89.txt
ecg_diagnosis_input_2013_chunk9.txt,,,9,ecg_diagnosis_deID_2013_chunk9.txt
ecg_diagnosis_input_2021_chunk321.txt,,,9,ecg_diagnosis_deID_2021_chunk321.txt
ecg_diagnosis_input_2009_chunk3.txt,,,9,ecg_diagnosis_deID_2009_chunk3.txt
ecg_diagnosis_input_2012_chunk338.txt,,,9,ecg_diagnosis_deID_2012_chunk338.txt
ecg_diagnosis_input_2021_chunk93.txt,,,9,ecg_diagnosis_deID_2021_chunk93.txt
ecg_diagnosis_input_2018_chunk1.txt,,,9,ecg_diagnosis_deID_2018_chunk1.txt
ecg_diagnosis_input_2019_chunk416.txt,,,9,ecg_diagnosis_deID_2019_chunk416.txt
ecg_diagnosis_input_1997_chunk52.txt,,,9,ecg_diagnosis_deID_1997_chunk52.txt
ecg_diagnosis_input_2010_chunk280.txt,,,9,ecg_diagnosis_deID_2010_chunk280.txt
ecg_diagnosis_input_2019_chunk370.txt,,,9,ecg_diagnosis_deID_2019_chunk370.txt
ecg_diagnosis_input_2021_chunk447.txt,,,9,ecg_diagnosis_deID_2021_chunk447.txt
ecg_diagnosis_input_2019_chunk348.txt,,,9,ecg_diagnosis_deID_2019_chunk348.txt
ecg_diagnosis_input_2001_chunk104.txt,,,9,ecg_diagnosis_deID_2001_chunk104.txt
ecg_diagnosis_input_2014_chunk267.txt,,,9,ecg_diagnosis_deID_2014_chunk267.txt
ecg_diagnosis_input_2018_chunk88.txt,,,9,ecg_diagnosis_deID_2018_chunk88.txt
ecg_diagnosis_input_2012_chunk300.txt,,,9,ecg_diagnosis_deID_2012_chunk300.txt
ecg_diagnosis_input_2021_chunk319.txt,,,9,ecg_diagnosis_deID_2021_chunk319.txt
ecg_diagnosis_input_1995_chunk106.txt,,,9,ecg_diagnosis_deID_1995_chunk106.txt
ecg_diagnosis_input_2015_chunk102.txt,,,9,ecg_diagnosis_deID_2015_chunk102.txt
ecg_diagnosis_input_2003_chunk52.txt,,,9,ecg_diagnosis_deID_2003_chunk52.txt
ecg_diagnosis_input_2015_chunk116.txt,,,9,ecg_diagnosis_deID_2015_chunk116.txt
ecg_diagnosis_input_1986_chunk17.txt,,,9,ecg_diagnosis_deID_1986_chunk17.txt
ecg_diagnosis_input_2003_chunk46.txt,,,9,ecg_diagnosis_deID_2003_chunk46.txt
ecg_diagnosis_input_2004_chunk89.txt,,,9,ecg_diagnosis_deID_2004_chunk89.txt
ecg_diagnosis_input_2012_chunk314.txt,,,9,ecg_diagnosis_deID_2012_chunk314.txt
ecg_diagnosis_input_1995_chunk112.txt,,,9,ecg_diagnosis_deID_1995_chunk112.txt
ecg_diagnosis_input_2014_chunk273.txt,,,9,ecg_diagnosis_deID_2014_chunk273.txt
ecg_diagnosis_input_2001_chunk110.txt,,,9,ecg_diagnosis_deID_2001_chunk110.txt
ecg_diagnosis_input_2021_chunk443.txt,,,9,ecg_diagnosis_deID_2021_chunk443.txt
ecg_diagnosis_input_2019_chunk374.txt,,,9,ecg_diagnosis_deID_2019_chunk374.txt
ecg_diagnosis_input_2001_chunk138.txt,,,9,ecg_diagnosis_deID_2001_chunk138.txt
ecg_diagnosis_input_2010_chunk284.txt,,,9,ecg_diagnosis_deID_2010_chunk284.txt
ecg_diagnosis_input_2019_chunk412.txt,,,9,ecg_diagnosis_deID_2019_chunk412.txt
ecg_diagnosis_input_2018_chunk5.txt,,,9,ecg_diagnosis_deID_2018_chunk5.txt
ecg_diagnosis_input_2021_chunk97.txt,,,9,ecg_diagnosis_deID_2021_chunk97.txt
ecg_diagnosis_input_1997_chunk56.txt,,,9,ecg_diagnosis_deID_1997_chunk56.txt
ecg_diagnosis_input_1990_chunk99.txt,,,9,ecg_diagnosis_deID_1990_chunk99.txt
ecg_diagnosis_input_2009_chunk7.txt,,,9,ecg_diagnosis_deID_2009_chunk7.txt
ecg_diagnosis_input_2021_chunk325.txt,,,9,ecg_diagnosis_deID_2021_chunk325.txt
ecg_diagnosis_input_2012_chunk328.txt,,,9,ecg_diagnosis_deID_2012_chunk328.txt
ecg_diagnosis_input_2021_chunk331.txt,,,9,ecg_diagnosis_deID_2021_chunk331.txt
ecg_diagnosis_input_2010_chunk290.txt,,,9,ecg_diagnosis_deID_2010_chunk290.txt
ecg_diagnosis_input_2019_chunk406.txt,,,9,ecg_diagnosis_deID_2019_chunk406.txt
ecg_diagnosis_input_2021_chunk83.txt,,,9,ecg_diagnosis_deID_2021_chunk83.txt
ecg_diagnosis_input_2012_chunk13.txt,,,9,ecg_diagnosis_deID_2012_chunk13.txt
ecg_diagnosis_input_1997_chunk42.txt,,,9,ecg_diagnosis_deID_1997_chunk42.txt
ecg_diagnosis_input_1990_chunk4.txt,,,9,ecg_diagnosis_deID_1990_chunk4.txt
ecg_diagnosis_input_2019_chunk360.txt,,,9,ecg_diagnosis_deID_2019_chunk360.txt
ecg_diagnosis_input_2021_chunk457.txt,,,9,ecg_diagnosis_deID_2021_chunk457.txt
ecg_diagnosis_input_1981_chunk6.txt,,,9,ecg_diagnosis_deID_1981_chunk6.txt
ecg_diagnosis_input_2009_chunk352.txt,,,9,ecg_diagnosis_deID_2009_chunk352.txt
ecg_diagnosis_input_2022_chunk107.txt,,,9,ecg_diagnosis_deID_2022_chunk107.txt
ecg_diagnosis_input_2021_chunk68.txt,,,9,ecg_diagnosis_deID_2021_chunk68.txt
ecg_diagnosis_input_2003_chunk91.txt,,,9,ecg_diagnosis_deID_2003_chunk91.txt
ecg_diagnosis_input_2005_chunk118.txt,,,9,ecg_diagnosis_deID_2005_chunk118.txt
ecg_diagnosis_input_1990_chunk66.txt,,,9,ecg_diagnosis_deID_1990_chunk66.txt
ecg_diagnosis_input_2009_chunk22.txt,,,9,ecg_diagnosis_deID_2009_chunk22.txt
ecg_diagnosis_input_2015_chunk37.txt,,,9,ecg_diagnosis_deID_2015_chunk37.txt
ecg_diagnosis_input_1990_chunk72.txt,,,9,ecg_diagnosis_deID_1990_chunk72.txt
ecg_diagnosis_input_2009_chunk36.txt,,,9,ecg_diagnosis_deID_2009_chunk36.txt
ecg_diagnosis_input_2015_chunk23.txt,,,9,ecg_diagnosis_deID_2015_chunk23.txt
ecg_diagnosis_input_2003_chunk85.txt,,,9,ecg_diagnosis_deID_2003_chunk85.txt
ecg_diagnosis_input_2016_chunk308.txt,,,9,ecg_diagnosis_deID_2016_chunk308.txt
ecg_diagnosis_input_2009_chunk346.txt,,,9,ecg_diagnosis_deID_2009_chunk346.txt
ecg_diagnosis_input_2022_chunk113.txt,,,9,ecg_diagnosis_deID_2022_chunk113.txt
ecg_diagnosis_input_2016_chunk320.txt,,,9,ecg_diagnosis_deID_2016_chunk320.txt
ecg_diagnosis_input_2004_chunk241.txt,,,9,ecg_diagnosis_deID_2004_chunk241.txt
ecg_diagnosis_input_2011_chunk122.txt,,,9,ecg_diagnosis_deID_2011_chunk122.txt
ecg_diagnosis_input_2014_chunk298.txt,,,9,ecg_diagnosis_deID_2014_chunk298.txt
ecg_diagnosis_input_2021_chunk480.txt,,,9,ecg_diagnosis_deID_2021_chunk480.txt
ecg_diagnosis_input_2005_chunk124.txt,,,9,ecg_diagnosis_deID_2005_chunk124.txt
ecg_diagnosis_input_2004_chunk62.txt,,,9,ecg_diagnosis_deID_2004_chunk62.txt
ecg_diagnosis_input_2018_chunk77.txt,,,9,ecg_diagnosis_deID_2018_chunk77.txt
ecg_diagnosis_input_2021_chunk54.txt,,,9,ecg_diagnosis_deID_2021_chunk54.txt
ecg_diagnosis_input_1997_chunk95.txt,,,9,ecg_diagnosis_deID_1997_chunk95.txt
ecg_diagnosis_input_2010_chunk247.txt,,,9,ecg_diagnosis_deID_2010_chunk247.txt
ecg_diagnosis_input_2016_chunk446.txt,,,9,ecg_diagnosis_deID_2016_chunk446.txt
ecg_diagnosis_input_2021_chunk40.txt,,,9,ecg_diagnosis_deID_2021_chunk40.txt
ecg_diagnosis_input_1997_chunk81.txt,,,9,ecg_diagnosis_deID_1997_chunk81.txt
ecg_diagnosis_input_2010_chunk253.txt,,,9,ecg_diagnosis_deID_2010_chunk253.txt
ecg_diagnosis_input_2016_chunk452.txt,,,9,ecg_diagnosis_deID_2016_chunk452.txt
ecg_diagnosis_input_2004_chunk76.txt,,,9,ecg_diagnosis_deID_2004_chunk76.txt
ecg_diagnosis_input_2005_chunk130.txt,,,9,ecg_diagnosis_deID_2005_chunk130.txt
ecg_diagnosis_input_2018_chunk63.txt,,,9,ecg_diagnosis_deID_2018_chunk63.txt
ecg_diagnosis_input_2011_chunk136.txt,,,9,ecg_diagnosis_deID_2011_chunk136.txt
ecg_diagnosis_input_2021_chunk494.txt,,,9,ecg_diagnosis_deID_2021_chunk494.txt
ecg_diagnosis_input_2016_chunk334.txt,,,9,ecg_diagnosis_deID_2016_chunk334.txt
ecg_diagnosis_input_2004_chunk255.txt,,,9,ecg_diagnosis_deID_2004_chunk255.txt
ecg_diagnosis_input_2020_chunk518.txt,,,9,ecg_diagnosis_deID_2020_chunk518.txt
ecg_diagnosis_input_1992_chunk106.txt,,,9,ecg_diagnosis_deID_1992_chunk106.txt
ecg_diagnosis_input_2007_chunk261.txt,,,9,ecg_diagnosis_deID_2007_chunk261.txt
ecg_diagnosis_input_2015_chunk300.txt,,,9,ecg_diagnosis_deID_2015_chunk300.txt
ecg_diagnosis_input_2012_chunk102.txt,,,9,ecg_diagnosis_deID_2012_chunk102.txt
ecg_diagnosis_input_2006_chunk104.txt,,,9,ecg_diagnosis_deID_2006_chunk104.txt
ecg_diagnosis_input_2009_chunk193.txt,,,9,ecg_diagnosis_deID_2009_chunk193.txt
ecg_diagnosis_input_2013_chunk267.txt,,,9,ecg_diagnosis_deID_2013_chunk267.txt
ecg_diagnosis_input_1994_chunk25.txt,,,9,ecg_diagnosis_deID_1994_chunk25.txt
ecg_diagnosis_input_1999_chunk59.txt,,,9,ecg_diagnosis_deID_1999_chunk59.txt
ecg_diagnosis_input_1988_chunk30.txt,,,9,ecg_diagnosis_deID_1988_chunk30.txt
ecg_diagnosis_input_2011_chunk74.txt,,,9,ecg_diagnosis_deID_2011_chunk74.txt
ecg_diagnosis_input_2013_chunk273.txt,,,9,ecg_diagnosis_deID_2013_chunk273.txt
ecg_diagnosis_input_1994_chunk31.txt,,,9,ecg_diagnosis_deID_1994_chunk31.txt
ecg_diagnosis_input_1988_chunk24.txt,,,9,ecg_diagnosis_deID_1988_chunk24.txt
ecg_diagnosis_input_2011_chunk60.txt,,,9,ecg_diagnosis_deID_2011_chunk60.txt
ecg_diagnosis_input_2006_chunk110.txt,,,9,ecg_diagnosis_deID_2006_chunk110.txt
ecg_diagnosis_input_2009_chunk187.txt,,,9,ecg_diagnosis_deID_2009_chunk187.txt
ecg_diagnosis_input_2012_chunk116.txt,,,9,ecg_diagnosis_deID_2012_chunk116.txt
ecg_diagnosis_input_2007_chunk275.txt,,,9,ecg_diagnosis_deID_2007_chunk275.txt
ecg_diagnosis_input_2015_chunk314.txt,,,9,ecg_diagnosis_deID_2015_chunk314.txt
ecg_diagnosis_input_2021_chunk127.txt,,,9,ecg_diagnosis_deID_2021_chunk127.txt
ecg_diagnosis_input_2018_chunk213.txt,,,9,ecg_diagnosis_deID_2018_chunk213.txt
ecg_diagnosis_input_2017_chunk284.txt,,,9,ecg_diagnosis_deID_2017_chunk284.txt
ecg_diagnosis_input_2020_chunk524.txt,,,9,ecg_diagnosis_deID_2020_chunk524.txt
ecg_diagnosis_input_1999_chunk65.txt,,,9,ecg_diagnosis_deID_1999_chunk65.txt
ecg_diagnosis_input_1994_chunk19.txt,,,9,ecg_diagnosis_deID_1994_chunk19.txt
ecg_diagnosis_input_2000_chunk21.txt,,,9,ecg_diagnosis_deID_2000_chunk21.txt
ecg_diagnosis_input_2019_chunk176.txt,,,9,ecg_diagnosis_deID_2019_chunk176.txt
ecg_diagnosis_input_2011_chunk48.txt,,,9,ecg_diagnosis_deID_2011_chunk48.txt
ecg_diagnosis_input_2020_chunk242.txt,,,9,ecg_diagnosis_deID_2020_chunk242.txt
ecg_diagnosis_input_2016_chunk87.txt,,,9,ecg_diagnosis_deID_2016_chunk87.txt
ecg_diagnosis_input_2006_chunk138.txt,,,9,ecg_diagnosis_deID_2006_chunk138.txt
ecg_diagnosis_input_2021_chunk641.txt,,,9,ecg_diagnosis_deID_2021_chunk641.txt
ecg_diagnosis_input_2016_chunk93.txt,,,9,ecg_diagnosis_deID_2016_chunk93.txt
ecg_diagnosis_input_2021_chunk655.txt,,,9,ecg_diagnosis_deID_2021_chunk655.txt
ecg_diagnosis_input_1999_chunk71.txt,,,9,ecg_diagnosis_deID_1999_chunk71.txt
ecg_diagnosis_input_2000_chunk35.txt,,,9,ecg_diagnosis_deID_2000_chunk35.txt
ecg_diagnosis_input_2019_chunk162.txt,,,9,ecg_diagnosis_deID_2019_chunk162.txt
ecg_diagnosis_input_2020_chunk256.txt,,,9,ecg_diagnosis_deID_2020_chunk256.txt
ecg_diagnosis_input_1988_chunk18.txt,,,9,ecg_diagnosis_deID_1988_chunk18.txt
ecg_diagnosis_input_2020_chunk530.txt,,,9,ecg_diagnosis_deID_2020_chunk530.txt
ecg_diagnosis_input_2007_chunk249.txt,,,9,ecg_diagnosis_deID_2007_chunk249.txt
ecg_diagnosis_input_2015_chunk328.txt,,,9,ecg_diagnosis_deID_2015_chunk328.txt
ecg_diagnosis_input_2021_chunk133.txt,,,9,ecg_diagnosis_deID_2021_chunk133.txt
ecg_diagnosis_input_2018_chunk207.txt,,,9,ecg_diagnosis_deID_2018_chunk207.txt
ecg_diagnosis_input_2017_chunk290.txt,,,9,ecg_diagnosis_deID_2017_chunk290.txt
ecg_diagnosis_input_2002_chunk118.txt,,,9,ecg_diagnosis_deID_2002_chunk118.txt
ecg_diagnosis_input_2008_chunk235.txt,,,9,ecg_diagnosis_deID_2008_chunk235.txt
ecg_diagnosis_input_2019_chunk189.txt,,,9,ecg_diagnosis_deID_2019_chunk189.txt
ecg_diagnosis_input_2022_chunk27.txt,,,9,ecg_diagnosis_deID_2022_chunk27.txt
ecg_diagnosis_input_2022_chunk305.txt,,,9,ecg_diagnosis_deID_2022_chunk305.txt
ecg_diagnosis_input_2009_chunk150.txt,,,9,ecg_diagnosis_deID_2009_chunk150.txt
ecg_diagnosis_input_2016_chunk78.txt,,,9,ecg_diagnosis_deID_2016_chunk78.txt
ecg_diagnosis_input_1982_chunk40.txt,,,9,ecg_diagnosis_deID_1982_chunk40.txt
ecg_diagnosis_input_1993_chunk29.txt,,,9,ecg_diagnosis_deID_1993_chunk29.txt
ecg_diagnosis_input_2007_chunk11.txt,,,9,ecg_diagnosis_deID_2007_chunk11.txt
ecg_diagnosis_input_2022_chunk311.txt,,,9,ecg_diagnosis_deID_2022_chunk311.txt
ecg_diagnosis_input_2009_chunk144.txt,,,9,ecg_diagnosis_deID_2009_chunk144.txt
ecg_diagnosis_input_2011_chunk308.txt,,,9,ecg_diagnosis_deID_2011_chunk308.txt
ecg_diagnosis_input_2022_chunk33.txt,,,9,ecg_diagnosis_deID_2022_chunk33.txt
ecg_diagnosis_input_2008_chunk221.txt,,,9,ecg_diagnosis_deID_2008_chunk221.txt
ecg_diagnosis_input_2002_chunk124.txt,,,9,ecg_diagnosis_deID_2002_chunk124.txt
ecg_diagnosis_input_1998_chunk2.txt,,,9,ecg_diagnosis_deID_1998_chunk2.txt
ecg_diagnosis_input_2008_chunk209.txt,,,9,ecg_diagnosis_deID_2008_chunk209.txt
ecg_diagnosis_input_1982_chunk8.txt,,,9,ecg_diagnosis_deID_1982_chunk8.txt
ecg_diagnosis_input_2017_chunk247.txt,,,9,ecg_diagnosis_deID_2017_chunk247.txt
ecg_diagnosis_input_2022_chunk339.txt,,,9,ecg_diagnosis_deID_2022_chunk339.txt
ecg_diagnosis_input_1996_chunk126.txt,,,9,ecg_diagnosis_deID_1996_chunk126.txt
ecg_diagnosis_input_2016_chunk44.txt,,,9,ecg_diagnosis_deID_2016_chunk44.txt
ecg_diagnosis_input_2011_chunk320.txt,,,9,ecg_diagnosis_deID_2011_chunk320.txt
ecg_diagnosis_input_1993_chunk15.txt,,,9,ecg_diagnosis_deID_1993_chunk15.txt
ecg_diagnosis_input_2020_chunk281.txt,,,9,ecg_diagnosis_deID_2020_chunk281.txt
ecg_diagnosis_input_2013_chunk298.txt,,,9,ecg_diagnosis_deID_2013_chunk298.txt
ecg_diagnosis_input_2016_chunk122.txt,,,9,ecg_diagnosis_deID_2016_chunk122.txt
ecg_diagnosis_input_2020_chunk295.txt,,,9,ecg_diagnosis_deID_2020_chunk295.txt
ecg_diagnosis_input_2010_chunk3.txt,,,9,ecg_diagnosis_deID_2010_chunk3.txt
ecg_diagnosis_input_2016_chunk136.txt,,,9,ecg_diagnosis_deID_2016_chunk136.txt
ecg_diagnosis_input_2009_chunk178.txt,,,9,ecg_diagnosis_deID_2009_chunk178.txt
ecg_diagnosis_input_1996_chunk132.txt,,,9,ecg_diagnosis_deID_1996_chunk132.txt
ecg_diagnosis_input_2001_chunk1.txt,,,9,ecg_diagnosis_deID_2001_chunk1.txt
ecg_diagnosis_input_2011_chunk334.txt,,,9,ecg_diagnosis_deID_2011_chunk334.txt
ecg_diagnosis_input_2016_chunk50.txt,,,9,ecg_diagnosis_deID_2016_chunk50.txt
ecg_diagnosis_input_2007_chunk39.txt,,,9,ecg_diagnosis_deID_2007_chunk39.txt
ecg_diagnosis_input_2017_chunk253.txt,,,9,ecg_diagnosis_deID_2017_chunk253.txt
ecg_diagnosis_input_2002_chunk130.txt,,,9,ecg_diagnosis_deID_2002_chunk130.txt
ecg_diagnosis_input_2015_chunk274.txt,,,9,ecg_diagnosis_deID_2015_chunk274.txt
ecg_diagnosis_input_2007_chunk315.txt,,,9,ecg_diagnosis_deID_2007_chunk315.txt
ecg_diagnosis_input_2000_chunk117.txt,,,9,ecg_diagnosis_deID_2000_chunk117.txt
ecg_diagnosis_input_2013_chunk41.txt,,,9,ecg_diagnosis_deID_2013_chunk41.txt
ecg_diagnosis_input_1996_chunk10.txt,,,9,ecg_diagnosis_deID_1996_chunk10.txt
ecg_diagnosis_input_2002_chunk28.txt,,,9,ecg_diagnosis_deID_2002_chunk28.txt
ecg_diagnosis_input_2014_chunk111.txt,,,9,ecg_diagnosis_deID_2014_chunk111.txt
ecg_diagnosis_input_1994_chunk115.txt,,,9,ecg_diagnosis_deID_1994_chunk115.txt
ecg_diagnosis_input_2013_chunk313.txt,,,9,ecg_diagnosis_deID_2013_chunk313.txt
ecg_diagnosis_input_1994_chunk101.txt,,,9,ecg_diagnosis_deID_1994_chunk101.txt
ecg_diagnosis_input_2013_chunk307.txt,,,9,ecg_diagnosis_deID_2013_chunk307.txt
ecg_diagnosis_input_2013_chunk55.txt,,,9,ecg_diagnosis_deID_2013_chunk55.txt
ecg_diagnosis_input_2018_chunk429.txt,,,9,ecg_diagnosis_deID_2018_chunk429.txt
ecg_diagnosis_input_2014_chunk105.txt,,,9,ecg_diagnosis_deID_2014_chunk105.txt
ecg_diagnosis_input_2000_chunk103.txt,,,9,ecg_diagnosis_deID_2000_chunk103.txt
ecg_diagnosis_input_2015_chunk260.txt,,,9,ecg_diagnosis_deID_2015_chunk260.txt
ecg_diagnosis_input_2007_chunk301.txt,,,9,ecg_diagnosis_deID_2007_chunk301.txt
ecg_diagnosis_input_2020_chunk478.txt,,,9,ecg_diagnosis_deID_2020_chunk478.txt
ecg_diagnosis_input_2018_chunk367.txt,,,9,ecg_diagnosis_deID_2018_chunk367.txt
ecg_diagnosis_input_2015_chunk248.txt,,,9,ecg_diagnosis_deID_2015_chunk248.txt
ecg_diagnosis_input_2020_chunk450.txt,,,9,ecg_diagnosis_deID_2020_chunk450.txt
ecg_diagnosis_input_2020_chunk336.txt,,,9,ecg_diagnosis_deID_2020_chunk336.txt
ecg_diagnosis_input_1994_chunk129.txt,,,9,ecg_diagnosis_deID_1994_chunk129.txt
ecg_diagnosis_input_1987_chunk45.txt,,,9,ecg_diagnosis_deID_1987_chunk45.txt
ecg_diagnosis_input_2002_chunk14.txt,,,9,ecg_diagnosis_deID_2002_chunk14.txt
ecg_diagnosis_input_2018_chunk401.txt,,,9,ecg_diagnosis_deID_2018_chunk401.txt
ecg_diagnosis_input_2017_chunk496.txt,,,9,ecg_diagnosis_deID_2017_chunk496.txt
ecg_diagnosis_input_2011_chunk297.txt,,,9,ecg_diagnosis_deID_2011_chunk297.txt
ecg_diagnosis_input_1987_chunk51.txt,,,9,ecg_diagnosis_deID_1987_chunk51.txt
ecg_diagnosis_input_2013_chunk69.txt,,,9,ecg_diagnosis_deID_2013_chunk69.txt
ecg_diagnosis_input_1996_chunk38.txt,,,9,ecg_diagnosis_deID_1996_chunk38.txt
ecg_diagnosis_input_2018_chunk415.txt,,,9,ecg_diagnosis_deID_2018_chunk415.txt
ecg_diagnosis_input_2017_chunk482.txt,,,9,ecg_diagnosis_deID_2017_chunk482.txt
ecg_diagnosis_input_2014_chunk139.txt,,,9,ecg_diagnosis_deID_2014_chunk139.txt
ecg_diagnosis_input_2011_chunk283.txt,,,9,ecg_diagnosis_deID_2011_chunk283.txt
ecg_diagnosis_input_2020_chunk322.txt,,,9,ecg_diagnosis_deID_2020_chunk322.txt
ecg_diagnosis_input_2020_chunk444.txt,,,9,ecg_diagnosis_deID_2020_chunk444.txt
ecg_diagnosis_input_2018_chunk373.txt,,,9,ecg_diagnosis_deID_2018_chunk373.txt
ecg_diagnosis_input_2018_chunk398.txt,,,9,ecg_diagnosis_deID_2018_chunk398.txt
ecg_diagnosis_input_1990_chunk109.txt,,,9,ecg_diagnosis_deID_1990_chunk109.txt
ecg_diagnosis_input_2005_chunk24.txt,,,9,ecg_diagnosis_deID_2005_chunk24.txt
ecg_diagnosis_input_2008_chunk58.txt,,,9,ecg_diagnosis_deID_2008_chunk58.txt
ecg_diagnosis_input_2019_chunk31.txt,,,9,ecg_diagnosis_deID_2019_chunk31.txt
ecg_diagnosis_input_2017_chunk469.txt,,,9,ecg_diagnosis_deID_2017_chunk469.txt
ecg_diagnosis_input_2011_chunk268.txt,,,9,ecg_diagnosis_deID_2011_chunk268.txt
ecg_diagnosis_input_2020_chunk12.txt,,,9,ecg_diagnosis_deID_2020_chunk12.txt
ecg_diagnosis_input_2013_chunk82.txt,,,9,ecg_diagnosis_deID_2013_chunk82.txt
ecg_diagnosis_input_2022_chunk271.txt,,,9,ecg_diagnosis_deID_2022_chunk271.txt
ecg_diagnosis_input_2013_chunk96.txt,,,9,ecg_diagnosis_deID_2013_chunk96.txt
ecg_diagnosis_input_2022_chunk265.txt,,,9,ecg_diagnosis_deID_2022_chunk265.txt
ecg_diagnosis_input_2005_chunk30.txt,,,9,ecg_diagnosis_deID_2005_chunk30.txt
ecg_diagnosis_input_2019_chunk25.txt,,,9,ecg_diagnosis_deID_2019_chunk25.txt
ecg_diagnosis_input_2014_chunk59.txt,,,9,ecg_diagnosis_deID_2014_chunk59.txt
ecg_diagnosis_input_2021_chunk8.txt,,,9,ecg_diagnosis_deID_2021_chunk8.txt
ecg_diagnosis_input_2010_chunk119.txt,,,9,ecg_diagnosis_deID_2010_chunk119.txt
ecg_diagnosis_input_2020_chunk493.txt,,,9,ecg_diagnosis_deID_2020_chunk493.txt
ecg_diagnosis_input_2010_chunk131.txt,,,9,ecg_diagnosis_deID_2010_chunk131.txt
ecg_diagnosis_input_2005_chunk252.txt,,,9,ecg_diagnosis_deID_2005_chunk252.txt
ecg_diagnosis_input_2017_chunk333.txt,,,9,ecg_diagnosis_deID_2017_chunk333.txt
ecg_diagnosis_input_2017_chunk455.txt,,,9,ecg_diagnosis_deID_2017_chunk455.txt
ecg_diagnosis_input_2011_chunk254.txt,,,9,ecg_diagnosis_deID_2011_chunk254.txt
ecg_diagnosis_input_2008_chunk64.txt,,,9,ecg_diagnosis_deID_2008_chunk64.txt
ecg_diagnosis_input_1991_chunk20.txt,,,9,ecg_diagnosis_deID_1991_chunk20.txt
ecg_diagnosis_input_2005_chunk18.txt,,,9,ecg_diagnosis_deID_2005_chunk18.txt
ecg_diagnosis_input_2014_chunk71.txt,,,9,ecg_diagnosis_deID_2014_chunk71.txt
ecg_diagnosis_input_2004_chunk137.txt,,,9,ecg_diagnosis_deID_2004_chunk137.txt
ecg_diagnosis_input_2016_chunk8.txt,,,9,ecg_diagnosis_deID_2016_chunk8.txt
ecg_diagnosis_input_2008_chunk70.txt,,,9,ecg_diagnosis_deID_2008_chunk70.txt
ecg_diagnosis_input_1991_chunk34.txt,,,10,ecg_diagnosis_deID_1991_chunk34.txt
ecg_diagnosis_input_2004_chunk123.txt,,,10,ecg_diagnosis_deID_2004_chunk123.txt
ecg_diagnosis_input_2014_chunk65.txt,,,10,ecg_diagnosis_deID_2014_chunk65.txt
ecg_diagnosis_input_2019_chunk19.txt,,,10,ecg_diagnosis_deID_2019_chunk19.txt
ecg_diagnosis_input_2017_chunk441.txt,,,10,ecg_diagnosis_deID_2017_chunk441.txt
ecg_diagnosis_input_2011_chunk240.txt,,,10,ecg_diagnosis_deID_2011_chunk240.txt
ecg_diagnosis_input_2022_chunk259.txt,,,10,ecg_diagnosis_deID_2022_chunk259.txt
ecg_diagnosis_input_1995_chunk1.txt,,,10,ecg_diagnosis_deID_1995_chunk1.txt
ecg_diagnosis_input_2005_chunk246.txt,,,10,ecg_diagnosis_deID_2005_chunk246.txt
ecg_diagnosis_input_2017_chunk327.txt,,,10,ecg_diagnosis_deID_2017_chunk327.txt
ecg_diagnosis_input_2020_chunk487.txt,,,10,ecg_diagnosis_deID_2020_chunk487.txt
ecg_diagnosis_input_1984_chunk3.txt,,,10,ecg_diagnosis_deID_1984_chunk3.txt
ecg_diagnosis_input_2010_chunk125.txt,,,10,ecg_diagnosis_deID_2010_chunk125.txt
ecg_diagnosis_input_2013_chunk111.txt,,,10,ecg_diagnosis_deID_2013_chunk111.txt
ecg_diagnosis_input_2020_chunk108.txt,,,10,ecg_diagnosis_deID_2020_chunk108.txt
ecg_diagnosis_input_2014_chunk313.txt,,,10,ecg_diagnosis_deID_2014_chunk313.txt
ecg_diagnosis_input_2006_chunk272.txt,,,10,ecg_diagnosis_deID_2006_chunk272.txt
ecg_diagnosis_input_1993_chunk115.txt,,,10,ecg_diagnosis_deID_1993_chunk115.txt
ecg_diagnosis_input_2001_chunk67.txt,,,10,ecg_diagnosis_deID_2001_chunk67.txt
ecg_diagnosis_input_1998_chunk23.txt,,,10,ecg_diagnosis_deID_1998_chunk23.txt
ecg_diagnosis_input_1984_chunk36.txt,,,10,ecg_diagnosis_deID_1984_chunk36.txt
ecg_diagnosis_input_2018_chunk159.txt,,,10,ecg_diagnosis_deID_2018_chunk159.txt
ecg_diagnosis_input_2012_chunk274.txt,,,10,ecg_diagnosis_deID_2012_chunk274.txt
ecg_diagnosis_input_2022_chunk6.txt,,,10,ecg_diagnosis_deID_2022_chunk6.txt
ecg_diagnosis_input_2008_chunk180.txt,,,10,ecg_diagnosis_deID_2008_chunk180.txt
ecg_diagnosis_input_2007_chunk117.txt,,,10,ecg_diagnosis_deID_2007_chunk117.txt
ecg_diagnosis_input_1992_chunk90.txt,,,10,ecg_diagnosis_deID_1992_chunk90.txt
ecg_diagnosis_input_2008_chunk194.txt,,,10,ecg_diagnosis_deID_2008_chunk194.txt
ecg_diagnosis_input_2007_chunk103.txt,,,10,ecg_diagnosis_deID_2007_chunk103.txt
ecg_diagnosis_input_1998_chunk149.txt,,,10,ecg_diagnosis_deID_1998_chunk149.txt
ecg_diagnosis_input_1992_chunk84.txt,,,10,ecg_diagnosis_deID_1992_chunk84.txt
ecg_diagnosis_input_2001_chunk73.txt,,,10,ecg_diagnosis_deID_2001_chunk73.txt
ecg_diagnosis_input_2021_chunk279.txt,,,10,ecg_diagnosis_deID_2021_chunk279.txt
ecg_diagnosis_input_1998_chunk37.txt,,,10,ecg_diagnosis_deID_1998_chunk37.txt
ecg_diagnosis_input_1984_chunk22.txt,,,10,ecg_diagnosis_deID_1984_chunk22.txt
ecg_diagnosis_input_2012_chunk260.txt,,,10,ecg_diagnosis_deID_2012_chunk260.txt
ecg_diagnosis_input_2014_chunk307.txt,,,10,ecg_diagnosis_deID_2014_chunk307.txt
ecg_diagnosis_input_2006_chunk266.txt,,,10,ecg_diagnosis_deID_2006_chunk266.txt
ecg_diagnosis_input_1993_chunk101.txt,,,10,ecg_diagnosis_deID_1993_chunk101.txt
ecg_diagnosis_input_2013_chunk105.txt,,,10,ecg_diagnosis_deID_2013_chunk105.txt
ecg_diagnosis_input_2019_chunk228.txt,,,10,ecg_diagnosis_deID_2019_chunk228.txt
ecg_diagnosis_input_2021_chunk537.txt,,,10,ecg_diagnosis_deID_2021_chunk537.txt
ecg_diagnosis_input_2016_chunk297.txt,,,10,ecg_diagnosis_deID_2016_chunk297.txt
ecg_diagnosis_input_2019_chunk200.txt,,,10,ecg_diagnosis_deID_2019_chunk200.txt
ecg_diagnosis_input_2020_chunk134.txt,,,10,ecg_diagnosis_deID_2020_chunk134.txt
ecg_diagnosis_input_2019_chunk566.txt,,,10,ecg_diagnosis_deID_2019_chunk566.txt
ecg_diagnosis_input_2006_chunk94.txt,,,10,ecg_diagnosis_deID_2006_chunk94.txt
ecg_diagnosis_input_2021_chunk251.txt,,,10,ecg_diagnosis_deID_2021_chunk251.txt
ecg_diagnosis_input_1995_chunk63.txt,,,10,ecg_diagnosis_deID_1995_chunk63.txt
ecg_diagnosis_input_2010_chunk32.txt,,,10,ecg_diagnosis_deID_2010_chunk32.txt
ecg_diagnosis_input_2018_chunk165.txt,,,10,ecg_diagnosis_deID_2018_chunk165.txt
ecg_diagnosis_input_1989_chunk76.txt,,,10,ecg_diagnosis_deID_1989_chunk76.txt
ecg_diagnosis_input_2012_chunk248.txt,,,10,ecg_diagnosis_deID_2012_chunk248.txt
ecg_diagnosis_input_2021_chunk245.txt,,,10,ecg_diagnosis_deID_2021_chunk245.txt
ecg_diagnosis_input_1995_chunk77.txt,,,10,ecg_diagnosis_deID_1995_chunk77.txt
ecg_diagnosis_input_2010_chunk26.txt,,,10,ecg_diagnosis_deID_2010_chunk26.txt
ecg_diagnosis_input_2018_chunk171.txt,,,10,ecg_diagnosis_deID_2018_chunk171.txt
ecg_diagnosis_input_1989_chunk62.txt,,,10,ecg_diagnosis_deID_1989_chunk62.txt
ecg_diagnosis_input_2015_chunk6.txt,,,10,ecg_diagnosis_deID_2015_chunk6.txt
ecg_diagnosis_input_2004_chunk4.txt,,,10,ecg_diagnosis_deID_2004_chunk4.txt
ecg_diagnosis_input_2019_chunk572.txt,,,10,ecg_diagnosis_deID_2019_chunk572.txt
ecg_diagnosis_input_2006_chunk80.txt,,,10,ecg_diagnosis_deID_2006_chunk80.txt
ecg_diagnosis_input_2016_chunk283.txt,,,10,ecg_diagnosis_deID_2016_chunk283.txt
ecg_diagnosis_input_2013_chunk139.txt,,,10,ecg_diagnosis_deID_2013_chunk139.txt
ecg_diagnosis_input_2019_chunk214.txt,,,10,ecg_diagnosis_deID_2019_chunk214.txt
ecg_diagnosis_input_2020_chunk120.txt,,,10,ecg_diagnosis_deID_2020_chunk120.txt
ecg_diagnosis_input_2021_chunk523.txt,,,10,ecg_diagnosis_deID_2021_chunk523.txt
ecg_diagnosis_input_2009_chunk226.txt,,,10,ecg_diagnosis_deID_2009_chunk226.txt
ecg_diagnosis_input_2016_chunk268.txt,,,10,ecg_diagnosis_deID_2016_chunk268.txt
ecg_diagnosis_input_1992_chunk53.txt,,,10,ecg_diagnosis_deID_1992_chunk53.txt
ecg_diagnosis_input_2008_chunk143.txt,,,10,ecg_diagnosis_deID_2008_chunk143.txt
ecg_diagnosis_input_1997_chunk109.txt,,,10,ecg_diagnosis_deID_1997_chunk109.txt
ecg_diagnosis_input_1989_chunk89.txt,,,10,ecg_diagnosis_deID_1989_chunk89.txt
ecg_diagnosis_input_2017_chunk119.txt,,,10,ecg_diagnosis_deID_2017_chunk119.txt
ecg_diagnosis_input_1995_chunk88.txt,,,10,ecg_diagnosis_deID_1995_chunk88.txt
ecg_diagnosis_input_2017_chunk16.txt,,,10,ecg_diagnosis_deID_2017_chunk16.txt
ecg_diagnosis_input_1992_chunk47.txt,,,10,ecg_diagnosis_deID_1992_chunk47.txt
ecg_diagnosis_input_2008_chunk157.txt,,,10,ecg_diagnosis_deID_2008_chunk157.txt
ecg_diagnosis_input_2009_chunk232.txt,,,10,ecg_diagnosis_deID_2009_chunk232.txt
ecg_diagnosis_input_2016_chunk254.txt,,,10,ecg_diagnosis_deID_2016_chunk254.txt
ecg_diagnosis_input_2003_chunk137.txt,,,10,ecg_diagnosis_deID_2003_chunk137.txt
ecg_diagnosis_input_2017_chunk131.txt,,,10,ecg_diagnosis_deID_2017_chunk131.txt
ecg_diagnosis_input_2021_chunk292.txt,,,10,ecg_diagnosis_deID_2021_chunk292.txt
ecg_diagnosis_input_2001_chunk98.txt,,,10,ecg_diagnosis_deID_2001_chunk98.txt
ecg_diagnosis_input_2010_chunk333.txt,,,10,ecg_diagnosis_deID_2010_chunk333.txt
ecg_diagnosis_input_2006_chunk57.txt,,,10,ecg_diagnosis_deID_2006_chunk57.txt
ecg_diagnosis_input_1997_chunk135.txt,,,10,ecg_diagnosis_deID_1997_chunk135.txt
ecg_diagnosis_input_1983_chunk12.txt,,,10,ecg_diagnosis_deID_1983_chunk12.txt
ecg_diagnosis_input_2006_chunk43.txt,,,10,ecg_diagnosis_deID_2006_chunk43.txt
ecg_diagnosis_input_2010_chunk327.txt,,,10,ecg_diagnosis_deID_2010_chunk327.txt
ecg_diagnosis_input_1997_chunk121.txt,,,10,ecg_diagnosis_deID_1997_chunk121.txt
ecg_diagnosis_input_2017_chunk125.txt,,,10,ecg_diagnosis_deID_2017_chunk125.txt
ecg_diagnosis_input_2021_chunk286.txt,,,10,ecg_diagnosis_deID_2021_chunk286.txt
ecg_diagnosis_input_2003_chunk123.txt,,,10,ecg_diagnosis_deID_2003_chunk123.txt
ecg_diagnosis_input_2006_chunk299.txt,,,10,ecg_diagnosis_deID_2006_chunk299.txt
ecg_diagnosis_input_2016_chunk240.txt,,,10,ecg_diagnosis_deID_2016_chunk240.txt
ecg_diagnosis_input_2021_chunk287.txt,,,10,ecg_diagnosis_deID_2021_chunk287.txt
ecg_diagnosis_input_2017_chunk124.txt,,,10,ecg_diagnosis_deID_2017_chunk124.txt
ecg_diagnosis_input_1997_chunk120.txt,,,10,ecg_diagnosis_deID_1997_chunk120.txt
ecg_diagnosis_input_2010_chunk326.txt,,,10,ecg_diagnosis_deID_2010_chunk326.txt
ecg_diagnosis_input_2006_chunk42.txt,,,10,ecg_diagnosis_deID_2006_chunk42.txt
ecg_diagnosis_input_1983_chunk13.txt,,,10,ecg_diagnosis_deID_1983_chunk13.txt
ecg_diagnosis_input_2016_chunk241.txt,,,10,ecg_diagnosis_deID_2016_chunk241.txt
ecg_diagnosis_input_2006_chunk298.txt,,,10,ecg_diagnosis_deID_2006_chunk298.txt
ecg_diagnosis_input_2003_chunk122.txt,,,10,ecg_diagnosis_deID_2003_chunk122.txt
ecg_diagnosis_input_2003_chunk136.txt,,,10,ecg_diagnosis_deID_2003_chunk136.txt
ecg_diagnosis_input_2016_chunk255.txt,,,10,ecg_diagnosis_deID_2016_chunk255.txt
ecg_diagnosis_input_1997_chunk134.txt,,,10,ecg_diagnosis_deID_1997_chunk134.txt
ecg_diagnosis_input_2006_chunk56.txt,,,10,ecg_diagnosis_deID_2006_chunk56.txt
ecg_diagnosis_input_2010_chunk332.txt,,,10,ecg_diagnosis_deID_2010_chunk332.txt
ecg_diagnosis_input_2001_chunk99.txt,,,10,ecg_diagnosis_deID_2001_chunk99.txt
ecg_diagnosis_input_2021_chunk293.txt,,,10,ecg_diagnosis_deID_2021_chunk293.txt
ecg_diagnosis_input_2017_chunk130.txt,,,10,ecg_diagnosis_deID_2017_chunk130.txt
ecg_diagnosis_input_2008_chunk156.txt,,,10,ecg_diagnosis_deID_2008_chunk156.txt
ecg_diagnosis_input_1992_chunk46.txt,,,10,ecg_diagnosis_deID_1992_chunk46.txt
ecg_diagnosis_input_2017_chunk17.txt,,,10,ecg_diagnosis_deID_2017_chunk17.txt
ecg_diagnosis_input_1995_chunk89.txt,,,10,ecg_diagnosis_deID_1995_chunk89.txt
ecg_diagnosis_input_2017_chunk118.txt,,,10,ecg_diagnosis_deID_2017_chunk118.txt
ecg_diagnosis_input_2009_chunk233.txt,,,10,ecg_diagnosis_deID_2009_chunk233.txt
ecg_diagnosis_input_2016_chunk269.txt,,,10,ecg_diagnosis_deID_2016_chunk269.txt
ecg_diagnosis_input_2009_chunk227.txt,,,10,ecg_diagnosis_deID_2009_chunk227.txt
ecg_diagnosis_input_1989_chunk88.txt,,,10,ecg_diagnosis_deID_1989_chunk88.txt
ecg_diagnosis_input_1997_chunk108.txt,,,10,ecg_diagnosis_deID_1997_chunk108.txt
ecg_diagnosis_input_2008_chunk142.txt,,,10,ecg_diagnosis_deID_2008_chunk142.txt
ecg_diagnosis_input_1992_chunk52.txt,,,10,ecg_diagnosis_deID_1992_chunk52.txt
ecg_diagnosis_input_2006_chunk81.txt,,,10,ecg_diagnosis_deID_2006_chunk81.txt
ecg_diagnosis_input_2019_chunk573.txt,,,10,ecg_diagnosis_deID_2019_chunk573.txt
ecg_diagnosis_input_2004_chunk5.txt,,,10,ecg_diagnosis_deID_2004_chunk5.txt
ecg_diagnosis_input_2015_chunk7.txt,,,10,ecg_diagnosis_deID_2015_chunk7.txt
ecg_diagnosis_input_1989_chunk63.txt,,,10,ecg_diagnosis_deID_1989_chunk63.txt
ecg_diagnosis_input_2018_chunk170.txt,,,10,ecg_diagnosis_deID_2018_chunk170.txt
ecg_diagnosis_input_2010_chunk27.txt,,,10,ecg_diagnosis_deID_2010_chunk27.txt
ecg_diagnosis_input_1995_chunk76.txt,,,10,ecg_diagnosis_deID_1995_chunk76.txt
ecg_diagnosis_input_2021_chunk244.txt,,,10,ecg_diagnosis_deID_2021_chunk244.txt
ecg_diagnosis_input_2021_chunk522.txt,,,10,ecg_diagnosis_deID_2021_chunk522.txt
ecg_diagnosis_input_2020_chunk121.txt,,,10,ecg_diagnosis_deID_2020_chunk121.txt
ecg_diagnosis_input_2019_chunk215.txt,,,10,ecg_diagnosis_deID_2019_chunk215.txt
ecg_diagnosis_input_2013_chunk138.txt,,,10,ecg_diagnosis_deID_2013_chunk138.txt
ecg_diagnosis_input_2016_chunk282.txt,,,10,ecg_diagnosis_deID_2016_chunk282.txt
ecg_diagnosis_input_2020_chunk135.txt,,,10,ecg_diagnosis_deID_2020_chunk135.txt
ecg_diagnosis_input_2019_chunk201.txt,,,10,ecg_diagnosis_deID_2019_chunk201.txt
ecg_diagnosis_input_2016_chunk296.txt,,,10,ecg_diagnosis_deID_2016_chunk296.txt
ecg_diagnosis_input_2021_chunk536.txt,,,10,ecg_diagnosis_deID_2021_chunk536.txt
ecg_diagnosis_input_2012_chunk249.txt,,,10,ecg_diagnosis_deID_2012_chunk249.txt
ecg_diagnosis_input_1989_chunk77.txt,,,10,ecg_diagnosis_deID_1989_chunk77.txt
ecg_diagnosis_input_2018_chunk164.txt,,,10,ecg_diagnosis_deID_2018_chunk164.txt
ecg_diagnosis_input_2010_chunk33.txt,,,10,ecg_diagnosis_deID_2010_chunk33.txt
ecg_diagnosis_input_1995_chunk62.txt,,,10,ecg_diagnosis_deID_1995_chunk62.txt
ecg_diagnosis_input_2021_chunk250.txt,,,10,ecg_diagnosis_deID_2021_chunk250.txt
ecg_diagnosis_input_2006_chunk95.txt,,,10,ecg_diagnosis_deID_2006_chunk95.txt
ecg_diagnosis_input_2019_chunk567.txt,,,10,ecg_diagnosis_deID_2019_chunk567.txt
ecg_diagnosis_input_2012_chunk261.txt,,,10,ecg_diagnosis_deID_2012_chunk261.txt
ecg_diagnosis_input_1984_chunk23.txt,,,10,ecg_diagnosis_deID_1984_chunk23.txt
ecg_diagnosis_input_2021_chunk278.txt,,,10,ecg_diagnosis_deID_2021_chunk278.txt
ecg_diagnosis_input_1998_chunk36.txt,,,10,ecg_diagnosis_deID_1998_chunk36.txt
ecg_diagnosis_input_2001_chunk72.txt,,,10,ecg_diagnosis_deID_2001_chunk72.txt
ecg_diagnosis_input_1992_chunk85.txt,,,10,ecg_diagnosis_deID_1992_chunk85.txt
ecg_diagnosis_input_1998_chunk148.txt,,,10,ecg_diagnosis_deID_1998_chunk148.txt
ecg_diagnosis_input_2007_chunk102.txt,,,10,ecg_diagnosis_deID_2007_chunk102.txt
ecg_diagnosis_input_2008_chunk195.txt,,,10,ecg_diagnosis_deID_2008_chunk195.txt
ecg_diagnosis_input_2019_chunk229.txt,,,10,ecg_diagnosis_deID_2019_chunk229.txt
ecg_diagnosis_input_2013_chunk104.txt,,,10,ecg_diagnosis_deID_2013_chunk104.txt
ecg_diagnosis_input_1993_chunk100.txt,,,10,ecg_diagnosis_deID_1993_chunk100.txt
ecg_diagnosis_input_2006_chunk267.txt,,,10,ecg_diagnosis_deID_2006_chunk267.txt
ecg_diagnosis_input_2014_chunk306.txt,,,10,ecg_diagnosis_deID_2014_chunk306.txt
ecg_diagnosis_input_1993_chunk114.txt,,,10,ecg_diagnosis_deID_1993_chunk114.txt
ecg_diagnosis_input_2006_chunk273.txt,,,10,ecg_diagnosis_deID_2006_chunk273.txt
ecg_diagnosis_input_2014_chunk312.txt,,,10,ecg_diagnosis_deID_2014_chunk312.txt
ecg_diagnosis_input_2020_chunk109.txt,,,10,ecg_diagnosis_deID_2020_chunk109.txt
ecg_diagnosis_input_2013_chunk110.txt,,,10,ecg_diagnosis_deID_2013_chunk110.txt
ecg_diagnosis_input_1992_chunk91.txt,,,10,ecg_diagnosis_deID_1992_chunk91.txt
ecg_diagnosis_input_2007_chunk116.txt,,,10,ecg_diagnosis_deID_2007_chunk116.txt
ecg_diagnosis_input_2008_chunk181.txt,,,10,ecg_diagnosis_deID_2008_chunk181.txt
ecg_diagnosis_input_2022_chunk7.txt,,,10,ecg_diagnosis_deID_2022_chunk7.txt
ecg_diagnosis_input_2012_chunk275.txt,,,10,ecg_diagnosis_deID_2012_chunk275.txt
ecg_diagnosis_input_1984_chunk37.txt,,,10,ecg_diagnosis_deID_1984_chunk37.txt
ecg_diagnosis_input_2018_chunk158.txt,,,10,ecg_diagnosis_deID_2018_chunk158.txt
ecg_diagnosis_input_1998_chunk22.txt,,,10,ecg_diagnosis_deID_1998_chunk22.txt
ecg_diagnosis_input_2001_chunk66.txt,,,10,ecg_diagnosis_deID_2001_chunk66.txt
ecg_diagnosis_input_2022_chunk258.txt,,,10,ecg_diagnosis_deID_2022_chunk258.txt
ecg_diagnosis_input_2011_chunk241.txt,,,10,ecg_diagnosis_deID_2011_chunk241.txt
ecg_diagnosis_input_2017_chunk440.txt,,,10,ecg_diagnosis_deID_2017_chunk440.txt
ecg_diagnosis_input_2019_chunk18.txt,,,10,ecg_diagnosis_deID_2019_chunk18.txt
ecg_diagnosis_input_2014_chunk64.txt,,,10,ecg_diagnosis_deID_2014_chunk64.txt
ecg_diagnosis_input_2004_chunk122.txt,,,10,ecg_diagnosis_deID_2004_chunk122.txt
ecg_diagnosis_input_1991_chunk35.txt,,,10,ecg_diagnosis_deID_1991_chunk35.txt
ecg_diagnosis_input_2008_chunk71.txt,,,10,ecg_diagnosis_deID_2008_chunk71.txt
ecg_diagnosis_input_2010_chunk124.txt,,,10,ecg_diagnosis_deID_2010_chunk124.txt
ecg_diagnosis_input_1984_chunk2.txt,,,10,ecg_diagnosis_deID_1984_chunk2.txt
ecg_diagnosis_input_2020_chunk486.txt,,,10,ecg_diagnosis_deID_2020_chunk486.txt
ecg_diagnosis_input_2017_chunk326.txt,,,10,ecg_diagnosis_deID_2017_chunk326.txt
ecg_diagnosis_input_2005_chunk247.txt,,,10,ecg_diagnosis_deID_2005_chunk247.txt
ecg_diagnosis_input_2017_chunk332.txt,,,10,ecg_diagnosis_deID_2017_chunk332.txt
ecg_diagnosis_input_2005_chunk253.txt,,,10,ecg_diagnosis_deID_2005_chunk253.txt
ecg_diagnosis_input_2010_chunk130.txt,,,10,ecg_diagnosis_deID_2010_chunk130.txt
ecg_diagnosis_input_2020_chunk492.txt,,,10,ecg_diagnosis_deID_2020_chunk492.txt
ecg_diagnosis_input_2016_chunk9.txt,,,10,ecg_diagnosis_deID_2016_chunk9.txt
ecg_diagnosis_input_2004_chunk136.txt,,,10,ecg_diagnosis_deID_2004_chunk136.txt
ecg_diagnosis_input_2014_chunk70.txt,,,10,ecg_diagnosis_deID_2014_chunk70.txt
ecg_diagnosis_input_1991_chunk21.txt,,,10,ecg_diagnosis_deID_1991_chunk21.txt
ecg_diagnosis_input_2005_chunk19.txt,,,10,ecg_diagnosis_deID_2005_chunk19.txt
ecg_diagnosis_input_2008_chunk65.txt,,,10,ecg_diagnosis_deID_2008_chunk65.txt
ecg_diagnosis_input_2011_chunk255.txt,,,10,ecg_diagnosis_deID_2011_chunk255.txt
ecg_diagnosis_input_2017_chunk454.txt,,,10,ecg_diagnosis_deID_2017_chunk454.txt
ecg_diagnosis_input_2021_chunk9.txt,,,10,ecg_diagnosis_deID_2021_chunk9.txt
ecg_diagnosis_input_2014_chunk58.txt,,,10,ecg_diagnosis_deID_2014_chunk58.txt
ecg_diagnosis_input_2019_chunk24.txt,,,10,ecg_diagnosis_deID_2019_chunk24.txt
ecg_diagnosis_input_2005_chunk31.txt,,,10,ecg_diagnosis_deID_2005_chunk31.txt
ecg_diagnosis_input_2022_chunk264.txt,,,10,ecg_diagnosis_deID_2022_chunk264.txt
ecg_diagnosis_input_2013_chunk97.txt,,,10,ecg_diagnosis_deID_2013_chunk97.txt
ecg_diagnosis_input_2010_chunk118.txt,,,10,ecg_diagnosis_deID_2010_chunk118.txt
ecg_diagnosis_input_1990_chunk108.txt,,,10,ecg_diagnosis_deID_1990_chunk108.txt
ecg_diagnosis_input_2018_chunk399.txt,,,10,ecg_diagnosis_deID_2018_chunk399.txt
ecg_diagnosis_input_2022_chunk270.txt,,,10,ecg_diagnosis_deID_2022_chunk270.txt
ecg_diagnosis_input_2013_chunk83.txt,,,10,ecg_diagnosis_deID_2013_chunk83.txt
ecg_diagnosis_input_2020_chunk13.txt,,,10,ecg_diagnosis_deID_2020_chunk13.txt
ecg_diagnosis_input_2011_chunk269.txt,,,10,ecg_diagnosis_deID_2011_chunk269.txt
ecg_diagnosis_input_2017_chunk468.txt,,,10,ecg_diagnosis_deID_2017_chunk468.txt
ecg_diagnosis_input_2019_chunk30.txt,,,10,ecg_diagnosis_deID_2019_chunk30.txt
ecg_diagnosis_input_2008_chunk59.txt,,,10,ecg_diagnosis_deID_2008_chunk59.txt
ecg_diagnosis_input_2005_chunk25.txt,,,10,ecg_diagnosis_deID_2005_chunk25.txt
ecg_diagnosis_input_2020_chunk323.txt,,,10,ecg_diagnosis_deID_2020_chunk323.txt
ecg_diagnosis_input_2011_chunk282.txt,,,10,ecg_diagnosis_deID_2011_chunk282.txt
ecg_diagnosis_input_2014_chunk138.txt,,,10,ecg_diagnosis_deID_2014_chunk138.txt
ecg_diagnosis_input_2017_chunk483.txt,,,10,ecg_diagnosis_deID_2017_chunk483.txt
ecg_diagnosis_input_2018_chunk414.txt,,,10,ecg_diagnosis_deID_2018_chunk414.txt
ecg_diagnosis_input_1996_chunk39.txt,,,10,ecg_diagnosis_deID_1996_chunk39.txt
ecg_diagnosis_input_1987_chunk50.txt,,,10,ecg_diagnosis_deID_1987_chunk50.txt
ecg_diagnosis_input_2013_chunk68.txt,,,10,ecg_diagnosis_deID_2013_chunk68.txt
ecg_diagnosis_input_2018_chunk372.txt,,,10,ecg_diagnosis_deID_2018_chunk372.txt
ecg_diagnosis_input_2020_chunk445.txt,,,10,ecg_diagnosis_deID_2020_chunk445.txt
ecg_diagnosis_input_2020_chunk451.txt,,,10,ecg_diagnosis_deID_2020_chunk451.txt
ecg_diagnosis_input_2015_chunk249.txt,,,10,ecg_diagnosis_deID_2015_chunk249.txt
ecg_diagnosis_input_2018_chunk366.txt,,,10,ecg_diagnosis_deID_2018_chunk366.txt
ecg_diagnosis_input_2011_chunk296.txt,,,10,ecg_diagnosis_deID_2011_chunk296.txt
ecg_diagnosis_input_2017_chunk497.txt,,,10,ecg_diagnosis_deID_2017_chunk497.txt
ecg_diagnosis_input_2018_chunk400.txt,,,10,ecg_diagnosis_deID_2018_chunk400.txt
ecg_diagnosis_input_2002_chunk15.txt,,,10,ecg_diagnosis_deID_2002_chunk15.txt
ecg_diagnosis_input_1987_chunk44.txt,,,10,ecg_diagnosis_deID_1987_chunk44.txt
ecg_diagnosis_input_2020_chunk337.txt,,,10,ecg_diagnosis_deID_2020_chunk337.txt
ecg_diagnosis_input_1994_chunk128.txt,,,10,ecg_diagnosis_deID_1994_chunk128.txt
ecg_diagnosis_input_2014_chunk104.txt,,,10,ecg_diagnosis_deID_2014_chunk104.txt
ecg_diagnosis_input_2018_chunk428.txt,,,10,ecg_diagnosis_deID_2018_chunk428.txt
ecg_diagnosis_input_2013_chunk54.txt,,,10,ecg_diagnosis_deID_2013_chunk54.txt
ecg_diagnosis_input_2013_chunk306.txt,,,10,ecg_diagnosis_deID_2013_chunk306.txt
ecg_diagnosis_input_1994_chunk100.txt,,,10,ecg_diagnosis_deID_1994_chunk100.txt
ecg_diagnosis_input_2020_chunk479.txt,,,10,ecg_diagnosis_deID_2020_chunk479.txt
ecg_diagnosis_input_2007_chunk300.txt,,,10,ecg_diagnosis_deID_2007_chunk300.txt
ecg_diagnosis_input_2015_chunk261.txt,,,10,ecg_diagnosis_deID_2015_chunk261.txt
ecg_diagnosis_input_2000_chunk102.txt,,,10,ecg_diagnosis_deID_2000_chunk102.txt
ecg_diagnosis_input_2000_chunk116.txt,,,10,ecg_diagnosis_deID_2000_chunk116.txt
ecg_diagnosis_input_2007_chunk314.txt,,,10,ecg_diagnosis_deID_2007_chunk314.txt
ecg_diagnosis_input_2015_chunk275.txt,,,10,ecg_diagnosis_deID_2015_chunk275.txt
ecg_diagnosis_input_2013_chunk312.txt,,,10,ecg_diagnosis_deID_2013_chunk312.txt
ecg_diagnosis_input_1994_chunk114.txt,,,10,ecg_diagnosis_deID_1994_chunk114.txt
ecg_diagnosis_input_2014_chunk110.txt,,,10,ecg_diagnosis_deID_2014_chunk110.txt
ecg_diagnosis_input_1996_chunk11.txt,,,10,ecg_diagnosis_deID_1996_chunk11.txt
ecg_diagnosis_input_2002_chunk29.txt,,,10,ecg_diagnosis_deID_2002_chunk29.txt
ecg_diagnosis_input_2013_chunk40.txt,,,10,ecg_diagnosis_deID_2013_chunk40.txt
ecg_diagnosis_input_2007_chunk38.txt,,,10,ecg_diagnosis_deID_2007_chunk38.txt
ecg_diagnosis_input_2016_chunk51.txt,,,10,ecg_diagnosis_deID_2016_chunk51.txt
ecg_diagnosis_input_2011_chunk335.txt,,,10,ecg_diagnosis_deID_2011_chunk335.txt
ecg_diagnosis_input_1996_chunk133.txt,,,10,ecg_diagnosis_deID_1996_chunk133.txt
ecg_diagnosis_input_2009_chunk179.txt,,,10,ecg_diagnosis_deID_2009_chunk179.txt
ecg_diagnosis_input_2010_chunk2.txt,,,10,ecg_diagnosis_deID_2010_chunk2.txt
ecg_diagnosis_input_2016_chunk137.txt,,,10,ecg_diagnosis_deID_2016_chunk137.txt
ecg_diagnosis_input_2020_chunk294.txt,,,10,ecg_diagnosis_deID_2020_chunk294.txt
ecg_diagnosis_input_2002_chunk131.txt,,,10,ecg_diagnosis_deID_2002_chunk131.txt
ecg_diagnosis_input_2017_chunk252.txt,,,10,ecg_diagnosis_deID_2017_chunk252.txt
ecg_diagnosis_input_1989_chunk1.txt,,,10,ecg_diagnosis_deID_1989_chunk1.txt
ecg_diagnosis_input_2017_chunk246.txt,,,10,ecg_diagnosis_deID_2017_chunk246.txt
ecg_diagnosis_input_1982_chunk9.txt,,,10,ecg_diagnosis_deID_1982_chunk9.txt
ecg_diagnosis_input_2008_chunk208.txt,,,10,ecg_diagnosis_deID_2008_chunk208.txt
ecg_diagnosis_input_1998_chunk3.txt,,,10,ecg_diagnosis_deID_1998_chunk3.txt
ecg_diagnosis_input_2002_chunk125.txt,,,10,ecg_diagnosis_deID_2002_chunk125.txt
ecg_diagnosis_input_2016_chunk123.txt,,,10,ecg_diagnosis_deID_2016_chunk123.txt
ecg_diagnosis_input_2013_chunk299.txt,,,10,ecg_diagnosis_deID_2013_chunk299.txt
ecg_diagnosis_input_2020_chunk280.txt,,,10,ecg_diagnosis_deID_2020_chunk280.txt
ecg_diagnosis_input_1993_chunk14.txt,,,10,ecg_diagnosis_deID_1993_chunk14.txt
ecg_diagnosis_input_2011_chunk321.txt,,,10,ecg_diagnosis_deID_2011_chunk321.txt
ecg_diagnosis_input_2016_chunk45.txt,,,10,ecg_diagnosis_deID_2016_chunk45.txt
ecg_diagnosis_input_2022_chunk338.txt,,,10,ecg_diagnosis_deID_2022_chunk338.txt
ecg_diagnosis_input_1996_chunk127.txt,,,10,ecg_diagnosis_deID_1996_chunk127.txt
ecg_diagnosis_input_2022_chunk32.txt,,,10,ecg_diagnosis_deID_2022_chunk32.txt
ecg_diagnosis_input_2011_chunk309.txt,,,10,ecg_diagnosis_deID_2011_chunk309.txt
ecg_diagnosis_input_2009_chunk145.txt,,,10,ecg_diagnosis_deID_2009_chunk145.txt
ecg_diagnosis_input_2022_chunk310.txt,,,10,ecg_diagnosis_deID_2022_chunk310.txt
ecg_diagnosis_input_2008_chunk220.txt,,,10,ecg_diagnosis_deID_2008_chunk220.txt
ecg_diagnosis_input_2008_chunk234.txt,,,10,ecg_diagnosis_deID_2008_chunk234.txt
ecg_diagnosis_input_2002_chunk119.txt,,,10,ecg_diagnosis_deID_2002_chunk119.txt
ecg_diagnosis_input_1993_chunk28.txt,,,10,ecg_diagnosis_deID_1993_chunk28.txt
ecg_diagnosis_input_2007_chunk10.txt,,,10,ecg_diagnosis_deID_2007_chunk10.txt
ecg_diagnosis_input_2016_chunk79.txt,,,10,ecg_diagnosis_deID_2016_chunk79.txt
ecg_diagnosis_input_1982_chunk41.txt,,,10,ecg_diagnosis_deID_1982_chunk41.txt
ecg_diagnosis_input_2009_chunk151.txt,,,10,ecg_diagnosis_deID_2009_chunk151.txt
ecg_diagnosis_input_2022_chunk304.txt,,,10,ecg_diagnosis_deID_2022_chunk304.txt
ecg_diagnosis_input_2022_chunk26.txt,,,10,ecg_diagnosis_deID_2022_chunk26.txt
ecg_diagnosis_input_2019_chunk188.txt,,,10,ecg_diagnosis_deID_2019_chunk188.txt
ecg_diagnosis_input_2020_chunk257.txt,,,10,ecg_diagnosis_deID_2020_chunk257.txt
ecg_diagnosis_input_1988_chunk19.txt,,,10,ecg_diagnosis_deID_1988_chunk19.txt
ecg_diagnosis_input_2019_chunk163.txt,,,10,ecg_diagnosis_deID_2019_chunk163.txt
ecg_diagnosis_input_2000_chunk34.txt,,,10,ecg_diagnosis_deID_2000_chunk34.txt
ecg_diagnosis_input_1999_chunk70.txt,,,10,ecg_diagnosis_deID_1999_chunk70.txt
ecg_diagnosis_input_2021_chunk654.txt,,,10,ecg_diagnosis_deID_2021_chunk654.txt
ecg_diagnosis_input_2016_chunk92.txt,,,10,ecg_diagnosis_deID_2016_chunk92.txt
ecg_diagnosis_input_2017_chunk291.txt,,,10,ecg_diagnosis_deID_2017_chunk291.txt
ecg_diagnosis_input_2018_chunk206.txt,,,10,ecg_diagnosis_deID_2018_chunk206.txt
ecg_diagnosis_input_2021_chunk132.txt,,,10,ecg_diagnosis_deID_2021_chunk132.txt
ecg_diagnosis_input_2015_chunk329.txt,,,10,ecg_diagnosis_deID_2015_chunk329.txt
ecg_diagnosis_input_2007_chunk248.txt,,,10,ecg_diagnosis_deID_2007_chunk248.txt
ecg_diagnosis_input_2020_chunk531.txt,,,10,ecg_diagnosis_deID_2020_chunk531.txt
ecg_diagnosis_input_2020_chunk525.txt,,,10,ecg_diagnosis_deID_2020_chunk525.txt
ecg_diagnosis_input_2017_chunk285.txt,,,10,ecg_diagnosis_deID_2017_chunk285.txt
ecg_diagnosis_input_2018_chunk212.txt,,,10,ecg_diagnosis_deID_2018_chunk212.txt
ecg_diagnosis_input_2021_chunk126.txt,,,10,ecg_diagnosis_deID_2021_chunk126.txt
ecg_diagnosis_input_2021_chunk640.txt,,,10,ecg_diagnosis_deID_2021_chunk640.txt
ecg_diagnosis_input_2006_chunk139.txt,,,10,ecg_diagnosis_deID_2006_chunk139.txt
ecg_diagnosis_input_2016_chunk86.txt,,,10,ecg_diagnosis_deID_2016_chunk86.txt
ecg_diagnosis_input_2020_chunk243.txt,,,10,ecg_diagnosis_deID_2020_chunk243.txt
ecg_diagnosis_input_2011_chunk49.txt,,,10,ecg_diagnosis_deID_2011_chunk49.txt
ecg_diagnosis_input_1994_chunk18.txt,,,10,ecg_diagnosis_deID_1994_chunk18.txt
ecg_diagnosis_input_2019_chunk177.txt,,,10,ecg_diagnosis_deID_2019_chunk177.txt
ecg_diagnosis_input_2000_chunk20.txt,,,10,ecg_diagnosis_deID_2000_chunk20.txt
ecg_diagnosis_input_1999_chunk64.txt,,,10,ecg_diagnosis_deID_1999_chunk64.txt
ecg_diagnosis_input_2009_chunk186.txt,,,10,ecg_diagnosis_deID_2009_chunk186.txt
ecg_diagnosis_input_2006_chunk111.txt,,,10,ecg_diagnosis_deID_2006_chunk111.txt
ecg_diagnosis_input_2011_chunk61.txt,,,10,ecg_diagnosis_deID_2011_chunk61.txt
ecg_diagnosis_input_1988_chunk25.txt,,,10,ecg_diagnosis_deID_1988_chunk25.txt
ecg_diagnosis_input_1994_chunk30.txt,,,10,ecg_diagnosis_deID_1994_chunk30.txt
ecg_diagnosis_input_2013_chunk272.txt,,,10,ecg_diagnosis_deID_2013_chunk272.txt
ecg_diagnosis_input_2015_chunk315.txt,,,10,ecg_diagnosis_deID_2015_chunk315.txt
ecg_diagnosis_input_2007_chunk274.txt,,,10,ecg_diagnosis_deID_2007_chunk274.txt
ecg_diagnosis_input_2012_chunk117.txt,,,10,ecg_diagnosis_deID_2012_chunk117.txt
ecg_diagnosis_input_2012_chunk103.txt,,,10,ecg_diagnosis_deID_2012_chunk103.txt
ecg_diagnosis_input_2015_chunk301.txt,,,10,ecg_diagnosis_deID_2015_chunk301.txt
ecg_diagnosis_input_2007_chunk260.txt,,,10,ecg_diagnosis_deID_2007_chunk260.txt
ecg_diagnosis_input_1992_chunk107.txt,,,10,ecg_diagnosis_deID_1992_chunk107.txt
ecg_diagnosis_input_2020_chunk519.txt,,,10,ecg_diagnosis_deID_2020_chunk519.txt
ecg_diagnosis_input_2011_chunk75.txt,,,10,ecg_diagnosis_deID_2011_chunk75.txt
ecg_diagnosis_input_1988_chunk31.txt,,,10,ecg_diagnosis_deID_1988_chunk31.txt
ecg_diagnosis_input_1999_chunk58.txt,,,10,ecg_diagnosis_deID_1999_chunk58.txt
ecg_diagnosis_input_1994_chunk24.txt,,,10,ecg_diagnosis_deID_1994_chunk24.txt
ecg_diagnosis_input_2013_chunk266.txt,,,10,ecg_diagnosis_deID_2013_chunk266.txt
ecg_diagnosis_input_2009_chunk192.txt,,,10,ecg_diagnosis_deID_2009_chunk192.txt
ecg_diagnosis_input_2006_chunk105.txt,,,10,ecg_diagnosis_deID_2006_chunk105.txt
ecg_diagnosis_input_2018_chunk62.txt,,,10,ecg_diagnosis_deID_2018_chunk62.txt
ecg_diagnosis_input_2005_chunk131.txt,,,10,ecg_diagnosis_deID_2005_chunk131.txt
ecg_diagnosis_input_2004_chunk77.txt,,,10,ecg_diagnosis_deID_2004_chunk77.txt
ecg_diagnosis_input_2016_chunk453.txt,,,10,ecg_diagnosis_deID_2016_chunk453.txt
ecg_diagnosis_input_2010_chunk252.txt,,,10,ecg_diagnosis_deID_2010_chunk252.txt
ecg_diagnosis_input_1997_chunk80.txt,,,10,ecg_diagnosis_deID_1997_chunk80.txt
ecg_diagnosis_input_2021_chunk41.txt,,,10,ecg_diagnosis_deID_2021_chunk41.txt
ecg_diagnosis_input_2004_chunk254.txt,,,10,ecg_diagnosis_deID_2004_chunk254.txt
ecg_diagnosis_input_2016_chunk335.txt,,,10,ecg_diagnosis_deID_2016_chunk335.txt
ecg_diagnosis_input_2021_chunk495.txt,,,10,ecg_diagnosis_deID_2021_chunk495.txt
ecg_diagnosis_input_2011_chunk137.txt,,,10,ecg_diagnosis_deID_2011_chunk137.txt
ecg_diagnosis_input_2021_chunk481.txt,,,10,ecg_diagnosis_deID_2021_chunk481.txt
ecg_diagnosis_input_2014_chunk299.txt,,,10,ecg_diagnosis_deID_2014_chunk299.txt
ecg_diagnosis_input_2011_chunk123.txt,,,10,ecg_diagnosis_deID_2011_chunk123.txt
ecg_diagnosis_input_2004_chunk240.txt,,,10,ecg_diagnosis_deID_2004_chunk240.txt
ecg_diagnosis_input_2016_chunk321.txt,,,10,ecg_diagnosis_deID_2016_chunk321.txt
ecg_diagnosis_input_2016_chunk447.txt,,,10,ecg_diagnosis_deID_2016_chunk447.txt
ecg_diagnosis_input_2010_chunk246.txt,,,10,ecg_diagnosis_deID_2010_chunk246.txt
ecg_diagnosis_input_1997_chunk94.txt,,,10,ecg_diagnosis_deID_1997_chunk94.txt
ecg_diagnosis_input_2021_chunk55.txt,,,10,ecg_diagnosis_deID_2021_chunk55.txt
ecg_diagnosis_input_2018_chunk76.txt,,,10,ecg_diagnosis_deID_2018_chunk76.txt
ecg_diagnosis_input_2004_chunk63.txt,,,10,ecg_diagnosis_deID_2004_chunk63.txt
ecg_diagnosis_input_2005_chunk125.txt,,,10,ecg_diagnosis_deID_2005_chunk125.txt
ecg_diagnosis_input_2003_chunk84.txt,,,10,ecg_diagnosis_deID_2003_chunk84.txt
ecg_diagnosis_input_2015_chunk22.txt,,,10,ecg_diagnosis_deID_2015_chunk22.txt
ecg_diagnosis_input_2009_chunk37.txt,,,10,ecg_diagnosis_deID_2009_chunk37.txt
ecg_diagnosis_input_1990_chunk73.txt,,,10,ecg_diagnosis_deID_1990_chunk73.txt
ecg_diagnosis_input_2022_chunk112.txt,,,10,ecg_diagnosis_deID_2022_chunk112.txt
ecg_diagnosis_input_2009_chunk347.txt,,,10,ecg_diagnosis_deID_2009_chunk347.txt
ecg_diagnosis_input_2016_chunk309.txt,,,10,ecg_diagnosis_deID_2016_chunk309.txt
ecg_diagnosis_input_2022_chunk106.txt,,,10,ecg_diagnosis_deID_2022_chunk106.txt
ecg_diagnosis_input_2009_chunk353.txt,,,10,ecg_diagnosis_deID_2009_chunk353.txt
ecg_diagnosis_input_2015_chunk36.txt,,,10,ecg_diagnosis_deID_2015_chunk36.txt
ecg_diagnosis_input_2009_chunk23.txt,,,10,ecg_diagnosis_deID_2009_chunk23.txt
ecg_diagnosis_input_2005_chunk119.txt,,,10,ecg_diagnosis_deID_2005_chunk119.txt
ecg_diagnosis_input_1990_chunk67.txt,,,10,ecg_diagnosis_deID_1990_chunk67.txt
ecg_diagnosis_input_2003_chunk90.txt,,,10,ecg_diagnosis_deID_2003_chunk90.txt
ecg_diagnosis_input_2021_chunk69.txt,,,10,ecg_diagnosis_deID_2021_chunk69.txt
ecg_diagnosis_input_1997_chunk43.txt,,,10,ecg_diagnosis_deID_1997_chunk43.txt
ecg_diagnosis_input_2012_chunk12.txt,,,10,ecg_diagnosis_deID_2012_chunk12.txt
ecg_diagnosis_input_2021_chunk82.txt,,,10,ecg_diagnosis_deID_2021_chunk82.txt
ecg_diagnosis_input_2019_chunk407.txt,,,10,ecg_diagnosis_deID_2019_chunk407.txt
ecg_diagnosis_input_2010_chunk291.txt,,,10,ecg_diagnosis_deID_2010_chunk291.txt
ecg_diagnosis_input_2021_chunk330.txt,,,10,ecg_diagnosis_deID_2021_chunk330.txt
ecg_diagnosis_input_2012_chunk329.txt,,,10,ecg_diagnosis_deID_2012_chunk329.txt
ecg_diagnosis_input_1981_chunk7.txt,,,10,ecg_diagnosis_deID_1981_chunk7.txt
ecg_diagnosis_input_2021_chunk456.txt,,,10,ecg_diagnosis_deID_2021_chunk456.txt
ecg_diagnosis_input_2019_chunk361.txt,,,10,ecg_diagnosis_deID_2019_chunk361.txt
ecg_diagnosis_input_1990_chunk5.txt,,,10,ecg_diagnosis_deID_1990_chunk5.txt
ecg_diagnosis_input_2001_chunk139.txt,,,10,ecg_diagnosis_deID_2001_chunk139.txt
ecg_diagnosis_input_2019_chunk375.txt,,,10,ecg_diagnosis_deID_2019_chunk375.txt
ecg_diagnosis_input_2021_chunk442.txt,,,10,ecg_diagnosis_deID_2021_chunk442.txt
ecg_diagnosis_input_2021_chunk324.txt,,,10,ecg_diagnosis_deID_2021_chunk324.txt
ecg_diagnosis_input_1990_chunk98.txt,,,10,ecg_diagnosis_deID_1990_chunk98.txt
ecg_diagnosis_input_2009_chunk6.txt,,,10,ecg_diagnosis_deID_2009_chunk6.txt
ecg_diagnosis_input_1997_chunk57.txt,,,10,ecg_diagnosis_deID_1997_chunk57.txt
ecg_diagnosis_input_2021_chunk96.txt,,,10,ecg_diagnosis_deID_2021_chunk96.txt
ecg_diagnosis_input_2018_chunk4.txt,,,10,ecg_diagnosis_deID_2018_chunk4.txt
ecg_diagnosis_input_2019_chunk413.txt,,,10,ecg_diagnosis_deID_2019_chunk413.txt
ecg_diagnosis_input_2010_chunk285.txt,,,10,ecg_diagnosis_deID_2010_chunk285.txt
ecg_diagnosis_input_1995_chunk113.txt,,,10,ecg_diagnosis_deID_1995_chunk113.txt
ecg_diagnosis_input_2012_chunk315.txt,,,10,ecg_diagnosis_deID_2012_chunk315.txt
ecg_diagnosis_input_2004_chunk88.txt,,,10,ecg_diagnosis_deID_2004_chunk88.txt
ecg_diagnosis_input_2003_chunk47.txt,,,10,ecg_diagnosis_deID_2003_chunk47.txt
ecg_diagnosis_input_1986_chunk16.txt,,,10,ecg_diagnosis_deID_1986_chunk16.txt
ecg_diagnosis_input_2015_chunk117.txt,,,10,ecg_diagnosis_deID_2015_chunk117.txt
ecg_diagnosis_input_2001_chunk111.txt,,,10,ecg_diagnosis_deID_2001_chunk111.txt
ecg_diagnosis_input_2014_chunk272.txt,,,10,ecg_diagnosis_deID_2014_chunk272.txt
ecg_diagnosis_input_2014_chunk266.txt,,,10,ecg_diagnosis_deID_2014_chunk266.txt
ecg_diagnosis_input_2001_chunk105.txt,,,10,ecg_diagnosis_deID_2001_chunk105.txt
ecg_diagnosis_input_2019_chunk349.txt,,,10,ecg_diagnosis_deID_2019_chunk349.txt
ecg_diagnosis_input_2003_chunk53.txt,,,10,ecg_diagnosis_deID_2003_chunk53.txt
ecg_diagnosis_input_2015_chunk103.txt,,,10,ecg_diagnosis_deID_2015_chunk103.txt
ecg_diagnosis_input_2021_chunk318.txt,,,10,ecg_diagnosis_deID_2021_chunk318.txt
ecg_diagnosis_input_1995_chunk107.txt,,,10,ecg_diagnosis_deID_1995_chunk107.txt
ecg_diagnosis_input_2012_chunk301.txt,,,10,ecg_diagnosis_deID_2012_chunk301.txt
ecg_diagnosis_input_2018_chunk89.txt,,,10,ecg_diagnosis_deID_2018_chunk89.txt
ecg_diagnosis_input_2021_chunk468.txt,,,10,ecg_diagnosis_deID_2021_chunk468.txt
ecg_diagnosis_input_2014_chunk270.txt,,,10,ecg_diagnosis_deID_2014_chunk270.txt
ecg_diagnosis_input_2001_chunk113.txt,,,10,ecg_diagnosis_deID_2001_chunk113.txt
ecg_diagnosis_input_2015_chunk115.txt,,,10,ecg_diagnosis_deID_2015_chunk115.txt
ecg_diagnosis_input_2019_chunk439.txt,,,10,ecg_diagnosis_deID_2019_chunk439.txt
ecg_diagnosis_input_1986_chunk14.txt,,,10,ecg_diagnosis_deID_1986_chunk14.txt
ecg_diagnosis_input_2003_chunk45.txt,,,10,ecg_diagnosis_deID_2003_chunk45.txt
ecg_diagnosis_input_2012_chunk317.txt,,,10,ecg_diagnosis_deID_2012_chunk317.txt
ecg_diagnosis_input_1995_chunk111.txt,,,10,ecg_diagnosis_deID_1995_chunk111.txt
ecg_diagnosis_input_2012_chunk303.txt,,,10,ecg_diagnosis_deID_2012_chunk303.txt
ecg_diagnosis_input_1995_chunk105.txt,,,10,ecg_diagnosis_deID_1995_chunk105.txt
ecg_diagnosis_input_2015_chunk101.txt,,,10,ecg_diagnosis_deID_2015_chunk101.txt
ecg_diagnosis_input_2012_chunk38.txt,,,10,ecg_diagnosis_deID_2012_chunk38.txt
ecg_diagnosis_input_1997_chunk69.txt,,,10,ecg_diagnosis_deID_1997_chunk69.txt
ecg_diagnosis_input_2003_chunk51.txt,,,10,ecg_diagnosis_deID_2003_chunk51.txt
ecg_diagnosis_input_2001_chunk107.txt,,,10,ecg_diagnosis_deID_2001_chunk107.txt
ecg_diagnosis_input_2014_chunk264.txt,,,10,ecg_diagnosis_deID_2014_chunk264.txt
ecg_diagnosis_input_1990_chunk7.txt,,,10,ecg_diagnosis_deID_1990_chunk7.txt
ecg_diagnosis_input_2019_chunk363.txt,,,10,ecg_diagnosis_deID_2019_chunk363.txt
ecg_diagnosis_input_2021_chunk454.txt,,,10,ecg_diagnosis_deID_2021_chunk454.txt
ecg_diagnosis_input_1981_chunk5.txt,,,10,ecg_diagnosis_deID_1981_chunk5.txt
ecg_diagnosis_input_2021_chunk332.txt,,,10,ecg_diagnosis_deID_2021_chunk332.txt
ecg_diagnosis_input_2010_chunk293.txt,,,10,ecg_diagnosis_deID_2010_chunk293.txt
ecg_diagnosis_input_2015_chunk129.txt,,,10,ecg_diagnosis_deID_2015_chunk129.txt
ecg_diagnosis_input_1986_chunk28.txt,,,10,ecg_diagnosis_deID_1986_chunk28.txt
ecg_diagnosis_input_2021_chunk80.txt,,,10,ecg_diagnosis_deID_2021_chunk80.txt
ecg_diagnosis_input_2012_chunk10.txt,,,10,ecg_diagnosis_deID_2012_chunk10.txt
ecg_diagnosis_input_2019_chunk405.txt,,,10,ecg_diagnosis_deID_2019_chunk405.txt
ecg_diagnosis_input_2003_chunk79.txt,,,10,ecg_diagnosis_deID_2003_chunk79.txt
ecg_diagnosis_input_1997_chunk41.txt,,,10,ecg_diagnosis_deID_1997_chunk41.txt
ecg_diagnosis_input_2010_chunk287.txt,,,10,ecg_diagnosis_deID_2010_chunk287.txt
ecg_diagnosis_input_2021_chunk94.txt,,,10,ecg_diagnosis_deID_2021_chunk94.txt
ecg_diagnosis_input_2019_chunk411.txt,,,10,ecg_diagnosis_deID_2019_chunk411.txt
ecg_diagnosis_input_2018_chunk6.txt,,,10,ecg_diagnosis_deID_2018_chunk6.txt
ecg_diagnosis_input_1997_chunk55.txt,,,10,ecg_diagnosis_deID_1997_chunk55.txt
ecg_diagnosis_input_2009_chunk4.txt,,,10,ecg_diagnosis_deID_2009_chunk4.txt
ecg_diagnosis_input_1995_chunk139.txt,,,10,ecg_diagnosis_deID_1995_chunk139.txt
ecg_diagnosis_input_2021_chunk326.txt,,,10,ecg_diagnosis_deID_2021_chunk326.txt
ecg_diagnosis_input_2021_chunk440.txt,,,10,ecg_diagnosis_deID_2021_chunk440.txt
ecg_diagnosis_input_2014_chunk258.txt,,,10,ecg_diagnosis_deID_2014_chunk258.txt
ecg_diagnosis_input_2019_chunk377.txt,,,10,ecg_diagnosis_deID_2019_chunk377.txt
ecg_diagnosis_input_2011_chunk109.txt,,,10,ecg_diagnosis_deID_2011_chunk109.txt
ecg_diagnosis_input_2022_chunk110.txt,,,10,ecg_diagnosis_deID_2022_chunk110.txt
ecg_diagnosis_input_2009_chunk345.txt,,,10,ecg_diagnosis_deID_2009_chunk345.txt
ecg_diagnosis_input_2009_chunk35.txt,,,10,ecg_diagnosis_deID_2009_chunk35.txt
ecg_diagnosis_input_2004_chunk49.txt,,,10,ecg_diagnosis_deID_2004_chunk49.txt
ecg_diagnosis_input_1990_chunk71.txt,,,10,ecg_diagnosis_deID_1990_chunk71.txt
ecg_diagnosis_input_2015_chunk20.txt,,,10,ecg_diagnosis_deID_2015_chunk20.txt
ecg_diagnosis_input_2003_chunk86.txt,,,10,ecg_diagnosis_deID_2003_chunk86.txt
ecg_diagnosis_input_2003_chunk92.txt,,,10,ecg_diagnosis_deID_2003_chunk92.txt
ecg_diagnosis_input_2010_chunk278.txt,,,10,ecg_diagnosis_deID_2010_chunk278.txt
ecg_diagnosis_input_2009_chunk21.txt,,,10,ecg_diagnosis_deID_2009_chunk21.txt
ecg_diagnosis_input_1990_chunk65.txt,,,10,ecg_diagnosis_deID_1990_chunk65.txt
ecg_diagnosis_input_2015_chunk34.txt,,,10,ecg_diagnosis_deID_2015_chunk34.txt
ecg_diagnosis_input_2018_chunk48.txt,,,10,ecg_diagnosis_deID_2018_chunk48.txt
ecg_diagnosis_input_2022_chunk104.txt,,,10,ecg_diagnosis_deID_2022_chunk104.txt
ecg_diagnosis_input_2009_chunk351.txt,,,10,ecg_diagnosis_deID_2009_chunk351.txt
ecg_diagnosis_input_2019_chunk388.txt,,,10,ecg_diagnosis_deID_2019_chunk388.txt
ecg_diagnosis_input_2011_chunk135.txt,,,10,ecg_diagnosis_deID_2011_chunk135.txt
ecg_diagnosis_input_2021_chunk497.txt,,,10,ecg_diagnosis_deID_2021_chunk497.txt
ecg_diagnosis_input_2016_chunk337.txt,,,10,ecg_diagnosis_deID_2016_chunk337.txt
ecg_diagnosis_input_2004_chunk256.txt,,,10,ecg_diagnosis_deID_2004_chunk256.txt
ecg_diagnosis_input_2021_chunk43.txt,,,10,ecg_diagnosis_deID_2021_chunk43.txt
ecg_diagnosis_input_1997_chunk82.txt,,,10,ecg_diagnosis_deID_1997_chunk82.txt
ecg_diagnosis_input_2010_chunk250.txt,,,10,ecg_diagnosis_deID_2010_chunk250.txt
ecg_diagnosis_input_2016_chunk451.txt,,,10,ecg_diagnosis_deID_2016_chunk451.txt
ecg_diagnosis_input_2004_chunk75.txt,,,10,ecg_diagnosis_deID_2004_chunk75.txt
ecg_diagnosis_input_2005_chunk133.txt,,,10,ecg_diagnosis_deID_2005_chunk133.txt
ecg_diagnosis_input_2018_chunk60.txt,,,10,ecg_diagnosis_deID_2018_chunk60.txt
ecg_diagnosis_input_1990_chunk59.txt,,,10,ecg_diagnosis_deID_1990_chunk59.txt
ecg_diagnosis_input_2005_chunk127.txt,,,10,ecg_diagnosis_deID_2005_chunk127.txt
ecg_diagnosis_input_2004_chunk61.txt,,,10,ecg_diagnosis_deID_2004_chunk61.txt
ecg_diagnosis_input_2018_chunk74.txt,,,10,ecg_diagnosis_deID_2018_chunk74.txt
ecg_diagnosis_input_2021_chunk57.txt,,,10,ecg_diagnosis_deID_2021_chunk57.txt
ecg_diagnosis_input_1997_chunk96.txt,,,10,ecg_diagnosis_deID_1997_chunk96.txt
ecg_diagnosis_input_2010_chunk244.txt,,,10,ecg_diagnosis_deID_2010_chunk244.txt
ecg_diagnosis_input_2016_chunk445.txt,,,10,ecg_diagnosis_deID_2016_chunk445.txt
ecg_diagnosis_input_2016_chunk323.txt,,,10,ecg_diagnosis_deID_2016_chunk323.txt
ecg_diagnosis_input_2004_chunk242.txt,,,10,ecg_diagnosis_deID_2004_chunk242.txt
ecg_diagnosis_input_2011_chunk121.txt,,,10,ecg_diagnosis_deID_2011_chunk121.txt
ecg_diagnosis_input_2021_chunk483.txt,,,10,ecg_diagnosis_deID_2021_chunk483.txt
ecg_diagnosis_input_2022_chunk138.txt,,,10,ecg_diagnosis_deID_2022_chunk138.txt
ecg_diagnosis_input_2018_chunk238.txt,,,10,ecg_diagnosis_deID_2018_chunk238.txt
ecg_diagnosis_input_2012_chunk115.txt,,,10,ecg_diagnosis_deID_2012_chunk115.txt
ecg_diagnosis_input_2007_chunk276.txt,,,10,ecg_diagnosis_deID_2007_chunk276.txt
ecg_diagnosis_input_2015_chunk317.txt,,,10,ecg_diagnosis_deID_2015_chunk317.txt
ecg_diagnosis_input_2013_chunk270.txt,,,10,ecg_diagnosis_deID_2013_chunk270.txt
ecg_diagnosis_input_1994_chunk32.txt,,,10,ecg_diagnosis_deID_1994_chunk32.txt
ecg_diagnosis_input_2011_chunk63.txt,,,10,ecg_diagnosis_deID_2011_chunk63.txt
ecg_diagnosis_input_1988_chunk27.txt,,,10,ecg_diagnosis_deID_1988_chunk27.txt
ecg_diagnosis_input_2020_chunk269.txt,,,10,ecg_diagnosis_deID_2020_chunk269.txt
ecg_diagnosis_input_2006_chunk113.txt,,,10,ecg_diagnosis_deID_2006_chunk113.txt
ecg_diagnosis_input_1999_chunk159.txt,,,10,ecg_diagnosis_deID_1999_chunk159.txt
ecg_diagnosis_input_2009_chunk184.txt,,,10,ecg_diagnosis_deID_2009_chunk184.txt
ecg_diagnosis_input_2006_chunk107.txt,,,10,ecg_diagnosis_deID_2006_chunk107.txt
ecg_diagnosis_input_2009_chunk190.txt,,,10,ecg_diagnosis_deID_2009_chunk190.txt
ecg_diagnosis_input_2013_chunk264.txt,,,10,ecg_diagnosis_deID_2013_chunk264.txt
ecg_diagnosis_input_2019_chunk149.txt,,,10,ecg_diagnosis_deID_2019_chunk149.txt
ecg_diagnosis_input_1994_chunk26.txt,,,10,ecg_diagnosis_deID_1994_chunk26.txt
ecg_diagnosis_input_2011_chunk77.txt,,,10,ecg_diagnosis_deID_2011_chunk77.txt
ecg_diagnosis_input_1988_chunk33.txt,,,10,ecg_diagnosis_deID_1988_chunk33.txt
ecg_diagnosis_input_1992_chunk105.txt,,,10,ecg_diagnosis_deID_1992_chunk105.txt
ecg_diagnosis_input_2007_chunk262.txt,,,10,ecg_diagnosis_deID_2007_chunk262.txt
ecg_diagnosis_input_2015_chunk303.txt,,,10,ecg_diagnosis_deID_2015_chunk303.txt
ecg_diagnosis_input_2021_chunk118.txt,,,10,ecg_diagnosis_deID_2021_chunk118.txt
ecg_diagnosis_input_2012_chunk101.txt,,,10,ecg_diagnosis_deID_2012_chunk101.txt
ecg_diagnosis_input_2020_chunk533.txt,,,10,ecg_diagnosis_deID_2020_chunk533.txt
ecg_diagnosis_input_2021_chunk130.txt,,,10,ecg_diagnosis_deID_2021_chunk130.txt
ecg_diagnosis_input_2018_chunk204.txt,,,10,ecg_diagnosis_deID_2018_chunk204.txt
ecg_diagnosis_input_2012_chunk129.txt,,,10,ecg_diagnosis_deID_2012_chunk129.txt
ecg_diagnosis_input_2017_chunk293.txt,,,10,ecg_diagnosis_deID_2017_chunk293.txt
ecg_diagnosis_input_2016_chunk90.txt,,,10,ecg_diagnosis_deID_2016_chunk90.txt
ecg_diagnosis_input_2021_chunk656.txt,,,10,ecg_diagnosis_deID_2021_chunk656.txt
ecg_diagnosis_input_2019_chunk161.txt,,,10,ecg_diagnosis_deID_2019_chunk161.txt
ecg_diagnosis_input_2000_chunk36.txt,,,10,ecg_diagnosis_deID_2000_chunk36.txt
ecg_diagnosis_input_1999_chunk72.txt,,,10,ecg_diagnosis_deID_1999_chunk72.txt
ecg_diagnosis_input_2020_chunk255.txt,,,10,ecg_diagnosis_deID_2020_chunk255.txt
ecg_diagnosis_input_2013_chunk258.txt,,,10,ecg_diagnosis_deID_2013_chunk258.txt
ecg_diagnosis_input_2019_chunk175.txt,,,10,ecg_diagnosis_deID_2019_chunk175.txt
ecg_diagnosis_input_2000_chunk22.txt,,,10,ecg_diagnosis_deID_2000_chunk22.txt
ecg_diagnosis_input_1999_chunk66.txt,,,10,ecg_diagnosis_deID_1999_chunk66.txt
ecg_diagnosis_input_2020_chunk241.txt,,,10,ecg_diagnosis_deID_2020_chunk241.txt
ecg_diagnosis_input_2016_chunk84.txt,,,10,ecg_diagnosis_deID_2016_chunk84.txt
ecg_diagnosis_input_2021_chunk642.txt,,,10,ecg_diagnosis_deID_2021_chunk642.txt
ecg_diagnosis_input_2021_chunk124.txt,,,10,ecg_diagnosis_deID_2021_chunk124.txt
ecg_diagnosis_input_2018_chunk210.txt,,,10,ecg_diagnosis_deID_2018_chunk210.txt
ecg_diagnosis_input_2017_chunk287.txt,,,10,ecg_diagnosis_deID_2017_chunk287.txt
ecg_diagnosis_input_2020_chunk527.txt,,,10,ecg_diagnosis_deID_2020_chunk527.txt
ecg_diagnosis_input_2008_chunk222.txt,,,10,ecg_diagnosis_deID_2008_chunk222.txt
ecg_diagnosis_input_2009_chunk147.txt,,,10,ecg_diagnosis_deID_2009_chunk147.txt
ecg_diagnosis_input_2022_chunk312.txt,,,10,ecg_diagnosis_deID_2022_chunk312.txt
ecg_diagnosis_input_2022_chunk30.txt,,,10,ecg_diagnosis_deID_2022_chunk30.txt
ecg_diagnosis_input_2016_chunk109.txt,,,10,ecg_diagnosis_deID_2016_chunk109.txt
ecg_diagnosis_input_1999_chunk99.txt,,,10,ecg_diagnosis_deID_1999_chunk99.txt
ecg_diagnosis_input_2022_chunk24.txt,,,10,ecg_diagnosis_deID_2022_chunk24.txt
ecg_diagnosis_input_2009_chunk153.txt,,,10,ecg_diagnosis_deID_2009_chunk153.txt
ecg_diagnosis_input_1996_chunk119.txt,,,10,ecg_diagnosis_deID_1996_chunk119.txt
ecg_diagnosis_input_2022_chunk306.txt,,,10,ecg_diagnosis_deID_2022_chunk306.txt
ecg_diagnosis_input_1982_chunk43.txt,,,10,ecg_diagnosis_deID_1982_chunk43.txt
ecg_diagnosis_input_2007_chunk12.txt,,,10,ecg_diagnosis_deID_2007_chunk12.txt
ecg_diagnosis_input_2017_chunk278.txt,,,10,ecg_diagnosis_deID_2017_chunk278.txt
ecg_diagnosis_input_2008_chunk236.txt,,,10,ecg_diagnosis_deID_2008_chunk236.txt
ecg_diagnosis_input_2017_chunk250.txt,,,10,ecg_diagnosis_deID_2017_chunk250.txt
ecg_diagnosis_input_2007_chunk289.txt,,,10,ecg_diagnosis_deID_2007_chunk289.txt
ecg_diagnosis_input_2002_chunk133.txt,,,10,ecg_diagnosis_deID_2002_chunk133.txt
ecg_diagnosis_input_2020_chunk296.txt,,,10,ecg_diagnosis_deID_2020_chunk296.txt
ecg_diagnosis_input_2016_chunk135.txt,,,10,ecg_diagnosis_deID_2016_chunk135.txt
ecg_diagnosis_input_1996_chunk131.txt,,,10,ecg_diagnosis_deID_1996_chunk131.txt
ecg_diagnosis_input_2001_chunk2.txt,,,10,ecg_diagnosis_deID_2001_chunk2.txt
ecg_diagnosis_input_2011_chunk337.txt,,,10,ecg_diagnosis_deID_2011_chunk337.txt
ecg_diagnosis_input_2016_chunk53.txt,,,10,ecg_diagnosis_deID_2016_chunk53.txt
ecg_diagnosis_input_1996_chunk125.txt,,,10,ecg_diagnosis_deID_1996_chunk125.txt
ecg_diagnosis_input_2016_chunk47.txt,,,10,ecg_diagnosis_deID_2016_chunk47.txt
ecg_diagnosis_input_2011_chunk323.txt,,,10,ecg_diagnosis_deID_2011_chunk323.txt
ecg_diagnosis_input_1993_chunk16.txt,,,10,ecg_diagnosis_deID_1993_chunk16.txt
ecg_diagnosis_input_2020_chunk282.txt,,,10,ecg_diagnosis_deID_2020_chunk282.txt
ecg_diagnosis_input_2022_chunk18.txt,,,10,ecg_diagnosis_deID_2022_chunk18.txt
ecg_diagnosis_input_2011_chunk88.txt,,,10,ecg_diagnosis_deID_2011_chunk88.txt
ecg_diagnosis_input_2016_chunk121.txt,,,10,ecg_diagnosis_deID_2016_chunk121.txt
ecg_diagnosis_input_2002_chunk127.txt,,,10,ecg_diagnosis_deID_2002_chunk127.txt
ecg_diagnosis_input_1998_chunk1.txt,,,10,ecg_diagnosis_deID_1998_chunk1.txt
ecg_diagnosis_input_2017_chunk244.txt,,,10,ecg_diagnosis_deID_2017_chunk244.txt
ecg_diagnosis_input_1993_chunk9.txt,,,10,ecg_diagnosis_deID_1993_chunk9.txt
ecg_diagnosis_input_1989_chunk3.txt,,,10,ecg_diagnosis_deID_1989_chunk3.txt
ecg_diagnosis_input_2000_chunk100.txt,,,10,ecg_diagnosis_deID_2000_chunk100.txt
ecg_diagnosis_input_2015_chunk263.txt,,,10,ecg_diagnosis_deID_2015_chunk263.txt
ecg_diagnosis_input_2007_chunk302.txt,,,10,ecg_diagnosis_deID_2007_chunk302.txt
ecg_diagnosis_input_1994_chunk102.txt,,,10,ecg_diagnosis_deID_1994_chunk102.txt
ecg_diagnosis_input_2013_chunk304.txt,,,10,ecg_diagnosis_deID_2013_chunk304.txt
ecg_diagnosis_input_2014_chunk99.txt,,,10,ecg_diagnosis_deID_2014_chunk99.txt
ecg_diagnosis_input_2013_chunk56.txt,,,10,ecg_diagnosis_deID_2013_chunk56.txt
ecg_diagnosis_input_2014_chunk106.txt,,,10,ecg_diagnosis_deID_2014_chunk106.txt
ecg_diagnosis_input_2013_chunk42.txt,,,10,ecg_diagnosis_deID_2013_chunk42.txt
ecg_diagnosis_input_1996_chunk13.txt,,,10,ecg_diagnosis_deID_1996_chunk13.txt
ecg_diagnosis_input_2014_chunk112.txt,,,10,ecg_diagnosis_deID_2014_chunk112.txt
ecg_diagnosis_input_1994_chunk116.txt,,,10,ecg_diagnosis_deID_1994_chunk116.txt
ecg_diagnosis_input_2020_chunk309.txt,,,10,ecg_diagnosis_deID_2020_chunk309.txt
ecg_diagnosis_input_2008_chunk98.txt,,,10,ecg_diagnosis_deID_2008_chunk98.txt
ecg_diagnosis_input_2013_chunk310.txt,,,10,ecg_diagnosis_deID_2013_chunk310.txt
ecg_diagnosis_input_2015_chunk277.txt,,,10,ecg_diagnosis_deID_2015_chunk277.txt
ecg_diagnosis_input_2007_chunk316.txt,,,10,ecg_diagnosis_deID_2007_chunk316.txt
ecg_diagnosis_input_2000_chunk114.txt,,,10,ecg_diagnosis_deID_2000_chunk114.txt
ecg_diagnosis_input_2018_chunk358.txt,,,10,ecg_diagnosis_deID_2018_chunk358.txt
ecg_diagnosis_input_2020_chunk447.txt,,,10,ecg_diagnosis_deID_2020_chunk447.txt
ecg_diagnosis_input_2018_chunk370.txt,,,10,ecg_diagnosis_deID_2018_chunk370.txt
ecg_diagnosis_input_1987_chunk52.txt,,,10,ecg_diagnosis_deID_1987_chunk52.txt
ecg_diagnosis_input_2022_chunk299.txt,,,10,ecg_diagnosis_deID_2022_chunk299.txt
ecg_diagnosis_input_2018_chunk416.txt,,,10,ecg_diagnosis_deID_2018_chunk416.txt
ecg_diagnosis_input_2017_chunk481.txt,,,10,ecg_diagnosis_deID_2017_chunk481.txt
ecg_diagnosis_input_2011_chunk280.txt,,,10,ecg_diagnosis_deID_2011_chunk280.txt
ecg_diagnosis_input_2020_chunk321.txt,,,10,ecg_diagnosis_deID_2020_chunk321.txt
ecg_diagnosis_input_2013_chunk338.txt,,,10,ecg_diagnosis_deID_2013_chunk338.txt
ecg_diagnosis_input_2020_chunk335.txt,,,10,ecg_diagnosis_deID_2020_chunk335.txt
ecg_diagnosis_input_1987_chunk46.txt,,,10,ecg_diagnosis_deID_1987_chunk46.txt
ecg_diagnosis_input_2018_chunk402.txt,,,10,ecg_diagnosis_deID_2018_chunk402.txt
ecg_diagnosis_input_2002_chunk17.txt,,,10,ecg_diagnosis_deID_2002_chunk17.txt
ecg_diagnosis_input_2017_chunk495.txt,,,10,ecg_diagnosis_deID_2017_chunk495.txt
ecg_diagnosis_input_2011_chunk294.txt,,,10,ecg_diagnosis_deID_2011_chunk294.txt
ecg_diagnosis_input_2000_chunk128.txt,,,10,ecg_diagnosis_deID_2000_chunk128.txt
ecg_diagnosis_input_2018_chunk364.txt,,,10,ecg_diagnosis_deID_2018_chunk364.txt
ecg_diagnosis_input_2020_chunk453.txt,,,10,ecg_diagnosis_deID_2020_chunk453.txt
ecg_diagnosis_input_2017_chunk318.txt,,,10,ecg_diagnosis_deID_2017_chunk318.txt
ecg_diagnosis_input_2013_chunk95.txt,,,10,ecg_diagnosis_deID_2013_chunk95.txt
ecg_diagnosis_input_2022_chunk266.txt,,,10,ecg_diagnosis_deID_2022_chunk266.txt
ecg_diagnosis_input_2005_chunk33.txt,,,10,ecg_diagnosis_deID_2005_chunk33.txt
ecg_diagnosis_input_2019_chunk26.txt,,,10,ecg_diagnosis_deID_2019_chunk26.txt
ecg_diagnosis_input_2005_chunk27.txt,,,10,ecg_diagnosis_deID_2005_chunk27.txt
ecg_diagnosis_input_2004_chunk108.txt,,,10,ecg_diagnosis_deID_2004_chunk108.txt
ecg_diagnosis_input_2019_chunk32.txt,,,10,ecg_diagnosis_deID_2019_chunk32.txt
ecg_diagnosis_input_2020_chunk11.txt,,,10,ecg_diagnosis_deID_2020_chunk11.txt
ecg_diagnosis_input_2013_chunk81.txt,,,10,ecg_diagnosis_deID_2013_chunk81.txt
ecg_diagnosis_input_2022_chunk272.txt,,,10,ecg_diagnosis_deID_2022_chunk272.txt
ecg_diagnosis_input_1995_chunk2.txt,,,10,ecg_diagnosis_deID_1995_chunk2.txt
ecg_diagnosis_input_2005_chunk245.txt,,,10,ecg_diagnosis_deID_2005_chunk245.txt
ecg_diagnosis_input_2017_chunk324.txt,,,10,ecg_diagnosis_deID_2017_chunk324.txt
ecg_diagnosis_input_2020_chunk484.txt,,,10,ecg_diagnosis_deID_2020_chunk484.txt
ecg_diagnosis_input_2010_chunk126.txt,,,10,ecg_diagnosis_deID_2010_chunk126.txt
ecg_diagnosis_input_1991_chunk37.txt,,,10,ecg_diagnosis_deID_1991_chunk37.txt
ecg_diagnosis_input_2008_chunk73.txt,,,10,ecg_diagnosis_deID_2008_chunk73.txt
ecg_diagnosis_input_2004_chunk120.txt,,,10,ecg_diagnosis_deID_2004_chunk120.txt
ecg_diagnosis_input_2014_chunk66.txt,,,10,ecg_diagnosis_deID_2014_chunk66.txt
ecg_diagnosis_input_2017_chunk442.txt,,,10,ecg_diagnosis_deID_2017_chunk442.txt
ecg_diagnosis_input_2011_chunk243.txt,,,10,ecg_diagnosis_deID_2011_chunk243.txt
ecg_diagnosis_input_2020_chunk39.txt,,,10,ecg_diagnosis_deID_2020_chunk39.txt
ecg_diagnosis_input_2017_chunk456.txt,,,10,ecg_diagnosis_deID_2017_chunk456.txt
ecg_diagnosis_input_2007_chunk9.txt,,,10,ecg_diagnosis_deID_2007_chunk9.txt
ecg_diagnosis_input_2011_chunk257.txt,,,10,ecg_diagnosis_deID_2011_chunk257.txt
ecg_diagnosis_input_1991_chunk23.txt,,,10,ecg_diagnosis_deID_1991_chunk23.txt
ecg_diagnosis_input_2008_chunk67.txt,,,10,ecg_diagnosis_deID_2008_chunk67.txt
ecg_diagnosis_input_2014_chunk72.txt,,,10,ecg_diagnosis_deID_2014_chunk72.txt
ecg_diagnosis_input_2004_chunk134.txt,,,10,ecg_diagnosis_deID_2004_chunk134.txt
ecg_diagnosis_input_2020_chunk490.txt,,,10,ecg_diagnosis_deID_2020_chunk490.txt
ecg_diagnosis_input_2015_chunk288.txt,,,10,ecg_diagnosis_deID_2015_chunk288.txt
ecg_diagnosis_input_2010_chunk132.txt,,,10,ecg_diagnosis_deID_2010_chunk132.txt
ecg_diagnosis_input_2005_chunk251.txt,,,10,ecg_diagnosis_deID_2005_chunk251.txt
ecg_diagnosis_input_2017_chunk330.txt,,,10,ecg_diagnosis_deID_2017_chunk330.txt
ecg_diagnosis_input_2014_chunk304.txt,,,10,ecg_diagnosis_deID_2014_chunk304.txt
ecg_diagnosis_input_2006_chunk265.txt,,,10,ecg_diagnosis_deID_2006_chunk265.txt
ecg_diagnosis_input_1993_chunk102.txt,,,10,ecg_diagnosis_deID_1993_chunk102.txt
ecg_diagnosis_input_2013_chunk106.txt,,,10,ecg_diagnosis_deID_2013_chunk106.txt
ecg_diagnosis_input_2008_chunk197.txt,,,10,ecg_diagnosis_deID_2008_chunk197.txt
ecg_diagnosis_input_2007_chunk100.txt,,,10,ecg_diagnosis_deID_2007_chunk100.txt
ecg_diagnosis_input_1992_chunk87.txt,,,10,ecg_diagnosis_deID_1992_chunk87.txt
ecg_diagnosis_input_1998_chunk34.txt,,,10,ecg_diagnosis_deID_1998_chunk34.txt
ecg_diagnosis_input_2001_chunk70.txt,,,10,ecg_diagnosis_deID_2001_chunk70.txt
ecg_diagnosis_input_1995_chunk48.txt,,,10,ecg_diagnosis_deID_1995_chunk48.txt
ecg_diagnosis_input_1984_chunk21.txt,,,10,ecg_diagnosis_deID_1984_chunk21.txt
ecg_diagnosis_input_2010_chunk19.txt,,,10,ecg_diagnosis_deID_2010_chunk19.txt
ecg_diagnosis_input_2012_chunk263.txt,,,10,ecg_diagnosis_deID_2012_chunk263.txt
ecg_diagnosis_input_1998_chunk20.txt,,,10,ecg_diagnosis_deID_1998_chunk20.txt
ecg_diagnosis_input_2001_chunk64.txt,,,10,ecg_diagnosis_deID_2001_chunk64.txt
ecg_diagnosis_input_1984_chunk35.txt,,,10,ecg_diagnosis_deID_1984_chunk35.txt
ecg_diagnosis_input_1989_chunk49.txt,,,10,ecg_diagnosis_deID_1989_chunk49.txt
ecg_diagnosis_input_2012_chunk277.txt,,,10,ecg_diagnosis_deID_2012_chunk277.txt
ecg_diagnosis_input_2022_chunk5.txt,,,10,ecg_diagnosis_deID_2022_chunk5.txt
ecg_diagnosis_input_2019_chunk559.txt,,,10,ecg_diagnosis_deID_2019_chunk559.txt
ecg_diagnosis_input_2008_chunk183.txt,,,10,ecg_diagnosis_deID_2008_chunk183.txt
ecg_diagnosis_input_2007_chunk114.txt,,,10,ecg_diagnosis_deID_2007_chunk114.txt
ecg_diagnosis_input_1992_chunk93.txt,,,10,ecg_diagnosis_deID_1992_chunk93.txt
ecg_diagnosis_input_2013_chunk112.txt,,,10,ecg_diagnosis_deID_2013_chunk112.txt
ecg_diagnosis_input_2014_chunk310.txt,,,10,ecg_diagnosis_deID_2014_chunk310.txt
ecg_diagnosis_input_2006_chunk271.txt,,,10,ecg_diagnosis_deID_2006_chunk271.txt
ecg_diagnosis_input_1993_chunk116.txt,,,10,ecg_diagnosis_deID_1993_chunk116.txt
ecg_diagnosis_input_2021_chunk508.txt,,,10,ecg_diagnosis_deID_2021_chunk508.txt
ecg_diagnosis_input_2016_chunk280.txt,,,10,ecg_diagnosis_deID_2016_chunk280.txt
ecg_diagnosis_input_2019_chunk217.txt,,,10,ecg_diagnosis_deID_2019_chunk217.txt
ecg_diagnosis_input_2020_chunk123.txt,,,10,ecg_diagnosis_deID_2020_chunk123.txt
ecg_diagnosis_input_2014_chunk338.txt,,,10,ecg_diagnosis_deID_2014_chunk338.txt
ecg_diagnosis_input_2006_chunk259.txt,,,10,ecg_diagnosis_deID_2006_chunk259.txt
ecg_diagnosis_input_2021_chunk520.txt,,,10,ecg_diagnosis_deID_2021_chunk520.txt
ecg_diagnosis_input_1995_chunk74.txt,,,10,ecg_diagnosis_deID_1995_chunk74.txt
ecg_diagnosis_input_2021_chunk246.txt,,,10,ecg_diagnosis_deID_2021_chunk246.txt
ecg_diagnosis_input_1989_chunk61.txt,,,10,ecg_diagnosis_deID_1989_chunk61.txt
ecg_diagnosis_input_2018_chunk172.txt,,,10,ecg_diagnosis_deID_2018_chunk172.txt
ecg_diagnosis_input_2010_chunk25.txt,,,10,ecg_diagnosis_deID_2010_chunk25.txt
ecg_diagnosis_input_2015_chunk5.txt,,,10,ecg_diagnosis_deID_2015_chunk5.txt
ecg_diagnosis_input_2004_chunk7.txt,,,10,ecg_diagnosis_deID_2004_chunk7.txt
ecg_diagnosis_input_2019_chunk571.txt,,,10,ecg_diagnosis_deID_2019_chunk571.txt
ecg_diagnosis_input_2006_chunk83.txt,,,10,ecg_diagnosis_deID_2006_chunk83.txt
ecg_diagnosis_input_2019_chunk565.txt,,,10,ecg_diagnosis_deID_2019_chunk565.txt
ecg_diagnosis_input_2007_chunk128.txt,,,10,ecg_diagnosis_deID_2007_chunk128.txt
ecg_diagnosis_input_2006_chunk97.txt,,,10,ecg_diagnosis_deID_2006_chunk97.txt
ecg_diagnosis_input_1995_chunk60.txt,,,10,ecg_diagnosis_deID_1995_chunk60.txt
ecg_diagnosis_input_2001_chunk58.txt,,,10,ecg_diagnosis_deID_2001_chunk58.txt
ecg_diagnosis_input_2021_chunk252.txt,,,10,ecg_diagnosis_deID_2021_chunk252.txt
ecg_diagnosis_input_1989_chunk75.txt,,,10,ecg_diagnosis_deID_1989_chunk75.txt
ecg_diagnosis_input_2018_chunk166.txt,,,10,ecg_diagnosis_deID_2018_chunk166.txt
ecg_diagnosis_input_2010_chunk31.txt,,,10,ecg_diagnosis_deID_2010_chunk31.txt
ecg_diagnosis_input_2021_chunk534.txt,,,10,ecg_diagnosis_deID_2021_chunk534.txt
ecg_diagnosis_input_2016_chunk294.txt,,,10,ecg_diagnosis_deID_2016_chunk294.txt
ecg_diagnosis_input_2019_chunk203.txt,,,10,ecg_diagnosis_deID_2019_chunk203.txt
ecg_diagnosis_input_2020_chunk137.txt,,,10,ecg_diagnosis_deID_2020_chunk137.txt
ecg_diagnosis_input_2009_chunk231.txt,,,10,ecg_diagnosis_deID_2009_chunk231.txt
ecg_diagnosis_input_2017_chunk15.txt,,,10,ecg_diagnosis_deID_2017_chunk15.txt
ecg_diagnosis_input_2010_chunk318.txt,,,10,ecg_diagnosis_deID_2010_chunk318.txt
ecg_diagnosis_input_1992_chunk44.txt,,,10,ecg_diagnosis_deID_1992_chunk44.txt
ecg_diagnosis_input_2008_chunk154.txt,,,10,ecg_diagnosis_deID_2008_chunk154.txt
ecg_diagnosis_input_1983_chunk39.txt,,,10,ecg_diagnosis_deID_1983_chunk39.txt
ecg_diagnosis_input_1992_chunk50.txt,,,10,ecg_diagnosis_deID_1992_chunk50.txt
ecg_diagnosis_input_2006_chunk68.txt,,,10,ecg_diagnosis_deID_2006_chunk68.txt
ecg_diagnosis_input_2008_chunk140.txt,,,10,ecg_diagnosis_deID_2008_chunk140.txt
ecg_diagnosis_input_2018_chunk199.txt,,,10,ecg_diagnosis_deID_2018_chunk199.txt
ecg_diagnosis_input_2009_chunk225.txt,,,10,ecg_diagnosis_deID_2009_chunk225.txt
ecg_diagnosis_input_2003_chunk108.txt,,,10,ecg_diagnosis_deID_2003_chunk108.txt
ecg_diagnosis_input_2003_chunk120.txt,,,10,ecg_diagnosis_deID_2003_chunk120.txt
ecg_diagnosis_input_2016_chunk243.txt,,,10,ecg_diagnosis_deID_2016_chunk243.txt
ecg_diagnosis_input_1983_chunk11.txt,,,10,ecg_diagnosis_deID_1983_chunk11.txt
ecg_diagnosis_input_2017_chunk29.txt,,,10,ecg_diagnosis_deID_2017_chunk29.txt
ecg_diagnosis_input_2006_chunk40.txt,,,10,ecg_diagnosis_deID_2006_chunk40.txt
ecg_diagnosis_input_2010_chunk324.txt,,,10,ecg_diagnosis_deID_2010_chunk324.txt
ecg_diagnosis_input_1992_chunk78.txt,,,10,ecg_diagnosis_deID_1992_chunk78.txt
ecg_diagnosis_input_2008_chunk168.txt,,,10,ecg_diagnosis_deID_2008_chunk168.txt
ecg_diagnosis_input_1997_chunk122.txt,,,10,ecg_diagnosis_deID_1997_chunk122.txt
ecg_diagnosis_input_2017_chunk126.txt,,,10,ecg_diagnosis_deID_2017_chunk126.txt
ecg_diagnosis_input_2021_chunk285.txt,,,10,ecg_diagnosis_deID_2021_chunk285.txt
ecg_diagnosis_input_2017_chunk132.txt,,,10,ecg_diagnosis_deID_2017_chunk132.txt
ecg_diagnosis_input_2012_chunk288.txt,,,10,ecg_diagnosis_deID_2012_chunk288.txt
ecg_diagnosis_input_2021_chunk291.txt,,,10,ecg_diagnosis_deID_2021_chunk291.txt
ecg_diagnosis_input_2010_chunk330.txt,,,10,ecg_diagnosis_deID_2010_chunk330.txt
ecg_diagnosis_input_2006_chunk54.txt,,,10,ecg_diagnosis_deID_2006_chunk54.txt
ecg_diagnosis_input_1997_chunk136.txt,,,10,ecg_diagnosis_deID_1997_chunk136.txt
ecg_diagnosis_input_2016_chunk257.txt,,,10,ecg_diagnosis_deID_2016_chunk257.txt
ecg_diagnosis_input_2009_chunk219.txt,,,10,ecg_diagnosis_deID_2009_chunk219.txt
ecg_diagnosis_input_2003_chunk134.txt,,,10,ecg_diagnosis_deID_2003_chunk134.txt
ecg_diagnosis_input_1997_chunk137.txt,,,10,ecg_diagnosis_deID_1997_chunk137.txt
ecg_diagnosis_input_2006_chunk55.txt,,,10,ecg_diagnosis_deID_2006_chunk55.txt
ecg_diagnosis_input_2010_chunk331.txt,,,10,ecg_diagnosis_deID_2010_chunk331.txt
ecg_diagnosis_input_2021_chunk290.txt,,,10,ecg_diagnosis_deID_2021_chunk290.txt
ecg_diagnosis_input_2012_chunk289.txt,,,10,ecg_diagnosis_deID_2012_chunk289.txt
ecg_diagnosis_input_2017_chunk133.txt,,,10,ecg_diagnosis_deID_2017_chunk133.txt
ecg_diagnosis_input_2003_chunk135.txt,,,10,ecg_diagnosis_deID_2003_chunk135.txt
ecg_diagnosis_input_2009_chunk218.txt,,,10,ecg_diagnosis_deID_2009_chunk218.txt
ecg_diagnosis_input_2016_chunk256.txt,,,10,ecg_diagnosis_deID_2016_chunk256.txt
ecg_diagnosis_input_2016_chunk242.txt,,,10,ecg_diagnosis_deID_2016_chunk242.txt
ecg_diagnosis_input_2003_chunk121.txt,,,10,ecg_diagnosis_deID_2003_chunk121.txt
ecg_diagnosis_input_2021_chunk284.txt,,,10,ecg_diagnosis_deID_2021_chunk284.txt
ecg_diagnosis_input_2017_chunk127.txt,,,10,ecg_diagnosis_deID_2017_chunk127.txt
ecg_diagnosis_input_1997_chunk123.txt,,,10,ecg_diagnosis_deID_1997_chunk123.txt
ecg_diagnosis_input_2008_chunk169.txt,,,10,ecg_diagnosis_deID_2008_chunk169.txt
ecg_diagnosis_input_2010_chunk325.txt,,,10,ecg_diagnosis_deID_2010_chunk325.txt
ecg_diagnosis_input_2006_chunk41.txt,,,10,ecg_diagnosis_deID_2006_chunk41.txt
ecg_diagnosis_input_1992_chunk79.txt,,,10,ecg_diagnosis_deID_1992_chunk79.txt
ecg_diagnosis_input_1983_chunk10.txt,,,10,ecg_diagnosis_deID_1983_chunk10.txt
ecg_diagnosis_input_2017_chunk28.txt,,,10,ecg_diagnosis_deID_2017_chunk28.txt
ecg_diagnosis_input_2018_chunk198.txt,,,10,ecg_diagnosis_deID_2018_chunk198.txt
ecg_diagnosis_input_2008_chunk141.txt,,,10,ecg_diagnosis_deID_2008_chunk141.txt
ecg_diagnosis_input_1992_chunk51.txt,,,10,ecg_diagnosis_deID_1992_chunk51.txt
ecg_diagnosis_input_2006_chunk69.txt,,,10,ecg_diagnosis_deID_2006_chunk69.txt
ecg_diagnosis_input_1983_chunk38.txt,,,10,ecg_diagnosis_deID_1983_chunk38.txt
ecg_diagnosis_input_2003_chunk109.txt,,,10,ecg_diagnosis_deID_2003_chunk109.txt
ecg_diagnosis_input_2009_chunk224.txt,,,10,ecg_diagnosis_deID_2009_chunk224.txt
ecg_diagnosis_input_2009_chunk230.txt,,,10,ecg_diagnosis_deID_2009_chunk230.txt
ecg_diagnosis_input_2008_chunk155.txt,,,10,ecg_diagnosis_deID_2008_chunk155.txt
ecg_diagnosis_input_2010_chunk319.txt,,,10,ecg_diagnosis_deID_2010_chunk319.txt
ecg_diagnosis_input_1992_chunk45.txt,,,10,ecg_diagnosis_deID_1992_chunk45.txt
ecg_diagnosis_input_2017_chunk14.txt,,,10,ecg_diagnosis_deID_2017_chunk14.txt
ecg_diagnosis_input_2010_chunk30.txt,,,10,ecg_diagnosis_deID_2010_chunk30.txt
ecg_diagnosis_input_2018_chunk167.txt,,,10,ecg_diagnosis_deID_2018_chunk167.txt
ecg_diagnosis_input_1989_chunk74.txt,,,10,ecg_diagnosis_deID_1989_chunk74.txt
ecg_diagnosis_input_2021_chunk253.txt,,,10,ecg_diagnosis_deID_2021_chunk253.txt
ecg_diagnosis_input_1995_chunk61.txt,,,10,ecg_diagnosis_deID_1995_chunk61.txt
ecg_diagnosis_input_2001_chunk59.txt,,,10,ecg_diagnosis_deID_2001_chunk59.txt
ecg_diagnosis_input_2006_chunk96.txt,,,10,ecg_diagnosis_deID_2006_chunk96.txt
ecg_diagnosis_input_2007_chunk129.txt,,,10,ecg_diagnosis_deID_2007_chunk129.txt
ecg_diagnosis_input_2019_chunk564.txt,,,10,ecg_diagnosis_deID_2019_chunk564.txt
ecg_diagnosis_input_2020_chunk136.txt,,,10,ecg_diagnosis_deID_2020_chunk136.txt
ecg_diagnosis_input_2019_chunk202.txt,,,10,ecg_diagnosis_deID_2019_chunk202.txt
ecg_diagnosis_input_2016_chunk295.txt,,,10,ecg_diagnosis_deID_2016_chunk295.txt
ecg_diagnosis_input_2021_chunk535.txt,,,10,ecg_diagnosis_deID_2021_chunk535.txt
ecg_diagnosis_input_2021_chunk521.txt,,,10,ecg_diagnosis_deID_2021_chunk521.txt
ecg_diagnosis_input_2006_chunk258.txt,,,10,ecg_diagnosis_deID_2006_chunk258.txt
ecg_diagnosis_input_2014_chunk339.txt,,,10,ecg_diagnosis_deID_2014_chunk339.txt
ecg_diagnosis_input_2020_chunk122.txt,,,10,ecg_diagnosis_deID_2020_chunk122.txt
ecg_diagnosis_input_2019_chunk216.txt,,,10,ecg_diagnosis_deID_2019_chunk216.txt
ecg_diagnosis_input_2016_chunk281.txt,,,10,ecg_diagnosis_deID_2016_chunk281.txt
ecg_diagnosis_input_2006_chunk82.txt,,,10,ecg_diagnosis_deID_2006_chunk82.txt
ecg_diagnosis_input_2019_chunk570.txt,,,10,ecg_diagnosis_deID_2019_chunk570.txt
ecg_diagnosis_input_2004_chunk6.txt,,,10,ecg_diagnosis_deID_2004_chunk6.txt
ecg_diagnosis_input_2015_chunk4.txt,,,10,ecg_diagnosis_deID_2015_chunk4.txt
ecg_diagnosis_input_2010_chunk24.txt,,,10,ecg_diagnosis_deID_2010_chunk24.txt
ecg_diagnosis_input_2018_chunk173.txt,,,10,ecg_diagnosis_deID_2018_chunk173.txt
ecg_diagnosis_input_1989_chunk60.txt,,,10,ecg_diagnosis_deID_1989_chunk60.txt
ecg_diagnosis_input_2021_chunk247.txt,,,10,ecg_diagnosis_deID_2021_chunk247.txt
ecg_diagnosis_input_1995_chunk75.txt,,,10,ecg_diagnosis_deID_1995_chunk75.txt
ecg_diagnosis_input_1992_chunk92.txt,,,10,ecg_diagnosis_deID_1992_chunk92.txt
ecg_diagnosis_input_2007_chunk115.txt,,,10,ecg_diagnosis_deID_2007_chunk115.txt
ecg_diagnosis_input_2008_chunk182.txt,,,10,ecg_diagnosis_deID_2008_chunk182.txt
ecg_diagnosis_input_2019_chunk558.txt,,,10,ecg_diagnosis_deID_2019_chunk558.txt
ecg_diagnosis_input_2022_chunk4.txt,,,10,ecg_diagnosis_deID_2022_chunk4.txt
ecg_diagnosis_input_2012_chunk276.txt,,,10,ecg_diagnosis_deID_2012_chunk276.txt
ecg_diagnosis_input_1989_chunk48.txt,,,10,ecg_diagnosis_deID_1989_chunk48.txt
ecg_diagnosis_input_1984_chunk34.txt,,,10,ecg_diagnosis_deID_1984_chunk34.txt
ecg_diagnosis_input_2001_chunk65.txt,,,10,ecg_diagnosis_deID_2001_chunk65.txt
ecg_diagnosis_input_1998_chunk21.txt,,,10,ecg_diagnosis_deID_1998_chunk21.txt
ecg_diagnosis_input_2021_chunk509.txt,,,10,ecg_diagnosis_deID_2021_chunk509.txt
ecg_diagnosis_input_1993_chunk117.txt,,,10,ecg_diagnosis_deID_1993_chunk117.txt
ecg_diagnosis_input_2006_chunk270.txt,,,10,ecg_diagnosis_deID_2006_chunk270.txt
ecg_diagnosis_input_2014_chunk311.txt,,,10,ecg_diagnosis_deID_2014_chunk311.txt
ecg_diagnosis_input_2013_chunk113.txt,,,10,ecg_diagnosis_deID_2013_chunk113.txt
ecg_diagnosis_input_2013_chunk107.txt,,,10,ecg_diagnosis_deID_2013_chunk107.txt
ecg_diagnosis_input_1993_chunk103.txt,,,10,ecg_diagnosis_deID_1993_chunk103.txt
ecg_diagnosis_input_2006_chunk264.txt,,,10,ecg_diagnosis_deID_2006_chunk264.txt
ecg_diagnosis_input_2014_chunk305.txt,,,10,ecg_diagnosis_deID_2014_chunk305.txt
ecg_diagnosis_input_2012_chunk262.txt,,,10,ecg_diagnosis_deID_2012_chunk262.txt
ecg_diagnosis_input_1984_chunk20.txt,,,10,ecg_diagnosis_deID_1984_chunk20.txt
ecg_diagnosis_input_2010_chunk18.txt,,,10,ecg_diagnosis_deID_2010_chunk18.txt
ecg_diagnosis_input_2001_chunk71.txt,,,10,ecg_diagnosis_deID_2001_chunk71.txt
ecg_diagnosis_input_1995_chunk49.txt,,,10,ecg_diagnosis_deID_1995_chunk49.txt
ecg_diagnosis_input_1998_chunk35.txt,,,10,ecg_diagnosis_deID_1998_chunk35.txt
ecg_diagnosis_input_1992_chunk86.txt,,,10,ecg_diagnosis_deID_1992_chunk86.txt
ecg_diagnosis_input_2007_chunk101.txt,,,10,ecg_diagnosis_deID_2007_chunk101.txt
ecg_diagnosis_input_2008_chunk196.txt,,,10,ecg_diagnosis_deID_2008_chunk196.txt
ecg_diagnosis_input_2004_chunk135.txt,,,10,ecg_diagnosis_deID_2004_chunk135.txt
ecg_diagnosis_input_2014_chunk73.txt,,,10,ecg_diagnosis_deID_2014_chunk73.txt
ecg_diagnosis_input_2008_chunk66.txt,,,10,ecg_diagnosis_deID_2008_chunk66.txt
ecg_diagnosis_input_1991_chunk22.txt,,,10,ecg_diagnosis_deID_1991_chunk22.txt
ecg_diagnosis_input_2011_chunk256.txt,,,10,ecg_diagnosis_deID_2011_chunk256.txt
ecg_diagnosis_input_2017_chunk457.txt,,,10,ecg_diagnosis_deID_2017_chunk457.txt
ecg_diagnosis_input_2007_chunk8.txt,,,10,ecg_diagnosis_deID_2007_chunk8.txt
ecg_diagnosis_input_2017_chunk331.txt,,,10,ecg_diagnosis_deID_2017_chunk331.txt
ecg_diagnosis_input_2005_chunk250.txt,,,10,ecg_diagnosis_deID_2005_chunk250.txt
ecg_diagnosis_input_2010_chunk133.txt,,,10,ecg_diagnosis_deID_2010_chunk133.txt
ecg_diagnosis_input_2015_chunk289.txt,,,10,ecg_diagnosis_deID_2015_chunk289.txt
ecg_diagnosis_input_2020_chunk491.txt,,,10,ecg_diagnosis_deID_2020_chunk491.txt
ecg_diagnosis_input_1984_chunk1.txt,,,10,ecg_diagnosis_deID_1984_chunk1.txt
ecg_diagnosis_input_2010_chunk127.txt,,,10,ecg_diagnosis_deID_2010_chunk127.txt
ecg_diagnosis_input_2020_chunk485.txt,,,10,ecg_diagnosis_deID_2020_chunk485.txt
ecg_diagnosis_input_2017_chunk325.txt,,,10,ecg_diagnosis_deID_2017_chunk325.txt
ecg_diagnosis_input_2005_chunk244.txt,,,10,ecg_diagnosis_deID_2005_chunk244.txt
ecg_diagnosis_input_1995_chunk3.txt,,,10,ecg_diagnosis_deID_1995_chunk3.txt
ecg_diagnosis_input_2020_chunk38.txt,,,10,ecg_diagnosis_deID_2020_chunk38.txt
ecg_diagnosis_input_2011_chunk242.txt,,,10,ecg_diagnosis_deID_2011_chunk242.txt
ecg_diagnosis_input_2017_chunk443.txt,,,10,ecg_diagnosis_deID_2017_chunk443.txt
ecg_diagnosis_input_2014_chunk67.txt,,,10,ecg_diagnosis_deID_2014_chunk67.txt
ecg_diagnosis_input_2004_chunk121.txt,,,10,ecg_diagnosis_deID_2004_chunk121.txt
ecg_diagnosis_input_2008_chunk72.txt,,,10,ecg_diagnosis_deID_2008_chunk72.txt
ecg_diagnosis_input_1991_chunk36.txt,,,10,ecg_diagnosis_deID_1991_chunk36.txt
ecg_diagnosis_input_2022_chunk273.txt,,,10,ecg_diagnosis_deID_2022_chunk273.txt
ecg_diagnosis_input_2013_chunk80.txt,,,10,ecg_diagnosis_deID_2013_chunk80.txt
ecg_diagnosis_input_2020_chunk10.txt,,,10,ecg_diagnosis_deID_2020_chunk10.txt
ecg_diagnosis_input_2019_chunk33.txt,,,10,ecg_diagnosis_deID_2019_chunk33.txt
ecg_diagnosis_input_2004_chunk109.txt,,,10,ecg_diagnosis_deID_2004_chunk109.txt
ecg_diagnosis_input_2005_chunk26.txt,,,10,ecg_diagnosis_deID_2005_chunk26.txt
ecg_diagnosis_input_2017_chunk319.txt,,,10,ecg_diagnosis_deID_2017_chunk319.txt
ecg_diagnosis_input_2019_chunk27.txt,,,10,ecg_diagnosis_deID_2019_chunk27.txt
ecg_diagnosis_input_2005_chunk32.txt,,,10,ecg_diagnosis_deID_2005_chunk32.txt
ecg_diagnosis_input_2022_chunk267.txt,,,10,ecg_diagnosis_deID_2022_chunk267.txt
ecg_diagnosis_input_2013_chunk94.txt,,,10,ecg_diagnosis_deID_2013_chunk94.txt
ecg_diagnosis_input_2011_chunk295.txt,,,10,ecg_diagnosis_deID_2011_chunk295.txt
ecg_diagnosis_input_2017_chunk494.txt,,,10,ecg_diagnosis_deID_2017_chunk494.txt
ecg_diagnosis_input_2002_chunk16.txt,,,10,ecg_diagnosis_deID_2002_chunk16.txt
ecg_diagnosis_input_2018_chunk403.txt,,,10,ecg_diagnosis_deID_2018_chunk403.txt
ecg_diagnosis_input_1987_chunk47.txt,,,10,ecg_diagnosis_deID_1987_chunk47.txt
ecg_diagnosis_input_2020_chunk334.txt,,,10,ecg_diagnosis_deID_2020_chunk334.txt
ecg_diagnosis_input_2020_chunk452.txt,,,10,ecg_diagnosis_deID_2020_chunk452.txt
ecg_diagnosis_input_2018_chunk365.txt,,,10,ecg_diagnosis_deID_2018_chunk365.txt
ecg_diagnosis_input_2000_chunk129.txt,,,10,ecg_diagnosis_deID_2000_chunk129.txt
ecg_diagnosis_input_2018_chunk371.txt,,,10,ecg_diagnosis_deID_2018_chunk371.txt
ecg_diagnosis_input_2020_chunk446.txt,,,10,ecg_diagnosis_deID_2020_chunk446.txt
ecg_diagnosis_input_2013_chunk339.txt,,,10,ecg_diagnosis_deID_2013_chunk339.txt
ecg_diagnosis_input_2020_chunk320.txt,,,10,ecg_diagnosis_deID_2020_chunk320.txt
ecg_diagnosis_input_2011_chunk281.txt,,,10,ecg_diagnosis_deID_2011_chunk281.txt
ecg_diagnosis_input_2017_chunk480.txt,,,10,ecg_diagnosis_deID_2017_chunk480.txt
ecg_diagnosis_input_2018_chunk417.txt,,,10,ecg_diagnosis_deID_2018_chunk417.txt
ecg_diagnosis_input_2022_chunk298.txt,,,10,ecg_diagnosis_deID_2022_chunk298.txt
ecg_diagnosis_input_1987_chunk53.txt,,,10,ecg_diagnosis_deID_1987_chunk53.txt
ecg_diagnosis_input_2013_chunk311.txt,,,10,ecg_diagnosis_deID_2013_chunk311.txt
ecg_diagnosis_input_2008_chunk99.txt,,,10,ecg_diagnosis_deID_2008_chunk99.txt
ecg_diagnosis_input_1994_chunk117.txt,,,10,ecg_diagnosis_deID_1994_chunk117.txt
ecg_diagnosis_input_2020_chunk308.txt,,,10,ecg_diagnosis_deID_2020_chunk308.txt
ecg_diagnosis_input_2014_chunk113.txt,,,10,ecg_diagnosis_deID_2014_chunk113.txt
ecg_diagnosis_input_1996_chunk12.txt,,,10,ecg_diagnosis_deID_1996_chunk12.txt
ecg_diagnosis_input_2013_chunk43.txt,,,10,ecg_diagnosis_deID_2013_chunk43.txt
ecg_diagnosis_input_2018_chunk359.txt,,,10,ecg_diagnosis_deID_2018_chunk359.txt
ecg_diagnosis_input_2000_chunk115.txt,,,10,ecg_diagnosis_deID_2000_chunk115.txt
ecg_diagnosis_input_2007_chunk317.txt,,,10,ecg_diagnosis_deID_2007_chunk317.txt
ecg_diagnosis_input_2015_chunk276.txt,,,10,ecg_diagnosis_deID_2015_chunk276.txt
ecg_diagnosis_input_2007_chunk303.txt,,,10,ecg_diagnosis_deID_2007_chunk303.txt
ecg_diagnosis_input_2015_chunk262.txt,,,10,ecg_diagnosis_deID_2015_chunk262.txt
ecg_diagnosis_input_2000_chunk101.txt,,,10,ecg_diagnosis_deID_2000_chunk101.txt
ecg_diagnosis_input_2014_chunk107.txt,,,10,ecg_diagnosis_deID_2014_chunk107.txt
ecg_diagnosis_input_2013_chunk57.txt,,,10,ecg_diagnosis_deID_2013_chunk57.txt
ecg_diagnosis_input_2014_chunk98.txt,,,10,ecg_diagnosis_deID_2014_chunk98.txt
ecg_diagnosis_input_2013_chunk305.txt,,,10,ecg_diagnosis_deID_2013_chunk305.txt
ecg_diagnosis_input_1994_chunk103.txt,,,10,ecg_diagnosis_deID_1994_chunk103.txt
ecg_diagnosis_input_2016_chunk120.txt,,,10,ecg_diagnosis_deID_2016_chunk120.txt
ecg_diagnosis_input_2011_chunk89.txt,,,10,ecg_diagnosis_deID_2011_chunk89.txt
ecg_diagnosis_input_2022_chunk19.txt,,,10,ecg_diagnosis_deID_2022_chunk19.txt
ecg_diagnosis_input_2020_chunk283.txt,,,10,ecg_diagnosis_deID_2020_chunk283.txt
ecg_diagnosis_input_1993_chunk17.txt,,,10,ecg_diagnosis_deID_1993_chunk17.txt
ecg_diagnosis_input_2011_chunk322.txt,,,10,ecg_diagnosis_deID_2011_chunk322.txt
ecg_diagnosis_input_2016_chunk46.txt,,,10,ecg_diagnosis_deID_2016_chunk46.txt
ecg_diagnosis_input_1996_chunk124.txt,,,10,ecg_diagnosis_deID_1996_chunk124.txt
ecg_diagnosis_input_1989_chunk2.txt,,,10,ecg_diagnosis_deID_1989_chunk2.txt
ecg_diagnosis_input_1993_chunk8.txt,,,10,ecg_diagnosis_deID_1993_chunk8.txt
ecg_diagnosis_input_2017_chunk245.txt,,,10,ecg_diagnosis_deID_2017_chunk245.txt
ecg_diagnosis_input_2002_chunk126.txt,,,10,ecg_diagnosis_deID_2002_chunk126.txt
ecg_diagnosis_input_2002_chunk132.txt,,,10,ecg_diagnosis_deID_2002_chunk132.txt
ecg_diagnosis_input_2007_chunk288.txt,,,10,ecg_diagnosis_deID_2007_chunk288.txt
ecg_diagnosis_input_2017_chunk251.txt,,,10,ecg_diagnosis_deID_2017_chunk251.txt
ecg_diagnosis_input_2016_chunk52.txt,,,10,ecg_diagnosis_deID_2016_chunk52.txt
ecg_diagnosis_input_2011_chunk336.txt,,,10,ecg_diagnosis_deID_2011_chunk336.txt
ecg_diagnosis_input_2001_chunk3.txt,,,10,ecg_diagnosis_deID_2001_chunk3.txt
ecg_diagnosis_input_1996_chunk130.txt,,,10,ecg_diagnosis_deID_1996_chunk130.txt
ecg_diagnosis_input_2016_chunk134.txt,,,10,ecg_diagnosis_deID_2016_chunk134.txt
ecg_diagnosis_input_2010_chunk1.txt,,,10,ecg_diagnosis_deID_2010_chunk1.txt
ecg_diagnosis_input_2020_chunk297.txt,,,10,ecg_diagnosis_deID_2020_chunk297.txt
ecg_diagnosis_input_2007_chunk13.txt,,,10,ecg_diagnosis_deID_2007_chunk13.txt
ecg_diagnosis_input_1982_chunk42.txt,,,10,ecg_diagnosis_deID_1982_chunk42.txt
ecg_diagnosis_input_1996_chunk118.txt,,,10,ecg_diagnosis_deID_1996_chunk118.txt
ecg_diagnosis_input_2022_chunk307.txt,,,10,ecg_diagnosis_deID_2022_chunk307.txt
ecg_diagnosis_input_2009_chunk152.txt,,,10,ecg_diagnosis_deID_2009_chunk152.txt
ecg_diagnosis_input_2022_chunk25.txt,,,10,ecg_diagnosis_deID_2022_chunk25.txt
ecg_diagnosis_input_1999_chunk98.txt,,,10,ecg_diagnosis_deID_1999_chunk98.txt
ecg_diagnosis_input_2008_chunk237.txt,,,10,ecg_diagnosis_deID_2008_chunk237.txt
ecg_diagnosis_input_2017_chunk279.txt,,,10,ecg_diagnosis_deID_2017_chunk279.txt
ecg_diagnosis_input_2008_chunk223.txt,,,10,ecg_diagnosis_deID_2008_chunk223.txt
ecg_diagnosis_input_2016_chunk108.txt,,,10,ecg_diagnosis_deID_2016_chunk108.txt
ecg_diagnosis_input_2022_chunk31.txt,,,10,ecg_diagnosis_deID_2022_chunk31.txt
ecg_diagnosis_input_2022_chunk313.txt,,,10,ecg_diagnosis_deID_2022_chunk313.txt
ecg_diagnosis_input_2009_chunk146.txt,,,10,ecg_diagnosis_deID_2009_chunk146.txt
ecg_diagnosis_input_2021_chunk643.txt,,,10,ecg_diagnosis_deID_2021_chunk643.txt
ecg_diagnosis_input_2016_chunk85.txt,,,10,ecg_diagnosis_deID_2016_chunk85.txt
ecg_diagnosis_input_2020_chunk240.txt,,,10,ecg_diagnosis_deID_2020_chunk240.txt
ecg_diagnosis_input_1999_chunk67.txt,,,10,ecg_diagnosis_deID_1999_chunk67.txt
ecg_diagnosis_input_2000_chunk23.txt,,,10,ecg_diagnosis_deID_2000_chunk23.txt
ecg_diagnosis_input_2019_chunk174.txt,,,10,ecg_diagnosis_deID_2019_chunk174.txt
ecg_diagnosis_input_2013_chunk259.txt,,,10,ecg_diagnosis_deID_2013_chunk259.txt
ecg_diagnosis_input_2020_chunk526.txt,,,10,ecg_diagnosis_deID_2020_chunk526.txt
ecg_diagnosis_input_2017_chunk286.txt,,,10,ecg_diagnosis_deID_2017_chunk286.txt
ecg_diagnosis_input_2018_chunk211.txt,,,10,ecg_diagnosis_deID_2018_chunk211.txt
ecg_diagnosis_input_2021_chunk125.txt,,,10,ecg_diagnosis_deID_2021_chunk125.txt
ecg_diagnosis_input_2017_chunk292.txt,,,10,ecg_diagnosis_deID_2017_chunk292.txt
ecg_diagnosis_input_2012_chunk128.txt,,,10,ecg_diagnosis_deID_2012_chunk128.txt
ecg_diagnosis_input_2018_chunk205.txt,,,10,ecg_diagnosis_deID_2018_chunk205.txt
ecg_diagnosis_input_2021_chunk131.txt,,,10,ecg_diagnosis_deID_2021_chunk131.txt
ecg_diagnosis_input_2020_chunk532.txt,,,10,ecg_diagnosis_deID_2020_chunk532.txt
ecg_diagnosis_input_2020_chunk254.txt,,,10,ecg_diagnosis_deID_2020_chunk254.txt
ecg_diagnosis_input_1999_chunk73.txt,,,10,ecg_diagnosis_deID_1999_chunk73.txt
ecg_diagnosis_input_2000_chunk37.txt,,,10,ecg_diagnosis_deID_2000_chunk37.txt
ecg_diagnosis_input_2019_chunk160.txt,,,10,ecg_diagnosis_deID_2019_chunk160.txt
ecg_diagnosis_input_2021_chunk657.txt,,,10,ecg_diagnosis_deID_2021_chunk657.txt
ecg_diagnosis_input_2016_chunk91.txt,,,10,ecg_diagnosis_deID_2016_chunk91.txt
ecg_diagnosis_input_1988_chunk32.txt,,,10,ecg_diagnosis_deID_1988_chunk32.txt
ecg_diagnosis_input_2011_chunk76.txt,,,10,ecg_diagnosis_deID_2011_chunk76.txt
ecg_diagnosis_input_2019_chunk148.txt,,,10,ecg_diagnosis_deID_2019_chunk148.txt
ecg_diagnosis_input_1994_chunk27.txt,,,10,ecg_diagnosis_deID_1994_chunk27.txt
ecg_diagnosis_input_2013_chunk265.txt,,,10,ecg_diagnosis_deID_2013_chunk265.txt
ecg_diagnosis_input_2009_chunk191.txt,,,10,ecg_diagnosis_deID_2009_chunk191.txt
ecg_diagnosis_input_2006_chunk106.txt,,,10,ecg_diagnosis_deID_2006_chunk106.txt
ecg_diagnosis_input_2012_chunk100.txt,,,10,ecg_diagnosis_deID_2012_chunk100.txt
ecg_diagnosis_input_2021_chunk119.txt,,,10,ecg_diagnosis_deID_2021_chunk119.txt
ecg_diagnosis_input_2015_chunk302.txt,,,10,ecg_diagnosis_deID_2015_chunk302.txt
ecg_diagnosis_input_2007_chunk263.txt,,,10,ecg_diagnosis_deID_2007_chunk263.txt
ecg_diagnosis_input_1992_chunk104.txt,,,10,ecg_diagnosis_deID_1992_chunk104.txt
ecg_diagnosis_input_2015_chunk316.txt,,,10,ecg_diagnosis_deID_2015_chunk316.txt
ecg_diagnosis_input_2007_chunk277.txt,,,10,ecg_diagnosis_deID_2007_chunk277.txt
ecg_diagnosis_input_2012_chunk114.txt,,,10,ecg_diagnosis_deID_2012_chunk114.txt
ecg_diagnosis_input_2018_chunk239.txt,,,10,ecg_diagnosis_deID_2018_chunk239.txt
ecg_diagnosis_input_2009_chunk185.txt,,,10,ecg_diagnosis_deID_2009_chunk185.txt
ecg_diagnosis_input_1999_chunk158.txt,,,10,ecg_diagnosis_deID_1999_chunk158.txt
ecg_diagnosis_input_2006_chunk112.txt,,,10,ecg_diagnosis_deID_2006_chunk112.txt
ecg_diagnosis_input_1988_chunk26.txt,,,10,ecg_diagnosis_deID_1988_chunk26.txt
ecg_diagnosis_input_2020_chunk268.txt,,,10,ecg_diagnosis_deID_2020_chunk268.txt
ecg_diagnosis_input_2011_chunk62.txt,,,10,ecg_diagnosis_deID_2011_chunk62.txt
ecg_diagnosis_input_1994_chunk33.txt,,,10,ecg_diagnosis_deID_1994_chunk33.txt
ecg_diagnosis_input_2013_chunk271.txt,,,10,ecg_diagnosis_deID_2013_chunk271.txt
ecg_diagnosis_input_2016_chunk444.txt,,,10,ecg_diagnosis_deID_2016_chunk444.txt
ecg_diagnosis_input_2010_chunk245.txt,,,10,ecg_diagnosis_deID_2010_chunk245.txt
ecg_diagnosis_input_1997_chunk97.txt,,,10,ecg_diagnosis_deID_1997_chunk97.txt
ecg_diagnosis_input_2021_chunk56.txt,,,10,ecg_diagnosis_deID_2021_chunk56.txt
ecg_diagnosis_input_2018_chunk75.txt,,,10,ecg_diagnosis_deID_2018_chunk75.txt
ecg_diagnosis_input_1990_chunk58.txt,,,10,ecg_diagnosis_deID_1990_chunk58.txt
ecg_diagnosis_input_2004_chunk60.txt,,,10,ecg_diagnosis_deID_2004_chunk60.txt
ecg_diagnosis_input_2005_chunk126.txt,,,10,ecg_diagnosis_deID_2005_chunk126.txt
ecg_diagnosis_input_2022_chunk139.txt,,,10,ecg_diagnosis_deID_2022_chunk139.txt
ecg_diagnosis_input_2021_chunk482.txt,,,10,ecg_diagnosis_deID_2021_chunk482.txt
ecg_diagnosis_input_2011_chunk120.txt,,,10,ecg_diagnosis_deID_2011_chunk120.txt
ecg_diagnosis_input_2004_chunk243.txt,,,10,ecg_diagnosis_deID_2004_chunk243.txt
ecg_diagnosis_input_2016_chunk322.txt,,,10,ecg_diagnosis_deID_2016_chunk322.txt
ecg_diagnosis_input_2004_chunk257.txt,,,10,ecg_diagnosis_deID_2004_chunk257.txt
ecg_diagnosis_input_2016_chunk336.txt,,,10,ecg_diagnosis_deID_2016_chunk336.txt
ecg_diagnosis_input_2021_chunk496.txt,,,10,ecg_diagnosis_deID_2021_chunk496.txt
ecg_diagnosis_input_2011_chunk134.txt,,,10,ecg_diagnosis_deID_2011_chunk134.txt
ecg_diagnosis_input_2018_chunk61.txt,,,10,ecg_diagnosis_deID_2018_chunk61.txt
ecg_diagnosis_input_2005_chunk132.txt,,,10,ecg_diagnosis_deID_2005_chunk132.txt
ecg_diagnosis_input_2004_chunk74.txt,,,10,ecg_diagnosis_deID_2004_chunk74.txt
ecg_diagnosis_input_2016_chunk450.txt,,,10,ecg_diagnosis_deID_2016_chunk450.txt
ecg_diagnosis_input_2010_chunk251.txt,,,10,ecg_diagnosis_deID_2010_chunk251.txt
ecg_diagnosis_input_1997_chunk83.txt,,,10,ecg_diagnosis_deID_1997_chunk83.txt
ecg_diagnosis_input_2021_chunk42.txt,,,10,ecg_diagnosis_deID_2021_chunk42.txt
ecg_diagnosis_input_2018_chunk49.txt,,,10,ecg_diagnosis_deID_2018_chunk49.txt
ecg_diagnosis_input_2015_chunk35.txt,,,10,ecg_diagnosis_deID_2015_chunk35.txt
ecg_diagnosis_input_1990_chunk64.txt,,,10,ecg_diagnosis_deID_1990_chunk64.txt
ecg_diagnosis_input_2009_chunk20.txt,,,10,ecg_diagnosis_deID_2009_chunk20.txt
ecg_diagnosis_input_2010_chunk279.txt,,,10,ecg_diagnosis_deID_2010_chunk279.txt
ecg_diagnosis_input_2003_chunk93.txt,,,10,ecg_diagnosis_deID_2003_chunk93.txt
ecg_diagnosis_input_2019_chunk389.txt,,,10,ecg_diagnosis_deID_2019_chunk389.txt
ecg_diagnosis_input_2009_chunk350.txt,,,10,ecg_diagnosis_deID_2009_chunk350.txt
ecg_diagnosis_input_2022_chunk105.txt,,,10,ecg_diagnosis_deID_2022_chunk105.txt
ecg_diagnosis_input_2009_chunk344.txt,,,10,ecg_diagnosis_deID_2009_chunk344.txt
ecg_diagnosis_input_2022_chunk111.txt,,,10,ecg_diagnosis_deID_2022_chunk111.txt
ecg_diagnosis_input_2011_chunk108.txt,,,10,ecg_diagnosis_deID_2011_chunk108.txt
ecg_diagnosis_input_2003_chunk87.txt,,,10,ecg_diagnosis_deID_2003_chunk87.txt
ecg_diagnosis_input_2015_chunk21.txt,,,10,ecg_diagnosis_deID_2015_chunk21.txt
ecg_diagnosis_input_2004_chunk48.txt,,,10,ecg_diagnosis_deID_2004_chunk48.txt
ecg_diagnosis_input_1990_chunk70.txt,,,10,ecg_diagnosis_deID_1990_chunk70.txt
ecg_diagnosis_input_2009_chunk34.txt,,,10,ecg_diagnosis_deID_2009_chunk34.txt
ecg_diagnosis_input_1995_chunk138.txt,,,10,ecg_diagnosis_deID_1995_chunk138.txt
ecg_diagnosis_input_2021_chunk327.txt,,,10,ecg_diagnosis_deID_2021_chunk327.txt
ecg_diagnosis_input_2009_chunk5.txt,,,10,ecg_diagnosis_deID_2009_chunk5.txt
ecg_diagnosis_input_1997_chunk54.txt,,,10,ecg_diagnosis_deID_1997_chunk54.txt
ecg_diagnosis_input_2018_chunk7.txt,,,10,ecg_diagnosis_deID_2018_chunk7.txt
ecg_diagnosis_input_2019_chunk410.txt,,,10,ecg_diagnosis_deID_2019_chunk410.txt
ecg_diagnosis_input_2021_chunk95.txt,,,10,ecg_diagnosis_deID_2021_chunk95.txt
ecg_diagnosis_input_2010_chunk286.txt,,,10,ecg_diagnosis_deID_2010_chunk286.txt
ecg_diagnosis_input_2019_chunk376.txt,,,10,ecg_diagnosis_deID_2019_chunk376.txt
ecg_diagnosis_input_2014_chunk259.txt,,,10,ecg_diagnosis_deID_2014_chunk259.txt
ecg_diagnosis_input_2021_chunk441.txt,,,10,ecg_diagnosis_deID_2021_chunk441.txt
ecg_diagnosis_input_1981_chunk4.txt,,,10,ecg_diagnosis_deID_1981_chunk4.txt
ecg_diagnosis_input_2021_chunk455.txt,,,10,ecg_diagnosis_deID_2021_chunk455.txt
ecg_diagnosis_input_2019_chunk362.txt,,,10,ecg_diagnosis_deID_2019_chunk362.txt
ecg_diagnosis_input_1990_chunk6.txt,,,10,ecg_diagnosis_deID_1990_chunk6.txt
ecg_diagnosis_input_2003_chunk78.txt,,,10,ecg_diagnosis_deID_2003_chunk78.txt
ecg_diagnosis_input_1997_chunk40.txt,,,10,ecg_diagnosis_deID_1997_chunk40.txt
ecg_diagnosis_input_2019_chunk404.txt,,,10,ecg_diagnosis_deID_2019_chunk404.txt
ecg_diagnosis_input_1986_chunk29.txt,,,10,ecg_diagnosis_deID_1986_chunk29.txt
ecg_diagnosis_input_2012_chunk11.txt,,,10,ecg_diagnosis_deID_2012_chunk11.txt
ecg_diagnosis_input_2021_chunk81.txt,,,10,ecg_diagnosis_deID_2021_chunk81.txt
ecg_diagnosis_input_2015_chunk128.txt,,,10,ecg_diagnosis_deID_2015_chunk128.txt
ecg_diagnosis_input_2010_chunk292.txt,,,10,ecg_diagnosis_deID_2010_chunk292.txt
ecg_diagnosis_input_2021_chunk333.txt,,,10,ecg_diagnosis_deID_2021_chunk333.txt
ecg_diagnosis_input_1997_chunk68.txt,,,10,ecg_diagnosis_deID_1997_chunk68.txt
ecg_diagnosis_input_2003_chunk50.txt,,,10,ecg_diagnosis_deID_2003_chunk50.txt
ecg_diagnosis_input_2012_chunk39.txt,,,10,ecg_diagnosis_deID_2012_chunk39.txt
ecg_diagnosis_input_2015_chunk100.txt,,,10,ecg_diagnosis_deID_2015_chunk100.txt
ecg_diagnosis_input_1995_chunk104.txt,,,10,ecg_diagnosis_deID_1995_chunk104.txt
ecg_diagnosis_input_2012_chunk302.txt,,,10,ecg_diagnosis_deID_2012_chunk302.txt
ecg_diagnosis_input_2014_chunk265.txt,,,10,ecg_diagnosis_deID_2014_chunk265.txt
ecg_diagnosis_input_2001_chunk106.txt,,,10,ecg_diagnosis_deID_2001_chunk106.txt
ecg_diagnosis_input_2001_chunk112.txt,,,11,ecg_diagnosis_deID_2001_chunk112.txt
ecg_diagnosis_input_2014_chunk271.txt,,,11,ecg_diagnosis_deID_2014_chunk271.txt
ecg_diagnosis_input_2021_chunk469.txt,,,11,ecg_diagnosis_deID_2021_chunk469.txt
ecg_diagnosis_input_1995_chunk110.txt,,,11,ecg_diagnosis_deID_1995_chunk110.txt
ecg_diagnosis_input_2012_chunk316.txt,,,11,ecg_diagnosis_deID_2012_chunk316.txt
ecg_diagnosis_input_2003_chunk44.txt,,,11,ecg_diagnosis_deID_2003_chunk44.txt
ecg_diagnosis_input_1986_chunk15.txt,,,11,ecg_diagnosis_deID_1986_chunk15.txt
ecg_diagnosis_input_2019_chunk438.txt,,,11,ecg_diagnosis_deID_2019_chunk438.txt
ecg_diagnosis_input_2015_chunk114.txt,,,11,ecg_diagnosis_deID_2015_chunk114.txt